lowerPitch,upperPitch,velocity,levelJumpDb,centroidRatio,centroidComparable,above2kDelta,lateDecayDeltaDb,inharmonicityDelta,spectralSpreadRatio,stereoPanDelta,stereoWidthDelta,hardFailures
21,22,14,0.0964,2.0691,false,0.000026,0.5816,0.001601,1.6213,0.000607,0.00085,
21,22,31,0.0112,1.1219,false,0.000005,0.4993,0.001541,1.0857,0.000697,0.000988,
21,22,36,0.0229,1.0434,false,0.000003,0.4961,0.001541,1.0171,0.000713,0.001013,
21,22,40,0.0266,1.543,false,0.000091,0.4999,0.001499,1.2657,0.000731,0.001036,
21,22,45,0.7845,1.2528,false,0.000008,1.318,0.001528,1.1714,0.000749,0.001063,
21,22,49,0.786,1.0831,false,0.000007,1.3278,0.001554,1.0569,0.000747,0.001071,
21,22,54,0.7873,1.2017,false,0.000006,1.3362,0.001508,1.148,0.000763,0.001082,
21,22,61,0.4853,1.0975,false,0.000003,1.0283,0.001466,1.075,0.00074,0.001066,
21,22,69,0.4811,1.1045,false,0.000008,1.0303,0.001434,1.0804,0.000755,0.001071,
21,22,77,0.4786,1.0064,false,0,1.0292,0.001439,1.0009,0.000755,0.001065,
21,22,85,0.4756,1.4181,false,0.000017,1.0254,0.00144,1.3379,0.000737,0.001039,
21,22,93,0.4734,2.1409,false,0.000063,1.0202,0.001441,1.8399,0.000713,0.001008,
21,22,101,0.4679,2.2811,false,0.000114,1.0114,0.001398,1.7889,0.0007,0.000985,
21,22,109,0.4659,1.0604,false,0.000001,1.0046,0.00143,1.057,0.000671,0.000948,
21,22,117,0.4632,1.1429,false,0.000005,1,0.001426,1.1558,0.000663,0.000935,
21,22,124,0.4615,1.1713,false,0.000012,0.9951,0.001422,1.1949,0.000658,0.000928,
22,23,14,0.6201,1.029,false,0.000001,0.8451,0.000586,1.0172,0.000287,0.00041,
22,23,31,0.6427,1.3419,false,0.000008,0.9241,0.000589,1.2533,0.000317,0.000455,
22,23,36,0.6517,1.4117,false,0.000009,0.9537,0.000589,1.302,0.000318,0.000458,
22,23,40,0.6613,2.7601,false,0.000129,0.9813,0.000598,1.8509,0.000316,0.000458,
22,23,45,0.6668,1.2449,false,0.000009,1.008,0.000583,1.1658,0.000324,0.000469,
22,23,49,0.6739,1.2419,false,0.000011,1.0328,0.000586,1.1552,0.000333,0.000476,
22,23,54,0.6819,1.0397,false,0.000003,1.0624,0.000597,1.0253,0.000331,0.000478,
22,23,61,0.3131,1.0341,false,0.000002,1.1356,0.00062,1.0266,0.000334,0.000488,
22,23,69,0.3471,1.0944,false,0.000008,1.1699,0.000619,1.0771,0.000334,0.000488,
22,23,77,0.3722,1.0424,false,0.000003,1.1949,0.000631,1.0328,0.000367,0.000509,
22,23,85,0.3883,1.3139,false,0.000015,1.21,0.00062,1.248,0.000359,0.00052,
22,23,93,0.399,1.1318,false,0.000004,1.2204,0.000623,1.1411,0.000368,0.000533,
22,23,101,0.4029,2.2019,false,0.000113,1.224,0.000649,1.7392,0.000372,0.00054,
22,23,109,0.4078,1.2169,false,0.000007,1.2277,0.000629,1.2159,0.000381,0.000549,
22,23,117,0.4106,1.1045,false,0.000002,1.23,0.000634,1.116,0.000381,0.000551,
22,23,124,0.4139,1.1331,false,0.000005,1.2324,0.000628,1.1513,0.000383,0.000556,
23,24,14,0.5147,2.9449,false,0.000051,0.2377,0.001147,1.9729,0.000164,0.000217,
23,24,31,0.4899,1.9616,false,0.000027,0.1892,0.001129,1.5853,0.000196,0.000257,
23,24,36,0.4799,2.529,false,0.000055,0.169,0.001146,1.8244,0.000197,0.000262,
23,24,40,0.4718,1.9805,false,0.000045,0.1529,0.00114,1.5484,0.000196,0.000261,
23,24,45,0.4627,1.2226,false,0.000005,0.1325,0.001135,1.1764,0.000208,0.000273,
23,24,49,0.4545,1.1566,false,0.000006,0.1147,0.001126,1.1274,0.000199,0.000252,
23,24,54,0.4448,1.606,false,0.000015,0.0943,0.001132,1.4921,0.000188,0.000243,
23,24,61,0.2343,1.8645,false,0.000012,0.2548,0.00115,2.032,0.000173,0.000225,
23,24,69,0.2401,1.6271,false,0.000012,0.2472,0.001145,1.7296,0.000151,0.000196,
23,24,77,0.2435,1.8045,false,0.000015,0.2411,0.001154,1.9679,0.000155,0.000178,
23,24,85,0.2471,1.5921,false,0.000007,0.2341,0.001143,1.8378,0.000117,0.000149,
23,24,93,0.2499,1.2186,false,0.000004,0.2283,0.001151,1.1813,0.000094,0.000122,
23,24,101,0.2522,1.3699,false,0.000008,0.223,0.001145,1.4214,0.000057,0.000067,
23,24,109,0.2537,1.5251,false,0.00001,0.2179,0.00115,1.6536,0.000026,0.000025,
23,24,117,0.2548,1.2292,false,0.000007,0.2149,0.001153,1.2768,0.000001,0,
23,24,124,0.2547,1.2199,false,0.000019,0.2116,0.001144,1.2647,0.000003,0.000014,
24,25,14,0.0702,1.0874,false,0.000016,0.3367,0.001145,1.0462,0.000231,0.000307,
24,25,31,0.0767,2.1049,false,0.000029,0.3328,0.00111,1.664,0.00034,0.00046,
24,25,36,0.0793,3.0604,false,0.000058,0.3296,0.001118,2.1783,0.000364,0.000494,
24,25,40,0.0805,2.2273,false,0.000049,0.3285,0.001105,1.6971,0.000368,0.0005,
24,25,45,0.0821,1.3104,false,0.000003,0.3264,0.001101,1.3081,0.000381,0.000522,
24,25,49,0.0837,2.0537,false,0.000004,0.3237,0.001086,2.7906,0.0004,0.000554,
24,25,54,0.0856,1.3903,false,0.000005,0.3213,0.00108,1.3458,0.000396,0.000552,
24,25,61,0.1178,1.0595,false,0,0.0903,0.001077,1.1269,0.000394,0.000548,
24,25,69,0.1457,1.0886,false,0.000001,0.0562,0.001066,1.1423,0.000404,0.000555,
24,25,77,0.1637,1.0147,false,0.000001,0.0332,0.001059,1.0189,0.000386,0.000532,
24,25,85,0.1741,1.0194,false,0.000001,0.0175,0.001051,1.0502,0.000363,0.000504,
24,25,93,0.1789,1.8658,false,0.00001,0.0076,0.001049,2.0802,0.000332,0.000457,
24,25,101,0.1801,1.1473,false,0.000001,0.0012,0.001033,1.2454,0.000306,0.000424,
24,25,109,0.1791,1.0194,false,0.000002,0.0031,0.001023,1.0256,0.000275,0.000381,
24,25,117,0.1809,1.1049,false,0.000004,0.0085,0.001017,1.1376,0.000275,0.000371,
24,25,124,0.1808,1.099,false,0.000012,0.0134,0.00102,1.1306,0.000268,0.000368,
25,26,14,0.7426,4.0639,false,0.000037,1.4566,0.000215,2.7736,0.000155,0.000209,
25,26,31,0.7384,3.0881,false,0.000064,1.4545,0.000222,2.0586,0.000242,0.000357,
25,26,36,0.7372,1.2074,false,0.000001,1.4528,0.000184,1.2228,0.000292,0.000404,
25,26,40,0.7359,1.4149,false,0.000004,1.4506,0.000182,1.3886,0.000321,0.000441,
25,26,45,0.7346,1.1042,false,0,1.4486,0.000181,1.1393,0.000344,0.00048,
25,26,49,0.7337,4.6773,false,0.000061,1.4476,0.000209,4.7992,0.000347,0.000494,
25,26,54,0.7313,1.4193,false,0.000013,1.4434,0.000168,1.2799,0.000379,0.000524,
25,26,61,0.0329,2.0124,false,0.000008,0.6043,0.00016,2.3283,0.000411,0.000569,
25,26,69,0.0388,1.0665,false,0.000003,0.5995,0.000146,1.085,0.00042,0.000586,
25,26,77,0.0439,1.0373,false,0.000003,0.5949,0.000141,1.0684,0.00042,0.000588,
25,26,85,0.049,1.0778,false,0.000002,0.5901,0.000135,1.1344,0.000413,0.000577,
25,26,93,0.0548,1.1262,false,0.000002,0.5845,0.000127,1.2257,0.000407,0.000572,
25,26,101,0.0612,1.0151,false,0.000003,0.5783,0.000119,1.0308,0.000401,0.000563,
25,26,109,0.0681,1.0018,false,0.000005,0.5714,0.000112,1.0066,0.000388,0.000545,
25,26,117,0.0704,1.2142,false,0.000002,0.5689,0.000107,1.2192,0.000392,0.00055,
25,26,124,0.0741,1.0913,false,0.00001,0.5647,0.00011,1.1132,0.000394,0.000553,
26,27,14,0.2575,5.5731,false,0.000074,0.8721,0.001599,3.2586,0.00023,0.000322,
26,27,31,0.4033,2.4959,false,0.000062,1.0223,0.001524,1.7458,0.000343,0.000462,
26,27,36,0.4427,1.0015,false,0,1.0632,0.001539,1.0001,0.000347,0.000491,
26,27,40,0.4697,1.1048,false,0.000001,1.0914,0.001534,1.1139,0.00036,0.000511,
26,27,45,0.4993,1.3537,false,0.000001,1.1227,0.001528,1.894,0.00037,0.000522,
26,27,49,0.5199,2.6831,false,0.000059,1.1451,0.00149,1.9972,0.000398,0.000551,
26,27,54,0.5391,2.8402,false,0.000019,1.1653,0.001524,3.008,0.000404,0.000573,
26,27,61,0.7094,1.2635,false,0.000005,1.3622,0.001528,1.2259,0.00042,0.000595,
26,27,69,0.7063,1.1594,false,0.000003,1.3541,0.001535,1.2308,0.000439,0.000626,
26,27,77,0.7034,1.0233,false,0.000003,1.3455,0.001534,1.0376,0.000452,0.000641,
26,27,85,0.7009,1.0414,false,0.000002,1.337,0.001532,1.0704,0.000465,0.000659,
26,27,93,0.698,1.0982,false,0.000002,1.3279,0.001532,1.1678,0.000473,0.000669,
26,27,101,0.6947,1.0031,false,0.000003,1.3183,0.001533,1.0083,0.000484,0.000687,
26,27,109,0.691,1.0552,false,0.000004,1.308,0.001532,1.0973,0.000497,0.000705,
26,27,117,0.6886,1.3788,false,0.000001,1.3039,0.001532,1.4198,0.000503,0.000713,
26,27,124,0.6848,1.0069,false,0.000004,1.3007,0.001533,1.0185,0.000505,0.000716,
27,28,14,0.4056,1.2014,false,0.000038,0.3458,0.001174,1.0912,0.000344,0.000496,
27,28,31,0.2108,1.092,false,0.000002,0.0476,0.001132,1.0608,0.00038,0.000536,
27,28,36,0.1588,2.2645,false,0.00001,0.0323,0.001114,1.9891,0.000381,0.000535,
27,28,40,0.1227,1.4061,false,0.000003,0.0874,0.001113,1.3373,0.000378,0.000533,
27,28,45,0.0839,1.5532,false,0.000001,0.1485,0.001106,2.2393,0.000373,0.00053,
27,28,49,0.0582,1.1791,false,0.000001,0.1889,0.001098,1.156,0.000375,0.000533,
27,28,54,0.0335,1.2921,false,0,0.2288,0.001096,1.5236,0.000375,0.000533,
27,28,61,0.0456,1.5657,false,0.000002,0.2608,0.001089,1.8848,0.000381,0.000549,
27,28,69,0.0463,1.0221,false,0.000001,0.259,0.001086,1.0181,0.000385,0.000551,
27,28,77,0.0467,1.0754,false,0.000001,0.2575,0.001084,1.0972,0.000396,0.000569,
27,28,85,0.047,1.0523,false,0,0.2572,0.00108,1.1319,0.000408,0.000586,
27,28,93,0.0471,1.0217,false,0,0.2577,0.001077,1.0752,0.000421,0.000604,
27,28,101,0.0472,1.0033,false,0.000001,0.259,0.001075,1.0355,0.000433,0.000622,
27,28,109,0.0476,1.0338,false,0,0.2608,0.001071,1.0815,0.000445,0.000642,
27,28,117,0.0485,1.0082,false,0.000003,0.2628,0.00107,1.0084,0.000443,0.000639,
27,28,124,0.0514,1.0271,false,0.000012,0.2661,0.00107,1.0546,0.000452,0.000645,
28,29,14,0.308,7.5466,false,0.000113,0.0374,0.000214,4.2141,0.000668,0.000927,
28,29,31,0.2416,2.2468,false,0.000007,0.2027,0.000206,2.2601,0.000605,0.000855,
28,29,36,0.223,2.5012,false,0.00001,0.2447,0.000209,2.3178,0.000583,0.000827,
28,29,40,0.2097,2.2677,false,0.000004,0.2732,0.000207,2.9325,0.000572,0.000819,
28,29,45,0.1932,3.5102,false,0.000054,0.3071,0.000198,2.4719,0.00058,0.000821,
28,29,49,0.1846,1.8992,false,0.000026,0.3263,0.000214,1.5572,0.000564,0.0008,
28,29,54,0.1752,1.4018,false,0,0.3458,0.000204,1.8868,0.000558,0.000788,
28,29,61,0.3898,1.0038,false,0.000001,0.6631,0.000203,1.0444,0.000549,0.000776,
28,29,69,0.3562,1.3836,false,0,0.6342,0.000203,1.4925,0.000544,0.000769,
28,29,77,0.3328,1.136,false,0.000002,0.6132,0.000199,1.2031,0.000538,0.000762,
28,29,85,0.3142,1.0218,false,0,0.5968,0.000198,1.0748,0.000537,0.000762,
28,29,93,0.2997,1.0291,false,0,0.5841,0.000196,1.0905,0.000546,0.000773,
28,29,101,0.2881,1.0406,false,0.000001,0.574,0.000194,1.1053,0.000552,0.000781,
28,29,109,0.2778,1.0086,false,0.000001,0.5652,0.000192,1.0439,0.000559,0.000785,
28,29,117,0.2708,1.0337,false,0.000001,0.5608,0.000189,1.0242,0.000564,0.000794,
28,29,124,0.2626,1.0452,false,0.000006,0.5582,0.000183,1.0831,0.000564,0.000798,
29,30,14,0.3894,1.1271,false,0,0.616,0.000684,1.2143,0.000365,0.000523,
29,30,31,0.3967,1.3904,false,0.000001,0.5635,0.000649,1.5165,0.000315,0.000457,
29,30,36,0.398,1.4264,false,0.000001,0.5505,0.000642,1.5046,0.0003,0.000435,
29,30,40,0.3986,1.6645,false,0.000001,0.5415,0.000636,2.2352,0.000293,0.000416,
29,30,45,0.4016,3.4013,false,0.000053,0.5347,0.000639,2.4057,0.000269,0.000392,
29,30,49,0.4012,3.5954,false,0.000029,0.5277,0.000618,3.5756,0.000266,0.000385,
29,30,54,0.4017,1.557,false,0.000001,0.5217,0.000622,2.1315,0.000253,0.000368,
29,30,61,0.7536,1.2031,false,0,1.3324,0.000618,1.3541,0.000252,0.000363,
29,30,69,0.7282,1.5589,false,0.000016,1.3074,0.000614,1.4191,0.000236,0.000339,
29,30,77,0.7113,1.2926,false,0.000002,1.288,0.00061,1.4419,0.000228,0.000329,
29,30,85,0.6979,1.0583,false,0.000003,1.273,0.000607,1.1109,0.000228,0.000328,
29,30,93,0.687,1.0567,false,0.000003,1.2599,0.000605,1.1043,0.000219,0.000317,
29,30,101,0.677,1.0696,false,0.000005,1.2476,0.000602,1.1204,0.000218,0.000313,
29,30,109,0.6665,1.0024,false,0.000007,1.2345,0.000602,1,0.000214,0.000314,
29,30,117,0.66,1.004,false,0.000009,1.2274,0.000603,1.0084,0.0002,0.000308,
29,30,124,0.6528,1.0481,false,0.000014,1.2207,0.000608,1.0638,0.000211,0.0003,
30,31,14,0.1942,1.3271,false,0,0.2547,0.000257,1.5074,0.000446,0.000595,
30,31,31,0.2091,1.1023,false,0,0.2887,0.000241,1.113,0.000506,0.000684,
30,31,36,0.2122,1.0386,false,0,0.2927,0.000239,1.0326,0.000514,0.000697,
30,31,40,0.2143,2.5365,false,0.000022,0.2943,0.000241,1.9698,0.000524,0.000712,
30,31,45,0.217,1.2152,false,0.000001,0.2942,0.000236,1.2896,0.000544,0.000743,
30,31,49,0.219,1.1714,false,0,0.2929,0.000236,1.3379,0.000554,0.000757,
30,31,54,0.2215,5.1548,false,0.000218,0.2895,0.000229,2.93,0.000565,0.00077,
30,31,61,0.5266,1.0457,false,0.000002,0.8869,0.000236,1.0875,0.000584,0.000801,
30,31,69,0.5264,1.7213,false,0.000013,0.8834,0.000238,1.5831,0.000593,0.000816,
30,31,77,0.5272,1.068,false,0.000007,0.8766,0.00024,1.0597,0.000606,0.000837,
30,31,85,0.5275,1.6449,false,0.00001,0.8696,0.000241,1.7141,0.000619,0.000857,
30,31,93,0.5276,1.092,false,0.000004,0.862,0.000245,1.1978,0.00063,0.000874,
30,31,101,0.5262,1.345,false,0.000008,0.8527,0.00025,1.4988,0.000637,0.000884,
30,31,109,0.5255,1.4592,false,0.000014,0.8436,0.000252,1.5284,0.000654,0.000906,
30,31,117,0.5238,1.0328,false,0.000015,0.8392,0.000256,1.0276,0.000639,0.000911,
30,31,124,0.5223,1.0028,false,0.000022,0.8352,0.000259,1.0216,0.000661,0.000921,
31,32,14,0.0423,1.063,false,0,0.3687,0.000066,1.05,0.000436,0.000582,
31,32,31,0.0389,1.1083,false,0,0.2656,0.00007,1.1148,0.000508,0.000686,
31,32,36,0.0515,1.5746,false,0.000002,0.2492,0.00007,1.741,0.000531,0.000718,
31,32,40,0.0587,3.7386,false,0.000023,0.2388,0.000073,3.3734,0.000543,0.000735,
31,32,45,0.0665,1.2188,false,0.000001,0.2273,0.00007,1.2841,0.000559,0.000759,
31,32,49,0.0709,1.1594,false,0.000001,0.2203,0.000071,1.3461,0.000575,0.000783,
31,32,54,0.076,7.0587,false,0.000218,0.2122,0.000064,4.734,0.000586,0.000804,
31,32,61,0.0168,1.0935,false,0,0.4226,0.000072,1.177,0.00061,0.000834,
31,32,69,0.0139,1.0324,false,0.000002,0.4202,0.000073,1.0413,0.000636,0.000872,
31,32,77,0.0106,1.0416,false,0,0.4172,0.000073,1.0522,0.000659,0.000905,
31,32,85,0.0075,1.0527,false,0,0.4136,0.000068,1.0517,0.000687,0.000937,
31,32,93,0.0046,1.0671,false,0.000002,0.41,0.000071,1.1128,0.000701,0.000966,
31,32,101,0.0006,1.2315,false,0,0.405,0.000071,1.3316,0.00072,0.000996,
31,32,109,0.0024,1.4112,false,0.000002,0.4006,0.000069,1.501,0.000734,0.001026,
31,32,117,0.0046,1.1108,false,0.000002,0.3979,0.000071,1.1347,0.000751,0.00104,
31,32,124,0.006,1.0059,false,0.000001,0.3965,0.000069,1.0031,0.000755,0.001047,
32,33,14,0.453,1.0789,false,0.000001,1.2033,0.000395,1.0454,0.000229,0.000338,
32,33,31,0.3597,1.6743,false,0.000001,1.125,0.000377,2.321,0.000186,0.000278,
32,33,36,0.349,1.2361,false,0,1.1094,0.000375,1.8018,0.000164,0.000247,
32,33,40,0.3438,1.2059,false,0.000001,1.0981,0.000374,1.7889,0.000143,0.000217,
32,33,45,0.3399,1.1257,false,0.000001,1.0846,0.000372,1.1511,0.000115,0.000193,
32,33,49,0.3389,1.0818,false,0.000001,1.0747,0.000372,1.2531,0.000107,0.000167,
32,33,54,0.3384,1.061,false,0,1.0623,0.000371,1.1446,0.000088,0.000143,
32,33,61,0.5679,1.0539,false,0.000001,0.8176,0.000373,1.1124,0.000046,0.000081,
32,33,69,0.562,1.2496,false,0.000003,0.8179,0.000377,1.3479,0.000019,0.000045,
32,33,77,0.5559,1.3167,false,0.000003,0.8164,0.000377,1.4748,0.000016,0.000007,
32,33,85,0.5496,1.6853,false,0.000007,0.8146,0.000383,1.9336,0.00004,0.000047,
32,33,93,0.5427,1.0634,false,0.000003,0.8126,0.000385,1.1177,0.000105,0.000103,
32,33,101,0.5351,1.0661,false,0.000003,0.8102,0.00039,1.1091,0.000116,0.000147,
32,33,109,0.5264,1.0545,false,0.000005,0.8078,0.000398,1.074,0.000145,0.000188,
32,33,117,0.5211,1.1621,false,0.000007,0.8077,0.000407,1.2065,0.000155,0.000205,
32,33,124,0.5153,1.0055,false,0.000009,0.8118,0.000428,1.0234,0.000163,0.000216,
33,34,14,0.5064,1.0964,false,0,0.7579,0.000554,1.0547,0.001575,0.002139,
33,34,31,0.5487,1.1884,false,0,0.7868,0.00052,1.476,0.001701,0.002318,
33,34,36,0.5554,1.1657,false,0,0.7921,0.000513,1.5793,0.001735,0.002366,
33,34,40,0.5593,1.1349,false,0.000001,0.7952,0.000507,1.5179,0.00176,0.002402,
33,34,45,0.5627,1.297,false,0.000001,0.7977,0.000503,1.6604,0.001783,0.002449,
33,34,49,0.5645,1.1316,false,0,0.7987,0.000498,1.3419,0.001811,0.002472,
33,34,54,0.5657,1.11,false,0,0.7992,0.000494,1.2075,0.001842,0.002518,
33,34,61,0.3732,1.0731,false,0.000006,0.2836,0.00049,1.0865,0.001867,0.00255,
33,34,69,0.386,1.075,false,0.000031,0.2881,0.000483,1.0534,0.001897,0.002596,
33,34,77,0.3971,1.0931,false,0.000022,0.2921,0.00048,1.098,0.001922,0.002629,
33,34,85,0.4059,1.212,false,0.000017,0.2968,0.000477,1.311,0.001943,0.002659,
33,34,93,0.4128,1.6106,false,0.00002,0.3025,0.000474,1.8229,0.001934,0.002676,
33,34,101,0.4178,1.1288,false,0.000024,0.3085,0.00047,1.1544,0.001971,0.002697,
33,34,109,0.4207,1.0862,false,0.000038,0.315,0.000464,1.0665,0.001981,0.002714,
33,34,117,0.4209,1.1032,false,0.000061,0.3195,0.000455,1.078,0.001984,0.00272,
33,34,124,0.4194,1.0434,false,0.00011,0.3263,0.000437,1.0194,0.001986,0.002725,
34,35,14,0.146,1.137,false,0.000001,0.5804,0.000151,1.2489,0.002851,0.003822,
34,35,31,0.2199,1.0934,false,0.000001,0.6541,0.00015,1.2774,0.003008,0.004039,
34,35,36,0.2333,1.1084,false,0,0.6583,0.00015,1.4621,0.003032,0.004073,
34,35,40,0.2421,1.0412,false,0,0.6589,0.00015,1.214,0.003048,0.004095,
34,35,45,0.2514,1.0001,false,0.000003,0.6576,0.000149,1.0836,0.003062,0.004115,
34,35,49,0.2577,1.0466,false,0.000005,0.6556,0.000149,1.2491,0.003073,0.004132,
34,35,54,0.2644,1.0105,false,0.000009,0.6522,0.000149,1.1366,0.003078,0.004139,
34,35,61,0.1329,1.1068,false,0.000023,0.4398,0.000148,1.0883,0.003085,0.004152,
34,35,69,0.1146,1.1382,false,0.000088,0.4411,0.000149,1.0914,0.003084,0.004148,
34,35,77,0.1025,1.0771,false,0.000053,0.4408,0.000147,1.0081,0.003095,0.004142,
34,35,85,0.0936,1.046,false,0.000036,0.439,0.000147,1.1953,0.003047,0.004104,
34,35,93,0.0868,1.3863,false,0.000036,0.4355,0.000146,1.6566,0.003018,0.004064,
34,35,101,0.0816,1.036,false,0.000055,0.4309,0.000145,1.0569,0.002986,0.004026,
34,35,109,0.0772,1.0822,false,0.000085,0.4254,0.000144,1.0102,0.00295,0.003976,
34,35,117,0.0748,1.0735,false,0.000139,0.423,0.000145,1.009,0.002942,0.003964,
34,35,124,0.0722,1.1443,false,0.000243,0.421,0.000146,1.0804,0.002937,0.003957,
35,36,14,1.848,1.5029,false,0.000002,0.9311,0.000927,1.5619,0.003364,0.004346,
35,36,31,1.8044,1.1297,false,0.000001,0.9921,0.000851,1.2219,0.003586,0.004631,
35,36,36,1.789,1.4941,false,0.000001,0.9956,0.000836,2.2423,0.003618,0.004671,
35,36,40,1.7767,1.0192,false,0,0.9957,0.000826,1.0025,0.003635,0.004694,
35,36,45,1.7618,1.0951,false,0,0.9936,0.000816,1.2228,0.00365,0.004713,
35,36,49,1.7503,1.4676,false,0.000003,0.9906,0.000809,1.9955,0.003659,0.004723,
35,36,54,1.7364,1.069,false,0.000007,0.9859,0.000801,1.103,0.003664,0.004728,
35,36,61,0.8772,1.0743,false,0.000022,0.3249,0.000792,1.0717,0.00368,0.004737,
35,36,69,0.8496,1.0774,false,0.000064,0.3363,0.000786,1.0553,0.003718,0.004752,
35,36,77,0.8318,1.1154,false,0.000038,0.3493,0.000782,1.1281,0.003636,0.004688,
35,36,85,0.8164,1.1141,false,0.000023,0.3621,0.000779,1.1414,0.003615,0.004649,
35,36,93,0.8029,1.0888,false,0.000022,0.3741,0.000778,1.0981,0.003569,0.004595,
35,36,101,0.7914,1.0776,false,0.000031,0.3851,0.000778,1.0688,0.003528,0.004536,
35,36,109,0.7815,1.0758,false,0.000044,0.3947,0.000779,1.0577,0.00349,0.00448,
35,36,117,0.7743,1.0706,false,0.000061,0.3979,0.000779,1.0467,0.003489,0.004468,
35,36,124,0.7652,1.0628,false,0.000071,0.4,0.000779,1.0397,0.003507,0.00447,
36,37,14,0.0009,1.3053,false,0.000007,0.1395,0.001845,1.2173,0.005055,0.006263,
36,37,31,0.0492,1.8452,false,0.000006,0.1176,0.001691,2.0351,0.005528,0.006847,
36,37,36,0.0588,1.0418,false,0.000004,0.1116,0.00166,1.1246,0.005609,0.006949,
36,37,40,0.0643,1.4477,false,0.000002,0.107,0.00164,2.0299,0.005662,0.007013,
36,37,45,0.0686,1.1307,false,0.000001,0.1019,0.001617,1.247,0.005712,0.007075,
36,37,49,0.07,1.7884,false,0.000004,0.0981,0.001603,1.6843,0.005741,0.007113,
36,37,54,0.0694,1.3489,false,0.000002,0.0943,0.001588,1.5811,0.005771,0.007149,
36,37,61,0.0155,1.1129,false,0.000004,0.2965,0.001569,1.1759,0.005768,0.007147,
36,37,69,0.0123,1.1081,false,0.000018,0.2821,0.001556,1.1393,0.005744,0.007142,
36,37,77,0.0326,1.246,false,0.000023,0.2749,0.001549,1.3137,0.005763,0.007149,
36,37,85,0.0517,1.3187,false,0.000026,0.2706,0.001546,1.4086,0.005753,0.007132,
36,37,93,0.0696,1.076,false,0.000032,0.268,0.001546,1.082,0.005717,0.007084,
36,37,101,0.0854,1.3747,false,0.000048,0.2661,0.001547,1.474,0.005666,0.007026,
36,37,109,0.0978,1.0321,false,0.000073,0.2651,0.00155,1.0012,0.005605,0.006956,
36,37,117,0.0686,1.0323,false,0.000127,0.2659,0.001551,1.0116,0.005565,0.006909,
36,37,124,0.0731,1.0815,false,0.000239,0.2652,0.00155,1.0481,0.005555,0.006901,
37,38,14,0.5123,1.0056,false,0.000007,0.5435,0.000912,1.0407,0.007169,0.008513,
37,38,31,0.624,1.5506,false,0.000008,0.5825,0.00083,1.943,0.007797,0.00927,
37,38,36,0.6458,1.0759,false,0.000009,0.5914,0.000815,1.3717,0.007929,0.009427,
37,38,40,0.6595,1.0547,false,0.00001,0.5978,0.000806,1.0243,0.008016,0.009535,
37,38,45,0.672,1.1614,false,0.000008,0.6048,0.000794,1.1564,0.008112,0.00965,
37,38,49,0.6785,2.382,false,0.000005,0.61,0.000786,3.1546,0.008176,0.009725,
37,38,54,0.6823,1.2004,false,0.000004,0.6156,0.00078,1.3332,0.008245,0.009809,
37,38,61,0.2319,1.0891,false,0.00001,0.1047,0.00077,1.1772,0.008343,0.009948,
37,38,69,0.2381,1.1369,false,0.000002,0.0812,0.000764,1.2339,0.008365,0.009995,
37,38,77,0.2363,1.262,false,0.000007,0.0633,0.000761,1.4263,0.008428,0.010056,
37,38,85,0.2263,1.2796,false,0.000014,0.0512,0.00076,1.4581,0.008461,0.010087,
37,38,93,0.2108,1.018,false,0.000028,0.0437,0.00076,1.103,0.008466,0.010093,
37,38,101,0.1928,1.0591,false,0.000048,0.0392,0.000761,1.1126,0.008449,0.010075,
37,38,109,0.1742,1.0719,false,0.000083,0.0371,0.000763,1.0341,0.00842,0.010046,
37,38,117,0.1941,1.0879,false,0.000144,0.0348,0.000764,1.0524,0.008368,0.009989,
37,38,124,0.1908,1.0463,true,0.000244,0.0349,0.000763,1.0101,0.008357,0.009984,
38,39,14,0.1807,1.1924,false,0.000012,0.0026,0.000292,1.2422,0.009375,0.010443,
38,39,31,0.2187,1.3384,false,0.000024,0.4483,0.000275,1.4477,0.009855,0.01099,
38,39,36,0.2252,1.2631,false,0.000025,0.4302,0.000271,1.382,0.009981,0.011138,
38,39,40,0.2279,1.3585,false,0.000028,0.4147,0.000268,1.3402,0.010081,0.01125,
38,39,45,0.2281,1.7554,false,0.000035,0.3945,0.000264,1.7264,0.010198,0.011384,
38,39,49,0.226,1.1962,false,0.000034,0.378,0.00026,1.288,0.010285,0.011487,
38,39,54,0.2203,1.1517,false,0.000029,0.3578,0.000257,1.1622,0.010386,0.011603,
38,39,61,0.2446,1.0522,false,0.000008,0.4071,0.000252,1.0838,0.010448,0.011688,
38,39,69,0.27,1.0093,false,0.000035,0.1687,0.000252,1.0192,0.010566,0.011816,
38,39,77,0.2735,1.0265,false,0.000016,0.1758,0.00025,1.0341,0.010702,0.011962,
38,39,85,0.2723,1.092,false,0,0.1822,0.000249,1.1582,0.010809,0.012082,
38,39,93,0.2682,1.0538,false,0.000009,0.1877,0.00025,1.088,0.010889,0.012176,
38,39,101,0.2629,1.0615,false,0.000021,0.1927,0.00025,1.0652,0.01095,0.012253,
38,39,109,0.2582,1.0134,false,0.000035,0.1973,0.000251,1.0348,0.010994,0.012309,
38,39,117,0.2664,1.0323,false,0.000064,0.2022,0.000252,1.0646,0.011017,0.012346,
38,39,124,0.2854,1.2489,true,0.000139,0.2042,0.000251,1.2989,0.011016,0.012349,
39,40,14,0.2671,1.1907,false,0.000019,0.1306,0.000346,1.1552,0.015672,0.016542,
39,40,31,0.5462,1.335,false,0.000045,0.2851,0.000328,1.3121,0.015904,0.016721,
39,40,36,0.5232,1.5291,false,0.00005,0.2644,0.000323,1.5903,0.015987,0.0168,
39,40,40,0.5045,1.0425,false,0.00005,0.2478,0.000319,1.0214,0.016052,0.016862,
39,40,45,0.4818,1.125,false,0.000058,0.2277,0.000315,1.2001,0.016136,0.016948,
39,40,49,0.4645,1.4834,false,0.000071,0.2124,0.000311,1.6622,0.016206,0.017018,
39,40,54,0.4449,1.179,false,0.000089,0.195,0.000308,1.1246,0.016291,0.017105,
39,40,61,0.4223,1.1204,false,0.000102,0.1741,0.000304,1.0641,0.016405,0.017225,
39,40,69,0.4013,1.0073,false,0.000056,0.3922,0.000304,1.0331,0.016514,0.017366,
39,40,77,0.4029,1.2811,false,0.000025,0.4069,0.000301,1.4039,0.01663,0.017491,
39,40,85,0.4663,1.1429,false,0.000026,0.0068,0.000302,1.1507,0.016688,0.01757,
39,40,93,0.4738,1.1805,false,0.000035,0.0067,0.000303,1.2202,0.016755,0.017652,
39,40,101,0.4116,1.1676,false,0.000049,0.4291,0.000302,1.3058,0.016843,0.017746,
39,40,109,0.4128,1.077,false,0.000085,0.4313,0.000303,1.0594,0.016875,0.017797,
39,40,117,0.4114,1.1052,false,0.000146,0.4318,0.000303,1.1026,0.016892,0.017829,
39,40,124,0.3774,1.1932,true,0.000258,0.4297,0.000303,1.3009,0.016875,0.017818,
40,41,14,0.9766,1.1597,false,0.000036,0.2792,0.000617,1.2614,0.030103,0.031483,
40,41,31,1.1229,1.0011,false,0.000081,0.3134,0.00058,1.0739,0.030264,0.031514,
40,41,36,1.1532,1.3813,false,0.000094,0.3196,0.000574,1.8791,0.030272,0.031488,
40,41,40,1.1737,1.1642,false,0.000109,0.324,0.000567,1.4718,0.030275,0.03147,
40,41,45,1.1951,1.3988,false,0.000117,0.3293,0.00056,2.0098,0.030273,0.031442,
40,41,49,1.2088,1.3037,false,0.000141,0.3332,0.000554,1.2401,0.030272,0.031423,
40,41,54,1.2222,1.1056,false,0.000179,0.3377,0.000545,1.4219,0.030274,0.031405,
40,41,61,1.2338,1.4546,false,0.000244,0.3426,0.000533,1.4776,0.030279,0.031387,
40,41,69,0.9266,1.0359,false,0.000295,0.2331,0.000524,1.062,0.030292,0.031389,
40,41,77,1.1819,1.0206,false,0.000203,0.7842,0.000514,1.1038,0.030246,0.031336,
40,41,85,1.2318,1.1049,false,0.00013,0.3603,0.00051,1.2512,0.030298,0.031371,
40,41,93,1.2198,1.1015,false,0.0001,0.3665,0.000506,1.2478,0.030304,0.031379,
40,41,101,1.1352,1.1616,false,0.000093,0.7843,0.000503,1.1938,0.030252,0.031348,
40,41,109,0.8657,1.0539,false,0.000093,0.2413,0.000502,1.0368,0.030307,0.0314,
40,41,117,0.8464,1.0107,true,0.000118,0.2447,0.000501,1.0647,0.030277,0.031383,
40,41,124,0.8473,1.0155,true,0.000175,0.2491,0.000502,1.0117,0.030217,0.031337,
41,42,14,1.084,1.1254,false,0.00002,0.0017,0.000533,1.349,0.034556,0.034796,
41,42,31,1.2382,1.2183,false,0.000049,0.1151,0.000492,1.5125,0.03446,0.03457,
41,42,36,1.2817,1.1732,false,0.000071,0.1295,0.000483,1.2323,0.034412,0.034493,
41,42,40,1.3134,1.0122,false,0.00008,0.1371,0.000475,1.232,0.034376,0.034436,
41,42,45,1.3481,1.2382,false,0.000092,0.1437,0.000468,1.4059,0.034338,0.034371,
41,42,49,1.3716,1.4767,false,0.000083,0.147,0.00046,2.0363,0.034307,0.034323,
41,42,54,1.3949,1.0181,false,0.000072,0.1498,0.000449,1.2044,0.034276,0.034269,
41,42,61,1.417,1.4482,false,0.000122,0.1527,0.000436,1.9544,0.034243,0.034212,
41,42,69,1.6867,1.0044,false,0.000181,0.3942,0.000425,1.0337,0.034148,0.034106,
41,42,77,1.43,1.1172,false,0.000315,0.1575,0.000417,1.4013,0.034223,0.034148,
41,42,85,1.4207,1.0264,false,0.000357,0.1563,0.000412,1.1413,0.03423,0.034142,
41,42,93,1.4019,1.0352,false,0.000348,0.1529,0.000408,1.1063,0.034248,0.034153,
41,42,101,1.3765,1.111,false,0.000332,0.1479,0.000405,1.3322,0.034274,0.034176,
41,42,109,1.5947,1.0129,false,0.000331,0.4011,0.000404,1.1144,0.03422,0.034144,
41,42,117,1.9822,1.026,true,0.000322,0.544,0.000401,1.0145,0.034254,0.034162,
41,42,124,1.9552,1.0005,true,0.000328,0.5529,0.000402,1.039,0.034252,0.034171,
42,43,14,1.1838,1.03,false,0.000015,0.1971,0.000709,1.1755,0.030582,0.028928,
42,43,31,1.4067,1.024,false,0.000044,0.3156,0.000645,1.2172,0.030853,0.028956,
42,43,36,1.4482,1.1222,false,0.00006,0.3361,0.000632,1.6487,0.030886,0.028934,
42,43,40,1.4759,1.034,false,0.000086,0.349,0.000623,1.1128,0.03091,0.028917,
42,43,45,1.5049,1.0858,false,0.000108,0.3622,0.00061,1.448,0.03093,0.028897,
42,43,49,1.5241,1.0147,false,0.000117,0.3709,0.000604,1.2826,0.030947,0.028882,
42,43,54,1.5441,1.0561,false,0.000119,0.3804,0.000597,1.0754,0.030961,0.028866,
42,43,61,1.5649,1.0405,false,0.000038,0.3925,0.000588,1.1593,0.030975,0.028842,
42,43,69,1.5814,1.0194,false,0.000098,0.4037,0.00058,1.1434,0.030992,0.028826,
42,43,77,1.5976,1.0129,false,0.000233,0.413,0.00057,1.0696,0.031013,0.028824,
42,43,85,1.6069,1.0134,true,0.000354,0.4208,0.000561,1.0892,0.031032,0.028829,
42,43,93,1.61,1.0622,true,0.000501,0.4276,0.000557,1.0238,0.031047,0.028838,
42,43,101,1.6082,1.1056,true,0.000648,0.4338,0.000557,1.0535,0.031065,0.028854,
42,43,109,1.6029,1.077,true,0.000793,0.4396,0.000557,1.0028,0.031083,0.028874,
42,43,117,1.1727,1.0622,true,0.000974,0.305,0.000562,1.0073,0.031319,0.02911,
42,43,124,0.9988,1.0473,true,0.001049,0.1565,0.000563,1.002,0.032117,0.029772,
43,44,14,0.7189,1.088,false,0.000012,0.0219,0.000002,1.6041,0.024855,0.021895,
43,44,31,0.6444,1.025,false,0.000058,0.0207,0.000006,1.2701,0.026779,0.023264,
43,44,36,0.6129,1.0151,false,0.000079,0.0471,0.000006,1.138,0.027261,0.023606,
43,44,40,0.5861,1.0056,false,0.000097,0.0707,0.000007,1.2207,0.027606,0.02385,
43,44,45,0.5527,1.0211,false,0.000145,0.1014,0.000008,1.1302,0.027991,0.024119,
43,44,49,0.5271,1.0608,false,0.000186,0.1254,0.000008,1.0038,0.028261,0.024307,
43,44,54,0.4974,1.0094,false,0.0002,0.1532,0.000007,1.1112,0.028549,0.024506,
43,44,61,0.4609,1.0578,false,0.000216,0.1874,0.000008,1.0128,0.028876,0.024729,
43,44,69,0.4254,1.0854,false,0.000032,0.2178,0.000009,1.1883,0.029138,0.024904,
43,44,77,0.4033,1.0105,true,0.000249,0.2451,0.000009,1.058,0.029344,0.02504,
43,44,85,0.3883,1.0626,true,0.000434,0.2666,0.000011,1.0084,0.029476,0.025125,
43,44,93,0.3775,1.0119,true,0.00051,0.2837,0.000011,1.0677,0.029548,0.025172,
43,44,101,0.3711,1.0266,true,0.000581,0.2977,0.00001,1.1061,0.029643,0.025242,
43,44,109,0.3688,1.022,true,0.000674,0.3091,0.00001,1.0734,0.030299,0.025751,
43,44,117,0.3702,1.032,true,0.000746,0.3178,0.000009,1.0742,0.031477,0.02662,
43,44,124,0.5339,1.0452,true,0.000786,0.1356,0.00001,1.0741,0.032578,0.027357,
44,45,14,0.6224,1.0026,false,0.000002,0.3621,0.000953,1.063,0.026479,0.021353,
44,45,31,0.6396,1.017,false,0.000024,0.3264,0.000867,1.2049,0.028353,0.022652,
44,45,36,0.6641,1.0149,false,0.000041,0.2994,0.000847,1.0398,0.02902,0.023124,
44,45,40,0.6875,1.0195,false,0.000055,0.2749,0.000834,1.0285,0.029546,0.023498,
44,45,45,0.7185,1.0019,false,0.000069,0.243,0.00082,1.1401,0.030179,0.023946,
44,45,49,0.7433,1.0019,false,0.000101,0.2182,0.000809,1.1156,0.030653,0.024282,
44,45,54,0.7724,1.0598,false,0.000178,0.1894,0.000797,1.0317,0.031201,0.02467,
44,45,61,0.8069,1.0209,true,0.000202,0.1535,0.000784,1.1732,0.031862,0.025138,
44,45,69,0.8363,1.0366,true,0.000222,0.1209,0.000772,1.0365,0.032474,0.02557,
44,45,77,0.8581,1.0236,true,0.000136,0.0948,0.000762,1.1173,0.032946,0.025902,
44,45,85,0.8744,1.0531,true,0.00016,0.0759,0.000756,1.1703,0.033294,0.026147,
44,45,93,0.8868,1.0335,true,0.00034,0.0627,0.000751,1.0083,0.033735,0.026458,
44,45,101,0.8961,1.0489,true,0.0005,0.0528,0.000748,1.0186,0.034747,0.027167,
44,45,109,0.9033,1.0461,true,0.000571,0.045,0.000747,1.0027,0.036065,0.02801,
44,45,117,0.9093,1.0258,true,0.000559,0.0386,0.000748,1.0107,0.037524,0.028826,
44,45,124,0.9138,1.0043,true,0.000457,0.0337,0.00075,1.0204,0.038834,0.029452,
45,46,14,0.5582,1.0139,false,0.000011,0.1766,0.00014,1.0362,0.04305,0.031946,
45,46,31,0.6607,1.0177,false,0.00001,0.2448,0.00013,1.0139,0.042148,0.031262,
45,46,36,0.6931,1.013,false,0.00002,0.2613,0.000127,1.0069,0.042165,0.031262,
45,46,40,0.7194,1.0184,false,0.000035,0.2736,0.000125,1.0048,0.042247,0.031306,
45,46,45,0.7514,1.023,false,0.000051,0.2876,0.000122,1.0133,0.042382,0.031388,
45,46,49,0.7756,1.0228,false,0.000055,0.2977,0.00012,1.0064,0.042518,0.031473,
45,46,54,0.8033,1.0019,false,0.000069,0.3084,0.000118,1.0568,0.042707,0.031592,
45,46,61,0.8363,1.054,true,0.000177,0.3201,0.000115,1.0349,0.042984,0.03177,
45,46,69,0.8631,1.0165,true,0.000201,0.3301,0.000112,1.1139,0.043281,0.031962,
45,46,77,0.8796,1.0424,true,0.00025,0.3363,0.000109,1.0012,0.043547,0.032136,
45,46,85,0.8867,1.0368,true,0.000211,0.3406,0.000106,1.0064,0.044076,0.032489,
45,46,93,0.8852,1.0339,true,0.00008,0.3434,0.000104,1.1071,0.045546,0.033442,
45,46,101,0.8773,1.0433,true,0.000028,0.3442,0.000103,1.0963,0.047584,0.034654,
45,46,109,0.8652,1.031,true,0.000058,0.3438,0.000102,1.0711,0.049866,0.035853,
45,46,117,0.8498,1.0241,true,0.000088,0.3425,0.0001,1.0585,0.052256,0.036928,
45,46,124,1.1052,1.0321,true,0.000024,0.3031,0.000099,1.0615,0.054542,0.037783,
46,47,14,0.2719,1.0161,false,0.000015,0.2356,0.000522,1.0003,0.062339,0.042917,
46,47,31,0.4866,1.0038,false,0.00001,0.2151,0.000491,1.0092,0.057179,0.039404,
46,47,36,0.5393,1.0079,false,0.000007,0.2217,0.000482,1.0047,0.055994,0.038593,
46,47,40,0.5758,1.002,false,0.000012,0.2262,0.000476,1.0186,0.055161,0.038023,
46,47,45,0.6151,1.0113,false,0.000035,0.2299,0.00047,1.0012,0.054282,0.037417,
46,47,49,0.6421,1.0113,false,0.000057,0.232,0.000466,1.0114,0.053689,0.037005,
46,47,54,0.6712,1.0163,true,0.000067,0.2342,0.000461,1.0044,0.053069,0.036573,
46,47,61,0.7045,1.0076,true,0.000087,0.2369,0.000455,1.0676,0.05241,0.036107,
46,47,69,0.7343,1.0414,true,0.000228,0.24,0.00045,1.0281,0.051901,0.035742,
46,47,77,0.7548,1.0182,true,0.000225,0.2447,0.000446,1.1025,0.05169,0.035574,
46,47,85,0.7692,1.0175,true,0.000297,0.2492,0.000442,1.0339,0.052427,0.035987,
46,47,93,0.778,1.0454,true,0.000347,0.2543,0.000439,1.0102,0.053785,0.03667,
46,47,101,0.7808,1.0002,true,0.000222,0.2599,0.000438,1.047,0.055464,0.037394,
46,47,109,0.7786,1.0575,true,0.000006,0.2649,0.000436,1.1045,0.057334,0.038065,
46,47,117,0.7724,1.0922,true,0.000263,0.2687,0.000435,1.1187,0.059493,0.03868,
46,47,124,0.4925,1.1058,true,0.000472,0.3087,0.000434,1.1104,0.061426,0.039103,
47,48,14,0.5196,1.0751,false,0.000058,0.3141,0.000766,1.1507,0.077593,0.050034,
47,48,31,0.4677,1.0728,false,0.000107,0.3108,0.000691,1.1422,0.074096,0.047442,
47,48,36,0.4711,1.0757,false,0.00013,0.3287,0.000672,1.1484,0.072875,0.046593,
47,48,40,0.479,1.0747,false,0.000163,0.3466,0.000659,1.1349,0.071917,0.045933,
47,48,45,0.493,1.0868,false,0.000214,0.371,0.000645,1.1644,0.070782,0.045159,
47,48,49,0.506,1.0805,false,0.000243,0.3916,0.000636,1.1451,0.069939,0.044588,
47,48,54,0.5231,1.0782,true,0.000258,0.4177,0.000624,1.1512,0.068986,0.043943,
47,48,61,0.5457,1.0708,true,0.000286,0.4528,0.000611,1.1315,0.067837,0.043168,
47,48,69,0.5662,1.1015,true,0.000319,0.4875,0.000599,1.2354,0.066794,0.042465,
47,48,77,0.5792,1.0436,true,0.000251,0.5154,0.00059,1.0907,0.065889,0.04186,
47,48,85,0.5851,1.0722,true,0.000281,0.5348,0.000583,1.1485,0.064113,0.040732,
47,48,93,0.5847,1.1125,true,0.000356,0.5473,0.000578,1.222,0.061387,0.039099,
47,48,101,0.5785,1.0811,true,0.000353,0.5548,0.000575,1.1553,0.058693,0.037597,
47,48,109,0.5676,1.048,true,0.000358,0.5576,0.000573,1.0996,0.056321,0.036399,
47,48,117,0.5533,1.0477,true,0.000468,0.556,0.000573,1.0931,0.054129,0.035465,
47,48,124,0.5386,1.0731,true,0.000687,0.5519,0.000573,1.1143,0.052346,0.034836,
48,49,14,0.1647,1.0037,false,0.000002,0.1677,0.001341,1.0096,0.071183,0.043845,
48,49,31,0.1057,1.0099,false,0.000018,0.16,0.0012,1.0212,0.073932,0.045159,
48,49,36,0.0966,1.0071,false,0.000025,0.1659,0.001164,1.0122,0.074207,0.045219,
48,49,40,0.0946,1.0104,false,0.000035,0.1753,0.001137,1.0203,0.074286,0.045189,
48,49,45,0.0974,1.0143,false,0.000039,0.1908,0.001108,1.0317,0.074243,0.045073,
48,49,49,0.103,1.0065,false,0.00003,0.2056,0.001087,1.0096,0.074122,0.044935,
48,49,54,0.1133,1.0078,false,0.000023,0.2262,0.001063,1.0179,0.073894,0.044726,
48,49,61,0.1314,1.0109,true,0.000047,0.2563,0.001035,1.0178,0.073495,0.044401,
48,49,69,0.1535,1.0145,true,0.000094,0.2887,0.00101,1.0265,0.072993,0.044022,
48,49,77,0.1744,1.008,true,0.000158,0.3158,0.00099,1.0048,0.072513,0.043675,
48,49,85,0.1933,1.0387,true,0.000284,0.3361,0.000976,1.0655,0.072097,0.043382,
48,49,93,0.2095,1.0449,true,0.000362,0.3511,0.000966,1.075,0.071328,0.042895,
48,49,101,0.2234,1.0068,true,0.000346,0.3617,0.000959,1.0037,0.070408,0.042342,
48,49,109,0.236,1.0028,true,0.000328,0.3684,0.000956,1.0065,0.069706,0.041922,
48,49,117,0.248,1.0142,true,0.000339,0.3722,0.000955,1.0215,0.06924,0.041618,
48,49,124,0.2582,1.0253,true,0.000358,0.3738,0.000955,1.0308,0.068964,0.041406,
49,50,14,0.1578,1.021,false,0.00001,0.2057,0.00064,1.0093,0.024726,0.015654,
49,50,31,0.0861,1.017,false,0.00003,0.2007,0.000573,1.0165,0.028757,0.018043,
49,50,36,0.0718,1.0189,false,0.000037,0.1986,0.000555,1.0064,0.029739,0.018594,
49,50,40,0.0604,1.013,false,0.000038,0.1958,0.000541,1.0238,0.030408,0.018959,
49,50,45,0.046,1.0157,false,0.000043,0.1907,0.000526,1.0148,0.031094,0.019323,
49,50,49,0.0346,1.018,false,0.000047,0.1858,0.000515,1.006,0.031527,0.019544,
49,50,54,0.0208,1.0101,false,0.000041,0.1797,0.000503,1.0258,0.03194,0.019744,
49,50,61,0.0028,1.0069,true,0.000031,0.1722,0.000488,1.0259,0.032319,0.019911,
49,50,69,0.0153,1.0098,true,0.00005,0.1655,0.000476,1.0165,0.032546,0.019987,
49,50,77,0.0307,1.0014,true,0.000095,0.1603,0.000466,1.0432,0.032627,0.019986,
49,50,85,0.0431,1.0068,true,0.00018,0.1565,0.000458,1.0621,0.032621,0.019944,
49,50,93,0.0525,1.023,true,0.000318,0.154,0.000453,1.0046,0.032612,0.019906,
49,50,101,0.0587,1.0266,true,0.000412,0.152,0.000449,1.0053,0.032795,0.01997,
49,50,109,0.0614,1.0169,true,0.000411,0.1501,0.000448,1.0831,0.033198,0.020134,
49,50,117,0.0613,1.0603,true,0.000356,0.1487,0.000447,1.1357,0.033746,0.020332,
49,50,124,0.0594,1.0865,true,0.000297,0.1477,0.000446,1.1531,0.034307,0.020499,
50,51,14,0.4824,1.0239,false,0.000026,0.2114,0.000012,1.0175,0.009403,0.005869,
50,51,31,0.3502,1.0288,false,0.000078,0.2586,0.000011,1.0218,0.012799,0.007902,
50,51,36,0.3053,1.029,false,0.000091,0.2706,0.000011,1.0201,0.014011,0.008614,
50,51,40,0.2728,1.0295,false,0.000101,0.2771,0.00001,1.0229,0.014946,0.00916,
50,51,45,0.239,1.0276,false,0.000116,0.2799,0.00001,1.0175,0.016036,0.009791,
50,51,49,0.2183,1.0271,false,0.000132,0.2776,0.00001,1.0179,0.016825,0.010243,
50,51,54,0.1995,1.0291,false,0.000161,0.2701,0.00001,1.0258,0.017693,0.010737,
50,51,61,0.1835,1.0283,true,0.000208,0.2536,0.00001,1.0248,0.018691,0.011296,
50,51,69,0.1758,1.0213,true,0.000245,0.229,0.000009,1.0136,0.019548,0.011768,
50,51,77,0.1747,1.024,true,0.000299,0.2021,0.000009,1.027,0.020154,0.012094,
50,51,85,0.1767,1.014,true,0.000372,0.178,0.00001,1.0088,0.020561,0.012307,
50,51,93,0.1798,1.0129,true,0.000489,0.1591,0.000009,1.003,0.020888,0.012473,
50,51,101,0.1836,1.0366,true,0.000665,0.1453,0.000009,1.0408,0.021095,0.012559,
50,51,109,0.1883,1.0658,true,0.000844,0.136,0.000008,1.0829,0.021274,0.012614,
50,51,117,0.194,1.0818,true,0.000992,0.1304,0.000009,1.0974,0.021483,0.012665,
50,51,124,0.1998,1.0854,true,0.001113,0.1278,0.000009,1.0944,0.021748,0.012719,
51,52,14,0.3517,1.0038,false,0.000009,0.0311,0.000165,1.0144,0.000699,0.000591,
51,52,31,0.412,1.0079,false,0.000018,0.0181,0.000169,1.0186,0.000633,0.000063,
51,52,36,0.4158,1.01,false,0.000011,0.0122,0.000169,1.0192,0.000271,0.000163,
51,52,40,0.4147,1.0134,false,0.000001,0.0058,0.000168,1.0243,0.000191,0.000439,
51,52,45,0.4076,1.0133,false,0.000019,0.0058,0.000168,1.0173,0.000914,0.00086,
51,52,49,0.3972,1.0178,false,0.000031,0.0186,0.000168,1.0277,0.001565,0.001236,
51,52,54,0.3804,1.0151,true,0.000035,0.0379,0.000168,1.0162,0.002418,0.001723,
51,52,61,0.3529,1.0182,true,0.000036,0.0685,0.000167,1.0236,0.003598,0.002392,
51,52,69,0.3204,1.0227,true,0.000026,0.1064,0.000165,1.0283,0.004828,0.003081,
51,52,77,0.2907,1.0191,true,0.000044,0.1441,0.000164,1.0237,0.005864,0.003655,
51,52,85,0.2654,1.012,true,0.000115,0.177,0.000163,1.0107,0.00669,0.004106,
51,52,93,0.2446,1.0063,true,0.000126,0.2026,0.000161,1.0001,0.007185,0.004372,
51,52,101,0.2278,1.0103,true,0.000063,0.2213,0.00016,1.0059,0.007031,0.004283,
51,52,109,0.2142,1.0205,true,0.000065,0.2338,0.000158,1.0155,0.00654,0.004036,
51,52,117,0.203,1.0303,true,0.000231,0.2412,0.000158,1.022,0.005954,0.003767,
51,52,124,0.1947,1.0373,true,0.000391,0.2444,0.000156,1.0247,0.005423,0.003538,
52,53,14,0.0843,1.0038,false,0.000007,0.0024,0.000123,1.0127,0.002424,0.00134,
52,53,31,0.0789,1.0036,false,0.000032,0.0118,0.000127,1.0115,0.00291,0.001454,
52,53,36,0.0627,1.0006,false,0.00004,0.0091,0.000128,1.0049,0.004019,0.002027,
52,53,40,0.0476,1.0007,false,0.000045,0.0062,0.000128,1.0078,0.004711,0.002382,
52,53,45,0.0277,1.0033,false,0.000054,0.0021,0.000129,1.0019,0.005323,0.002694,
52,53,49,0.0118,1.0009,false,0.000069,0.0013,0.00013,1.0122,0.005627,0.002847,
52,53,54,0.0073,1.0105,true,0.000099,0.0054,0.000132,1.014,0.005795,0.002927,
52,53,61,0.0314,1.0012,true,0.000139,0.0106,0.000133,1.0174,0.005718,0.002882,
52,53,69,0.0538,1.0094,true,0.000233,0.0155,0.000134,1.0012,0.005326,0.002676,
52,53,77,0.0706,1.0138,true,0.000359,0.0195,0.000135,1.0008,0.004768,0.002386,
52,53,85,0.0822,1.012,true,0.000419,0.0225,0.000136,1.0009,0.004181,0.002083,
52,53,93,0.0891,1.0063,true,0.000406,0.0248,0.000137,1.0312,0.003725,0.001854,
52,53,101,0.0913,1.0158,true,0.000395,0.0266,0.000138,1.0465,0.003676,0.001846,
52,53,109,0.0893,1.0166,true,0.000421,0.0278,0.000137,1.0465,0.003814,0.001942,
52,53,117,0.0835,1.0144,true,0.000476,0.0281,0.000137,1.0442,0.003974,0.002056,
52,53,124,0.0759,1.0132,true,0.000529,0.0276,0.000136,1.0436,0.004136,0.002175,
53,54,14,0.0593,1.0233,false,0.000013,0.0417,0.00006,1.0108,0.009237,0.004515,
53,54,31,0.114,1.0168,false,0.000025,0.01,0.000055,1.003,0.006958,0.003222,
53,54,36,0.1425,1.0119,false,0.000023,0.0003,0.000053,1.0154,0.006186,0.002819,
53,54,40,0.1611,1.0148,false,0.000024,0.0057,0.000052,1.0005,0.005579,0.002508,
53,54,45,0.18,1.0084,false,0.000029,0.0109,0.000051,1.0156,0.004861,0.00215,
53,54,49,0.1922,1.0117,false,0.00004,0.0137,0.000049,1.0007,0.004348,0.001899,
53,54,54,0.2047,1.0062,true,0.000062,0.0157,0.000047,1.0158,0.003799,0.001635,
53,54,61,0.218,1.0145,true,0.000118,0.0168,0.000045,1.0116,0.003227,0.001369,
53,54,69,0.2289,1.0033,true,0.000164,0.0161,0.000042,1.0138,0.002847,0.001202,
53,54,77,0.2368,1.0031,true,0.000201,0.0146,0.00004,1.0112,0.0027,0.001148,
53,54,85,0.243,1.0185,true,0.000262,0.0127,0.000038,1.0175,0.002727,0.001177,
53,54,93,0.2475,1.0253,true,0.000282,0.0104,0.000036,1.0257,0.002841,0.001245,
53,54,101,0.2503,1.0108,true,0.000213,0.0073,0.000034,1.0035,0.00314,0.001391,
53,54,109,0.2518,1.0096,true,0.000093,0.0037,0.000034,1.0213,0.003654,0.001586,
53,54,117,0.2524,1.0222,true,0.000032,0.0003,0.000034,1.0281,0.004266,0.001743,
53,54,124,0.2521,1.0296,true,0.000141,0.0043,0.000034,1.0295,0.004832,0.001813,
54,55,14,0.3762,1.0183,false,0.000011,0.0094,0.000555,1.0385,0.021009,0.010164,
54,55,31,0.4368,1.0221,false,0.000022,0.0139,0.000528,1.0375,0.023199,0.010667,
54,55,36,0.423,1.0252,false,0.000016,0.0036,0.000516,1.042,0.023322,0.010625,
54,55,40,0.407,1.0241,false,0.000013,0.0054,0.000507,1.0351,0.023295,0.010552,
54,55,45,0.3836,1.0284,false,0.000012,0.0163,0.000495,1.0467,0.023133,0.010423,
54,55,49,0.3638,1.0257,false,0.000019,0.0242,0.000487,1.036,0.022921,0.010297,
54,55,54,0.3394,1.028,true,0.000031,0.0325,0.000476,1.0426,0.022584,0.010121,
54,55,61,0.3082,1.0287,true,0.000063,0.0409,0.000462,1.0415,0.022039,0.009865,
54,55,69,0.2781,1.0336,true,0.00009,0.0468,0.000448,1.049,0.021405,0.009589,
54,55,77,0.2543,1.0286,true,0.000127,0.0499,0.000436,1.033,0.020839,0.009356,
54,55,85,0.2359,1.018,true,0.00016,0.0514,0.000426,1.0159,0.020378,0.009173,
54,55,93,0.2221,1.0231,true,0.000107,0.0517,0.000418,1.0156,0.020037,0.009044,
54,55,101,0.2124,1.0406,true,0.000011,0.0513,0.000413,1.0451,0.01984,0.008963,
54,55,109,0.2064,1.05,true,0.000152,0.051,0.000408,1.0487,0.019738,0.008878,
54,55,117,0.2032,1.0508,true,0.000307,0.0509,0.000405,1.033,0.019752,0.00878,
54,55,124,0.2022,1.0525,true,0.000465,0.0508,0.000403,1.0241,0.019779,0.008661,
55,56,14,0.0637,1.0163,false,0.000015,0.0153,0.000348,1.0029,0.028157,0.01414,
55,56,31,0.2244,1.0065,false,0.000075,0.0275,0.000323,1.0057,0.036887,0.017547,
55,56,36,0.294,1.001,false,0.000099,0.0397,0.000317,1.0166,0.038545,0.018125,
55,56,40,0.342,1.0007,false,0.000126,0.0493,0.000314,1.0116,0.039569,0.018458,
55,56,45,0.3916,1.0026,false,0.000165,0.0596,0.000309,1.0121,0.040502,0.018732,
55,56,49,0.4227,1.0054,true,0.00021,0.0658,0.000306,1.0149,0.041001,0.018851,
55,56,54,0.4518,1.007,true,0.000281,0.0705,0.000301,1.0128,0.04136,0.018898,
55,56,61,0.4765,1.0092,true,0.000421,0.0719,0.000295,1.01,0.041477,0.018819,
55,56,69,0.4881,1.0159,true,0.000605,0.0679,0.000288,1.0242,0.041233,0.018599,
55,56,77,0.4891,1.0175,true,0.000811,0.0609,0.000282,1.014,0.040776,0.018319,
55,56,85,0.4854,1.0282,true,0.000953,0.0526,0.000276,1.0359,0.04025,0.018036,
55,56,93,0.4798,1.0168,true,0.000969,0.0437,0.000272,1.0184,0.039737,0.017778,
55,56,101,0.473,1.0029,true,0.000957,0.0356,0.000269,1.0058,0.038815,0.017324,
55,56,109,0.4657,1.0015,true,0.000967,0.03,0.000266,1.0011,0.037528,0.016727,
55,56,117,0.4582,1.0026,true,0.000992,0.0277,0.000265,1.0098,0.036468,0.016283,
55,56,124,0.4518,1.0009,true,0.000997,0.0286,0.000264,1.0119,0.035801,0.016042,
56,57,14,1.1575,1.0944,false,0.000021,3.086,0.001151,1.1741,0.027437,0.013837,
56,57,31,1.6682,1.1364,false,0.00001,2.4577,0.001185,1.2025,0.036607,0.01844,
56,57,36,1.8138,1.1439,false,0.000049,2.2701,0.001176,1.1976,0.039297,0.019725,
56,57,40,1.9268,1.1531,false,0.000093,2.1215,0.001164,1.204,0.04131,0.020666,
56,57,45,2.0628,1.1635,true,0.000162,1.9391,0.001144,1.2066,0.043608,0.021716,
56,57,49,2.1661,1.1685,true,0.00022,1.7973,0.001125,1.2048,0.045251,0.022447,
56,57,54,2.2871,1.1784,true,0.000302,1.6266,0.0011,1.2094,0.047049,0.023223,
56,57,61,2.4395,1.1833,true,0.000427,1.4039,0.001066,1.1953,0.049095,0.024065,
56,57,69,2.587,1.2013,true,0.000655,1.1782,0.00103,1.2125,0.050814,0.024724,
56,57,77,2.7048,1.2036,true,0.000965,0.9896,0.000997,1.2026,0.051978,0.025126,
56,57,85,2.7922,1.2295,true,0.001406,0.8406,0.00097,1.2269,0.052716,0.025348,
56,57,93,2.8508,1.2499,true,0.001908,0.7317,0.000946,1.2399,0.053143,0.025449,
56,57,101,2.8839,1.2508,true,0.002253,0.6616,0.000927,1.2236,0.05312,0.025361,
56,57,109,2.8942,1.2466,true,0.002429,0.6272,0.000913,1.2071,0.052514,0.025025,
56,57,117,2.8842,1.2514,true,0.002493,0.6248,0.000902,1.2099,0.052143,0.024826,
56,57,124,2.8612,1.2632,true,0.002486,0.6455,0.000895,1.2185,0.052252,0.024833,
57,58,14,1.2048,1.0893,false,0.000005,3.0617,0.000942,1.2406,0.043823,0.020391,
57,58,31,1.9022,1.1399,false,0.000085,2.3154,0.000981,1.2676,0.047277,0.023316,
57,58,36,2.1083,1.1513,false,0.000146,2.0951,0.00098,1.2618,0.048269,0.024178,
57,58,40,2.2646,1.1655,false,0.000211,1.9234,0.000974,1.2722,0.049003,0.024826,
57,58,45,2.446,1.1739,true,0.000302,1.717,0.00096,1.2568,0.04984,0.025565,
57,58,49,2.5779,1.1824,true,0.000383,1.5598,0.000945,1.2606,0.050449,0.026099,
57,58,54,2.725,1.1966,true,0.000503,1.3751,0.000924,1.2679,0.051145,0.026695,
57,58,61,2.8982,1.2004,true,0.000698,1.1409,0.000896,1.2389,0.052007,0.027399,
57,58,69,3.0533,1.2302,true,0.001028,0.9103,0.000866,1.2824,0.052837,0.02803,
57,58,77,3.1701,1.2157,true,0.001414,0.7204,0.000839,1.212,0.053504,0.028497,
57,58,85,3.254,1.2606,true,0.001883,0.5708,0.000815,1.3013,0.054002,0.028819,
57,58,93,3.3094,1.2412,true,0.002345,0.4614,0.000795,1.2157,0.054345,0.029023,
57,58,101,3.341,1.2148,true,0.002606,0.3908,0.000779,1.1632,0.054457,0.029091,
57,58,109,3.3517,1.2022,true,0.002712,0.3547,0.000767,1.1517,0.054174,0.028967,
57,58,117,3.3441,1.1995,true,0.002722,0.3487,0.000758,1.1541,0.053287,0.028575,
57,58,124,3.3248,1.1981,true,0.002623,0.3642,0.000752,1.1534,0.051933,0.028012,
58,59,14,0.6552,1.02,false,0.000012,0.0466,0.000164,1.022,0.055998,0.027618,
58,59,31,0.6261,1.0181,false,0.000024,0.0406,0.000199,1.0358,0.045498,0.024043,
58,59,36,0.6078,1.0163,false,0.000025,0.0365,0.000203,1.0444,0.04312,0.023295,
58,59,40,0.5933,1.0174,false,0.000031,0.0345,0.000203,1.0375,0.041499,0.022803,
58,59,45,0.575,1.0109,false,0.000042,0.033,0.000203,1.0593,0.039813,0.022313,
58,59,49,0.5597,1.0133,false,0.000052,0.0315,0.000202,1.0451,0.038719,0.022011,
58,59,54,0.5388,1.0118,true,0.000072,0.028,0.000201,1.0489,0.037632,0.021732,
58,59,61,0.506,1.007,true,0.000121,0.018,0.0002,1.0578,0.036555,0.021494,
58,59,69,0.4658,1.0077,true,0.000176,0.0019,0.0002,1.0489,0.035815,0.021381,
58,59,77,0.4279,1.0058,true,0.000235,0.0259,0.0002,1.0787,0.035436,0.021372,
58,59,85,0.3958,1.0139,true,0.000217,0.0472,0.000198,1.0163,0.035292,0.021421,
58,59,93,0.3714,1.0099,true,0.000186,0.0641,0.000197,1.0802,0.035281,0.021489,
58,59,101,0.3546,1.0284,true,0.000204,0.0774,0.000196,1.1047,0.035328,0.021554,
58,59,109,0.344,1.0277,true,0.000209,0.0876,0.000194,1.0834,0.035234,0.021535,
58,59,117,0.3388,1.0218,true,0.000188,0.0949,0.000192,1.0596,0.034846,0.021369,
58,59,124,0.3382,1.0204,true,0.000193,0.0993,0.000191,1.0476,0.034131,0.021144,
59,60,14,0.3101,1.0038,false,0.000019,0.0602,0.000031,1.0458,0.049824,0.02846,
59,60,31,0.0405,1.0079,false,0.00008,0.0063,0.000011,1.0674,0.039049,0.022822,
59,60,36,0.038,1.0137,false,0.000115,0.0203,0.000008,1.0827,0.035788,0.02114,
59,60,40,0.0943,1.0165,false,0.000163,0.0282,0.000006,1.0797,0.033338,0.019884,
59,60,45,0.1563,1.0235,true,0.000235,0.0345,0.000006,1.0943,0.030535,0.018457,
59,60,49,0.1995,1.0234,true,0.000309,0.0375,0.000005,1.083,0.028526,0.017442,
59,60,54,0.2467,1.0316,true,0.00044,0.0398,0.000005,1.098,0.026321,0.016334,
59,60,61,0.3019,1.0345,true,0.000649,0.0433,0.000005,1.0936,0.023783,0.01507,
59,60,69,0.3514,1.0443,true,0.00087,0.0514,0.000005,1.1052,0.021598,0.013992,
59,60,77,0.3883,1.0477,true,0.001015,0.0627,0.000004,1.1031,0.020054,0.013241,
59,60,85,0.4138,1.025,true,0.00108,0.0732,0.000003,1.0373,0.019011,0.01274,
59,60,93,0.4285,1.0529,true,0.001234,0.0815,0.000002,1.0958,0.018356,0.012429,
59,60,101,0.3652,1.0756,true,0.0014,0.0022,0.000001,1.1246,0.017998,0.012258,
59,60,109,0.3718,1.0689,true,0.001553,0.0093,0,1.0952,0.017393,0.011992,
59,60,117,0.3717,1.0529,true,0.001642,0.0177,0,1.0622,0.016439,0.011644,
59,60,124,0.367,1.0437,true,0.001692,0.0228,0,1.0471,0.01578,0.011444,
60,61,14,1.462,1.0241,false,0.000046,0.0354,0.00021,1.0679,0.030211,0.019493,
60,61,31,1.4775,1.0375,false,0.000149,0.0575,0.000239,1.0654,0.027066,0.016959,
60,61,36,1.44,1.0407,false,0.000199,0.0595,0.00024,1.0779,0.025535,0.015834,
60,61,40,1.4098,1.0397,false,0.000252,0.0625,0.00024,1.0709,0.024182,0.014884,
60,61,45,1.3731,1.0403,true,0.00032,0.0664,0.000239,1.0737,0.022401,0.013685,
60,61,49,1.3451,1.04,true,0.00039,0.0688,0.00024,1.0707,0.020955,0.012748,
60,61,54,1.3122,1.0424,true,0.000501,0.0707,0.00024,1.0766,0.019174,0.011635,
60,61,61,1.2706,1.0367,true,0.000651,0.0712,0.000239,1.0597,0.016834,0.010227,
60,61,69,1.2285,1.0479,true,0.000802,0.0692,0.000236,1.0882,0.014486,0.008869,
60,61,77,1.1926,1.0346,true,0.000889,0.0658,0.000233,1.0544,0.012551,0.007786,
60,61,85,1.1629,1.0274,true,0.001019,0.0618,0.00023,1.0282,0.011038,0.006962,
60,61,93,1.1396,1.0672,true,0.001277,0.0579,0.000226,1.1102,0.009915,0.006365,
60,61,101,1.054,1.0768,true,0.001486,0.0353,0.000224,1.1155,0.009141,0.005961,
60,61,109,1.0515,1.0536,true,0.001664,0.0307,0.00022,1.0635,0.00908,0.005906,
60,61,117,1.053,1.0324,true,0.001824,0.0268,0.000216,1.0297,0.009751,0.006143,
60,61,124,1.0569,1.0228,true,0.001986,0.0238,0.000213,1.0195,0.010454,0.006362,
61,62,14,0.7035,1.0522,false,0.000089,0.0768,0.000067,1.0485,0.016214,0.010234,
61,62,31,0.7763,1.0104,false,0.000039,0.0699,0.000061,1.0069,0.016219,0.009712,
61,62,36,0.8042,1.0104,false,0.000059,0.0786,0.000069,1.008,0.015886,0.009234,
61,62,40,0.8263,1.0099,false,0.000084,0.0857,0.000073,1.0092,0.015487,0.008762,
61,62,45,0.8537,1.0081,false,0.000121,0.095,0.000076,1.0085,0.014842,0.008103,
61,62,49,0.875,1.0074,true,0.00017,0.1027,0.000076,1.0055,0.014235,0.007548,
61,62,54,0.9001,1.0025,true,0.000232,0.1126,0.000075,1.0127,0.013409,0.006855,
61,62,61,0.9316,1.0026,true,0.000274,0.1268,0.000074,1.0058,0.012209,0.00594,
61,62,69,0.9623,1.0011,true,0.00023,0.1432,0.000071,1.003,0.010897,0.005025,
61,62,77,0.9874,1.0039,true,0.000131,0.1585,0.000068,1.0026,0.009741,0.004276,
61,62,85,1.0072,1.0113,true,0.000098,0.1725,0.000066,1.033,0.008787,0.00369,
61,62,93,1.021,1.0171,true,0.000047,0.1849,0.000063,1.0505,0.008038,0.003251,
61,62,101,1.0285,1.0009,true,0.000117,0.1952,0.000062,1.0317,0.007633,0.003016,
61,62,109,1.0307,1.0036,true,0.000349,0.2036,0.000059,1.0421,0.008632,0.0034,
61,62,117,1.0288,1.0098,true,0.000591,0.2106,0.000057,1.0775,0.009809,0.00374,
61,62,124,1.0242,1.0299,true,0.000805,0.2156,0.000056,1.1108,0.010102,0.003743,
62,63,14,0.5751,1.0834,false,0.000047,0.0152,0.000003,1.0772,0.001642,0.000455,
62,63,31,0.4284,1.0541,false,0.000037,0.0053,0.000037,1.0613,0.003467,0.001414,
62,63,36,0.4016,1.0525,false,0.000035,0.0235,0.00004,1.0666,0.004298,0.001714,
62,63,40,0.3808,1.0509,false,0.000038,0.0409,0.000038,1.0574,0.004989,0.0019,
62,63,45,0.3529,1.0558,false,0.000046,0.0635,0.000035,1.0661,0.005828,0.002051,
62,63,49,0.3291,1.056,true,0.00004,0.0807,0.000031,1.06,0.006447,0.002112,
62,63,54,0.2984,1.0602,true,0.000043,0.1,0.000027,1.0744,0.00713,0.002125,
62,63,61,0.256,1.0522,true,0.00012,0.1224,0.000026,1.0472,0.007908,0.002061,
62,63,69,0.2113,1.0703,true,0.0003,0.1422,0.000025,1.0879,0.008564,0.001929,
62,63,77,0.1733,1.0533,true,0.000412,0.1577,0.000025,1.0378,0.009013,0.001778,
62,63,85,0.1428,1.0476,true,0.000486,0.1696,0.000025,1.0259,0.009308,0.001638,
62,63,93,0.1192,1.0715,true,0.000633,0.1787,0.000025,1.0679,0.009502,0.001522,
62,63,101,0.1029,1.0877,true,0.0008,0.1859,0.000026,1.0851,0.010099,0.001644,
62,63,109,0.094,1.0692,true,0.000904,0.1915,0.000025,1.0386,0.010869,0.001769,
62,63,117,0.0916,1.0411,true,0.000941,0.1956,0.000024,1.0063,0.010867,0.001587,
62,63,124,0.0939,1.0212,true,0.000952,0.1982,0.000025,1.0291,0.010482,0.001335,
63,64,14,0.229,1.0274,false,0.000017,0.0669,0.000213,1.0049,0.010267,0.005258,
63,64,31,0.0993,1.0142,false,0.00002,0.0199,0.000187,1.0065,0.008402,0.004107,
63,64,36,0.1033,1.0038,false,0.000088,0.0152,0.0002,1.003,0.007016,0.003388,
63,64,40,0.1165,1.0029,false,0.000138,0.042,0.000212,1.0128,0.005583,0.002731,
63,64,45,0.1394,1.0038,false,0.000197,0.0699,0.000228,1.0044,0.003448,0.001871,
63,64,49,0.1593,1.0031,true,0.000237,0.0869,0.00024,1.0069,0.001552,0.001196,
63,64,54,0.1833,1.0015,true,0.000301,0.103,0.000253,1.0057,0.000917,0.000413,
63,64,61,0.2138,1.0015,true,0.000422,0.119,0.000268,1.0004,0.004313,0.000519,
63,64,69,0.2433,1.0047,true,0.000508,0.1314,0.000277,1.0016,0.007821,0.001327,
63,64,77,0.2658,1.0114,true,0.000474,0.1396,0.000281,1.0314,0.010763,0.001896,
63,64,85,0.2826,1.0108,true,0.000541,0.1435,0.000283,1.0207,0.013082,0.002277,
63,64,93,0.2943,1.0104,true,0.00072,0.1445,0.000283,1.0037,0.014811,0.00252,
63,64,101,0.301,1.0009,true,0.000865,0.1442,0.000284,1.0147,0.016016,0.002623,
63,64,109,0.3038,1.0256,true,0.000936,0.1435,0.000282,1.0536,0.016353,0.002399,
63,64,117,0.3037,1.055,true,0.000948,0.1429,0.000279,1.0896,0.016098,0.00205,
63,64,124,0.3021,1.0781,true,0.000926,0.1426,0.000277,1.1068,0.01566,0.001765,
64,65,14,0.7453,1.0378,false,0.000049,0.0002,0.000175,1.0611,0.00158,0.001134,
64,65,31,0.9903,1.0561,false,0.000188,0.08,0.000195,1.0821,0.001202,0.000804,
64,65,36,1.0321,1.0374,false,0.000201,0.0922,0.000223,1.0454,0.000843,0.000498,
64,65,40,1.0519,1.035,false,0.000216,0.0956,0.000241,1.0673,0.000362,0.000169,
64,65,45,1.0608,1.0213,false,0.000288,0.0946,0.000257,1.0322,0.000564,0.000336,
64,65,49,1.058,1.0271,true,0.000397,0.0922,0.000266,1.0573,0.001595,0.000796,
64,65,54,1.0472,1.029,true,0.000566,0.0898,0.000273,1.0498,0.003222,0.001412,
64,65,61,1.0265,1.0383,true,0.000737,0.0894,0.000278,1.0646,0.005948,0.002282,
64,65,69,1.0021,1.0307,true,0.000781,0.0917,0.000281,1.0304,0.009307,0.003194,
64,65,77,0.9801,1.0468,true,0.000868,0.0949,0.000281,1.0626,0.012538,0.003952,
64,65,85,0.9617,1.0663,true,0.001101,0.0971,0.000281,1.0972,0.015381,0.004539,
64,65,93,0.9467,1.0371,true,0.001333,0.0984,0.00028,1.0232,0.017697,0.004969,
64,65,101,0.9354,1.0298,true,0.001533,0.1,0.000279,1.0184,0.019223,0.005129,
64,65,109,0.9283,1.0322,true,0.001731,0.1022,0.000277,1.0221,0.019977,0.005014,
64,65,117,0.9249,1.031,true,0.001913,0.1052,0.000274,1.0186,0.019971,0.004701,
64,65,124,0.9245,1.0259,true,0.00205,0.1085,0.000271,1.0142,0.019289,0.004276,
65,66,14,0.5767,1.0162,false,0.000109,0.0345,0.000003,1.0749,0.015545,0.001925,
65,66,31,0.837,1.0158,false,0.000213,0.1127,0.000007,1.0542,0.015651,0.00196,
65,66,36,0.8884,1.0089,false,0.000214,0.1212,0.000006,1.0354,0.015454,0.002011,
65,66,40,0.9211,1.0206,false,0.000269,0.1232,0.000017,1.0584,0.015229,0.002079,
65,66,45,0.9502,1.0341,false,0.000428,0.1204,0.000025,1.0629,0.014919,0.002204,
65,66,49,0.9644,1.0482,true,0.000603,0.115,0.000029,1.0731,0.014714,0.002337,
65,66,54,0.9729,1.0561,true,0.00082,0.107,0.00003,1.07,0.014607,0.00254,
65,66,61,0.9746,1.0611,true,0.001038,0.0984,0.000029,1.071,0.01484,0.002883,
65,66,69,0.9714,1.0594,true,0.001252,0.0951,0.000024,1.053,0.015616,0.003319,
65,66,77,0.9675,1.0654,true,0.001611,0.0968,0.00002,1.048,0.016707,0.003749,
65,66,85,0.9641,1.0672,true,0.002019,0.101,0.000018,1.0446,0.017888,0.004131,
65,66,93,0.9612,1.0422,true,0.002354,0.1068,0.000016,1.0136,0.018996,0.004441,
65,66,101,0.9585,1.0141,true,0.002614,0.1129,0.000016,1.0679,0.02002,0.004628,
65,66,109,0.9553,1.0051,true,0.002841,0.1189,0.000015,1.0741,0.019899,0.00442,
65,66,117,0.952,1.0068,true,0.003021,0.1247,0.000015,1.0808,0.018932,0.004036,
65,66,124,0.9495,1.0287,true,0.003104,0.1301,0.000016,1.0949,0.01786,0.003678,
66,67,14,0.7227,1.0316,false,0.000006,0.002,0.000174,1.0423,0.038392,0.000526,
66,67,31,0.432,1.0424,false,0.000025,0.0472,0.000167,1.0305,0.03873,0.000522,
66,67,36,0.3808,1.0451,false,0.000048,0.0468,0.000154,1.0286,0.038586,0.000532,
66,67,40,0.3469,1.0504,false,0.000087,0.0435,0.000143,1.0243,0.038314,0.000538,
66,67,45,0.313,1.0506,false,0.000108,0.0361,0.000129,1.0136,0.037747,0.00054,
66,67,49,0.2923,1.0349,false,0.00008,0.0285,0.000122,1.0532,0.037119,0.000532,
66,67,54,0.2738,1.0217,false,0.000024,0.019,0.000115,1.0622,0.036175,0.000507,
66,67,61,0.259,1.0125,true,0.000004,0.0098,0.000111,1.0642,0.034757,0.000444,
66,67,69,0.2517,1.0042,true,0.000101,0.0079,0.000113,1.0774,0.033301,0.000329,
66,67,77,0.2474,1.0055,true,0.000282,0.0131,0.000117,1.1027,0.032187,0.000176,
66,67,85,0.243,1.0031,true,0.000431,0.0218,0.000121,1.0804,0.031416,0.000005,
66,67,93,0.2388,1.0078,true,0.000501,0.031,0.000124,1.1087,0.030922,0.000159,
66,67,101,0.2359,1.0487,true,0.000487,0.0396,0.000126,1.1876,0.030082,0.00022,
66,67,109,0.2344,1.0788,true,0.000455,0.0472,0.000126,1.2164,0.028693,0.000161,
66,67,117,0.2343,1.1023,true,0.000439,0.0533,0.000125,1.2187,0.027203,0.000047,
66,67,124,0.2356,1.1254,true,0.000417,0.057,0.000125,1.2144,0.026093,0.000089,
67,68,14,1.2965,1.0432,false,0.00033,0.0955,0.000162,1.1026,0.073447,0.005564,
67,68,31,0.9627,1.0636,true,0.000734,0.0283,0.000109,1.1334,0.073338,0.005503,
67,68,36,0.8911,1.0659,true,0.000893,0.0057,0.000089,1.1352,0.073288,0.005504,
67,68,40,0.8387,1.0671,true,0.001036,0.0124,0.00008,1.1348,0.07316,0.005514,
67,68,45,0.7784,1.0753,true,0.00122,0.0344,0.000078,1.1398,0.07282,0.005537,
67,68,49,0.7352,1.0836,true,0.001314,0.0504,0.000083,1.1627,0.072352,0.005558,
67,68,54,0.6889,1.0805,true,0.001301,0.0662,0.00009,1.1637,0.071481,0.005582,
67,68,61,0.641,1.0663,true,0.00108,0.077,0.0001,1.1424,0.069749,0.005599,
67,68,69,0.6095,1.0651,true,0.000825,0.0759,0.00011,1.1439,0.067282,0.005589,
67,68,77,0.5969,1.0608,true,0.0008,0.0686,0.000115,1.1455,0.064681,0.005542,
67,68,85,0.5954,1.0495,true,0.000946,0.0614,0.000117,1.1036,0.062259,0.005461,
67,68,93,0.5974,1.0969,true,0.001235,0.0556,0.000118,1.197,0.060207,0.005362,
67,68,101,0.5997,1.1304,true,0.00159,0.0509,0.000117,1.2311,0.058404,0.005219,
67,68,109,0.6014,1.1472,true,0.001934,0.0479,0.000116,1.2258,0.056572,0.004973,
67,68,117,0.6022,1.1667,true,0.00227,0.0469,0.000114,1.2154,0.055048,0.004731,
67,68,124,0.6021,1.2011,true,0.00262,0.0477,0.000113,1.2172,0.053934,0.004499,
68,69,14,4.8971,1.3079,true,0.000712,1.2458,0.000545,1.3655,0.081332,0.0064,
68,69,31,4.3103,1.3796,true,0.00243,1.0049,0.000522,1.3216,0.081148,0.006444,
68,69,36,4.1976,1.4013,true,0.002968,0.9571,0.000505,1.3292,0.081084,0.006437,
68,69,40,4.1199,1.4052,true,0.003454,0.9254,0.000492,1.3117,0.081029,0.006439,
68,69,45,4.0364,1.4142,true,0.004194,0.8942,0.000481,1.3048,0.080926,0.006456,
68,69,49,3.9798,1.4163,true,0.004873,0.8768,0.000478,1.2834,0.080785,0.006482,
68,69,54,3.9216,1.4308,true,0.005693,0.864,0.000485,1.2847,0.080483,0.006527,
68,69,61,3.8635,1.4136,true,0.006352,0.861,0.00051,1.245,0.079731,0.006597,
68,69,69,3.8225,1.3939,true,0.006583,0.8713,0.000548,1.2359,0.078356,0.006669,
68,69,77,3.7978,1.3763,true,0.006943,0.888,0.000581,1.1976,0.076573,0.006722,
68,69,85,3.7809,1.3676,true,0.007798,0.9065,0.000603,1.1997,0.074636,0.006754,
68,69,93,3.7654,1.3449,true,0.009332,0.9215,0.000615,1.1425,0.072786,0.006763,
68,69,101,3.7497,1.348,true,0.011232,0.9309,0.000619,1.1305,0.070982,0.006656,
68,69,109,3.7354,1.3542,true,0.013043,0.9362,0.000618,1.1288,0.068406,0.006151,
68,69,117,3.7238,1.3468,true,0.014642,0.9391,0.000614,1.1174,0.06573,0.005512,
68,69,124,3.7198,1.3169,true,0.015868,0.9409,0.000609,1.085,0.063958,0.005045,
69,70,14,4.4957,1.2973,true,0.000994,1.0842,0.00038,1.6448,0.043091,0.004059,
69,70,31,4.9683,1.3856,true,0.002831,1.1023,0.000515,1.5415,0.042717,0.004,
69,70,36,5.0284,1.405,true,0.003463,1.1072,0.000506,1.5443,0.042579,0.003972,
69,70,40,5.0649,1.4042,true,0.004038,1.111,0.000498,1.4962,0.042483,0.003952,
69,70,45,5.1006,1.4156,true,0.004851,1.1152,0.00049,1.489,0.042388,0.003935,
69,70,49,5.1241,1.4163,true,0.005511,1.1186,0.000486,1.4578,0.042333,0.003933,
69,70,54,5.1507,1.429,true,0.00621,1.1237,0.000486,1.4692,0.042288,0.00395,
69,70,61,5.1865,1.408,true,0.006668,1.133,0.000496,1.4008,0.042246,0.004014,
69,70,69,5.2205,1.4184,true,0.00697,1.1437,0.000518,1.4123,0.042161,0.004125,
69,70,77,5.2412,1.4275,true,0.00779,1.1538,0.000539,1.3808,0.041982,0.004256,
69,70,85,5.2474,1.4405,true,0.009241,1.1652,0.000556,1.3581,0.041714,0.004391,
69,70,93,5.2394,1.4722,true,0.011372,1.1772,0.000566,1.339,0.041383,0.00451,
69,70,101,5.2217,1.4852,true,0.013806,1.1897,0.00057,1.2862,0.040308,0.004288,
69,70,109,5.2,1.4714,true,0.016064,1.203,0.000571,1.2212,0.039052,0.003902,
69,70,117,5.1766,1.4419,true,0.018076,1.2171,0.000568,1.1621,0.03839,0.003603,
69,70,124,5.1496,1.4389,true,0.019845,1.227,0.000564,1.1443,0.038171,0.00339,
70,71,14,1.5086,1.0467,false,0.000027,0.1421,0.000102,1.025,0.015367,0.00212,
70,71,31,0.7358,1.0278,false,0.000053,0.0236,0.000139,1.0053,0.015512,0.002172,
70,71,36,0.6291,1.0326,false,0.000139,0.0013,0.000148,1.0146,0.015522,0.002198,
70,71,40,0.5622,1.0332,true,0.000179,0.0184,0.000153,1.0068,0.015511,0.002211,
70,71,45,0.4938,1.0393,true,0.000208,0.038,0.000157,1.0223,0.01549,0.00222,
70,71,49,0.4475,1.042,true,0.000234,0.0529,0.00016,1.0237,0.01548,0.00223,
70,71,54,0.3973,1.0457,true,0.000281,0.071,0.000161,1.0341,0.01549,0.002248,
70,71,61,0.3373,1.0441,true,0.000413,0.0945,0.000161,1.0189,0.015568,0.002301,
70,71,69,0.2798,1.0593,true,0.000671,0.1189,0.000156,1.0507,0.015767,0.002412,
70,71,77,0.2337,1.0547,true,0.000859,0.1391,0.000151,1.0283,0.016051,0.002563,
70,71,85,0.1993,1.0628,true,0.000908,0.1542,0.000145,1.0506,0.016372,0.002734,
70,71,93,0.1754,1.0462,true,0.000867,0.1644,0.000141,1.0069,0.016694,0.002917,
70,71,101,0.1607,1.0244,true,0.00077,0.1715,0.000138,1.0334,0.017566,0.003276,
70,71,109,0.1532,1.0116,true,0.000655,0.1772,0.000136,1.0498,0.018192,0.003421,
70,71,117,0.1503,1.0021,true,0.000561,0.183,0.000136,1.065,0.0184,0.003419,
70,71,124,0.1539,1.0289,true,0.000303,0.1865,0.000137,1.0793,0.018094,0.003122,
71,72,14,2.7947,1.0648,false,0.00003,0.2364,0.000003,1.1302,0.003531,0.002803,
71,72,31,1.7247,1.0767,false,0.000046,0.1565,0.000054,1.1657,0.003549,0.002862,
71,72,36,1.5706,1.0879,true,0.000175,0.1185,0.00003,1.1932,0.003489,0.002827,
71,72,40,1.4716,1.0985,true,0.000316,0.0885,0.000023,1.215,0.003433,0.002783,
71,72,45,1.3711,1.1028,true,0.000466,0.0538,0.000017,1.2002,0.003376,0.002727,
71,72,49,1.3059,1.1123,true,0.000572,0.0299,0.000013,1.2155,0.003339,0.002687,
71,72,54,1.2395,1.1234,true,0.000714,0.0053,0.000008,1.2284,0.003299,0.002639,
71,72,61,1.1671,1.1308,true,0.000947,0.0212,0.000004,1.229,0.003224,0.002573,
71,72,69,1.1041,1.1302,true,0.001331,0.043,0.000003,1.1989,0.003072,0.002477,
71,72,77,1.055,1.1621,true,0.001928,0.0572,0.000007,1.2584,0.002809,0.002335,
71,72,85,1.0179,1.1488,true,0.002435,0.066,0.000012,1.189,0.002461,0.002159,
71,72,93,0.9907,1.1439,true,0.002875,0.0707,0.000015,1.1647,0.002067,0.001965,
71,72,101,0.971,1.1568,true,0.003357,0.0733,0.000019,1.1713,0.001128,0.001537,
71,72,109,0.9579,1.1525,true,0.003817,0.0754,0.000022,1.1439,0.000811,0.00087,
71,72,117,0.9506,1.1336,true,0.00419,0.0776,0.000024,1.1031,0.001846,0.000616,
71,72,124,0.9504,1.1381,true,0.004468,0.079,0.000026,1.0835,0.00235,0.00048,
72,73,14,2.5207,1.0128,false,0.000061,0.2253,0.000059,1.0381,0.014082,0.006842,
72,73,31,0.9611,1.006,false,0.00043,0.0977,0.000213,1.0934,0.014651,0.007251,
72,73,36,0.765,1.0271,true,0.000647,0.0635,0.00018,1.1364,0.014718,0.007311,
72,73,40,0.6469,1.0327,true,0.00079,0.0397,0.00016,1.1298,0.014718,0.007318,
72,73,45,0.5315,1.036,true,0.000921,0.0134,0.000149,1.122,0.014659,0.007276,
72,73,49,0.4575,1.0386,true,0.001036,0.0061,0.000144,1.1207,0.01459,0.007219,
72,73,54,0.3817,1.0416,true,0.001222,0.0291,0.000139,1.1227,0.014497,0.00714,
72,73,61,0.2996,1.0416,true,0.001539,0.0575,0.000133,1.1123,0.014374,0.007032,
72,73,69,0.2324,1.0388,true,0.001932,0.0825,0.000128,1.0858,0.014235,0.00692,
72,73,77,0.1855,1.0578,true,0.002317,0.101,0.000125,1.1276,0.014065,0.006804,
72,73,85,0.1512,1.0395,true,0.002501,0.1153,0.000123,1.0645,0.013832,0.006662,
72,73,93,0.1267,1.0319,true,0.002653,0.127,0.000125,1.0455,0.013549,0.0065,
72,73,101,0.1108,1.0396,true,0.002934,0.137,0.000127,1.0514,0.013174,0.006296,
72,73,109,0.1018,1.0384,true,0.003254,0.1454,0.000129,1.0403,0.0124,0.005976,
72,73,117,0.0977,1.0229,true,0.003508,0.153,0.000129,1.015,0.012044,0.005928,
72,73,124,0.0927,1.0032,true,0.00354,0.1617,0.000129,1.0104,0.012358,0.00613,
73,74,14,2.705,1.0585,false,0.000061,0.1207,0.000106,1.0241,0.00026,0.003256,
73,74,31,0.4741,1.0235,false,0.00008,0.0712,0.000046,1.0329,0.001599,0.001888,
73,74,36,0.1887,1.0194,false,0.000169,0.0252,0.000009,1.0178,0.001689,0.001822,
73,74,40,0.0231,1.0115,false,0.000246,0.0082,0.000008,1.0297,0.001768,0.001753,
73,74,45,0.1301,1.0072,false,0.000315,0.044,0.000021,1.0255,0.001842,0.001678,
73,74,49,0.2218,1.003,true,0.000339,0.0674,0.000028,1.0335,0.001869,0.001639,
73,74,54,0.3088,1.0073,true,0.000354,0.0911,0.000034,1.0155,0.001864,0.001621,
73,74,61,0.3958,1.0073,true,0.000395,0.1177,0.00004,1.02,0.001821,0.00163,
73,74,69,0.4653,1.0127,true,0.000465,0.1445,0.000047,1.0136,0.001757,0.001654,
73,74,77,0.5149,1.015,true,0.000535,0.1694,0.000053,1.0114,0.001706,0.001666,
73,74,85,0.5503,1.0059,true,0.000577,0.1921,0.000056,1.0413,0.001667,0.001662,
73,74,93,0.5743,1.0067,true,0.000583,0.213,0.000059,1.0359,0.001626,0.001651,
73,74,101,0.5895,1.0066,true,0.000568,0.2314,0.000062,1.0666,0.001571,0.001642,
73,74,109,0.5969,1.0339,true,0.000582,0.2473,0.000064,1.1127,0.001739,0.001543,
73,74,117,0.5977,1.0681,true,0.000659,0.2611,0.000065,1.1459,0.002431,0.001238,
73,74,124,0.6013,1.0975,true,0.000635,0.2744,0.000065,1.155,0.002974,0.001065,
74,75,14,4.8334,1.1139,false,0.00007,0.0022,0.000079,1.2787,0.024667,0.020041,
74,75,31,1.821,1.0266,false,0.000007,0.1522,0.000078,1.0227,0.020653,0.01846,
74,75,36,1.4213,1.0332,false,0.000004,0.1254,0.000103,1.0197,0.020645,0.01849,
74,75,40,1.1917,1.0275,false,0.000037,0.0996,0.000105,1.0309,0.02061,0.018481,
74,75,45,0.9832,1.0228,false,0.000101,0.0659,0.000088,1.0285,0.020536,0.018433,
74,75,49,0.8593,1.0144,false,0.000146,0.0391,0.000069,1.0423,0.020469,0.018377,
74,75,54,0.7397,1.007,true,0.000165,0.0067,0.000054,1.0543,0.020393,0.018301,
74,75,61,0.6166,1.0102,true,0.000133,0.0349,0.000045,1.0341,0.020331,0.018212,
74,75,69,0.5183,1.0105,true,0.000094,0.0753,0.000042,1.0335,0.0203,0.018137,
74,75,77,0.4497,1.0206,true,0.000047,0.109,0.000041,1.009,0.020286,0.018072,
74,75,85,0.4019,1.0231,true,0.00001,0.1363,0.00004,1.0054,0.020259,0.017994,
74,75,93,0.3698,1.0243,true,0.000078,0.1581,0.000041,1.0044,0.020213,0.0179,
74,75,101,0.3505,1.0307,true,0.00014,0.1758,0.000043,1.0161,0.020159,0.017795,
74,75,109,0.3413,1.0396,true,0.000208,0.1901,0.000043,1.0389,0.020693,0.017962,
74,75,117,0.3406,1.0453,true,0.000299,0.2013,0.000045,1.0505,0.021399,0.018216,
74,75,124,0.3619,1.0489,true,0.000162,0.2051,0.000044,1.0652,0.021051,0.018067,
75,76,14,5.0029,1.0981,false,0.000193,0.106,0.000153,1.2031,0.052339,0.031783,
75,76,31,3.2663,1.0463,false,0.000085,0.271,0.000253,1.0502,0.055134,0.036121,
75,76,36,2.6819,1.0383,false,0.000056,0.2442,0.00018,1.0171,0.055185,0.036246,
75,76,40,2.3385,1.0452,false,0.000066,0.2143,0.000136,1.0272,0.055291,0.036344,
75,76,45,2.0256,1.0428,false,0.000109,0.1788,0.000104,1.0142,0.055364,0.03641,
75,76,49,1.8444,1.0423,false,0.00017,0.1539,0.000099,1.0224,0.055378,0.036429,
75,76,54,1.6776,1.0328,false,0.000262,0.1275,0.000111,1.009,0.055363,0.036422,
75,76,61,1.5161,1.0317,true,0.000378,0.0974,0.000128,1.0252,0.055312,0.036376,
75,76,69,1.3935,1.0239,true,0.000463,0.0692,0.000138,1.0107,0.055263,0.036309,
75,76,77,1.311,1.03,true,0.000526,0.0461,0.000143,1.0239,0.055222,0.036239,
75,76,85,1.2533,1.0551,true,0.000547,0.027,0.000145,1.0789,0.055188,0.03617,
75,76,93,1.213,1.0607,true,0.000547,0.0118,0.000148,1.0863,0.05514,0.03609,
75,76,101,1.1863,1.0675,true,0.000545,0.0003,0.000151,1.104,0.055071,0.035996,
75,76,109,1.1719,1.0954,true,0.000542,0.0079,0.000152,1.1636,0.055457,0.036088,
75,76,117,1.1761,1.1426,true,0.000535,0.0112,0.000155,1.222,0.057208,0.036638,
75,76,124,1.2141,1.1598,true,0.000968,0.0002,0.000161,1.223,0.05856,0.036978,
76,77,14,0.1678,1.0075,true,0.000757,0.1137,0.00008,1.039,0.066626,0.032492,
76,77,31,3.2953,1.0732,false,0.000234,0.1671,0.000038,1.1207,0.080987,0.038535,
76,77,36,2.4872,1.0529,true,0.001054,0.2066,0.000001,1.0748,0.082351,0.039268,
76,77,40,2.0078,1.043,true,0.002169,0.2002,0.000013,1.0385,0.082842,0.03952,
76,77,45,1.5628,1.0521,true,0.003755,0.1687,0.000046,1.0535,0.083221,0.039704,
76,77,49,1.2995,1.0555,true,0.004807,0.1355,0.00007,1.0487,0.083412,0.039792,
76,77,54,1.0567,1.0592,true,0.005753,0.0929,0.00009,1.0595,0.08355,0.039853,
76,77,61,0.8286,1.0465,true,0.006823,0.0407,0.000093,1.0311,0.083625,0.039884,
76,77,69,0.6635,1.0468,true,0.00825,0.0044,0.000085,1.0473,0.083604,0.039867,
76,77,77,0.5562,1.0352,true,0.009947,0.0371,0.000079,1.0183,0.083533,0.039824,
76,77,85,0.4837,1.0431,true,0.011664,0.0616,0.000075,1.0287,0.083434,0.039769,
76,77,93,0.434,1.0593,true,0.013186,0.0812,0.000072,1.0526,0.083318,0.039706,
76,77,101,0.4001,1.057,true,0.014409,0.0975,0.000069,1.0354,0.083176,0.039632,
76,77,109,0.3777,1.0426,true,0.015286,0.1114,0.000067,1.0008,0.08302,0.039552,
76,77,117,0.3614,1.02,true,0.015676,0.1242,0.000067,1.0229,0.083404,0.039676,
76,77,124,0.3488,1.0051,true,0.014929,0.1383,0.000068,1.0293,0.084189,0.03986,
77,78,14,0.579,1.0835,true,0.000337,0.2465,0.000129,1.0177,0.048678,0.019959,
77,78,31,3.6823,1.0771,false,0.000017,0.1664,0.000093,1.1232,0.049552,0.018905,
77,78,36,2.6796,1.0549,true,0.000738,0.0112,0.000139,1.0651,0.053245,0.02042,
77,78,40,2.0147,1.0326,true,0.001487,0.0377,0.000148,1.0223,0.054536,0.020935,
77,78,45,1.3871,1.0196,true,0.00197,0.0445,0.000114,1.0116,0.055254,0.021221,
77,78,49,1.0116,1.0084,true,0.001873,0.0269,0.000083,1.0524,0.055534,0.021334,
77,78,54,0.658,1.0186,true,0.00143,0.0079,0.000054,1.0296,0.055741,0.021418,
77,78,61,0.3214,1.0179,true,0.001187,0.0639,0.000038,1.0344,0.055881,0.02147,
77,78,69,0.0877,1.0096,true,0.00165,0.1227,0.000039,1.0316,0.055939,0.021488,
77,78,77,0.0514,1.0117,true,0.002323,0.1682,0.000046,1.0523,0.055941,0.02149,
77,78,85,0.1368,1.0341,true,0.002724,0.2027,0.000051,1.0831,0.055926,0.021493,
77,78,93,0.1914,1.0226,true,0.002719,0.231,0.000052,1.0599,0.055911,0.021504,
77,78,101,0.2255,1.0053,true,0.002529,0.2566,0.000052,1.0414,0.055897,0.021521,
77,78,109,0.2455,1.01,true,0.002334,0.2802,0.000052,1.0641,0.055873,0.021535,
77,78,117,0.2603,1.0276,true,0.002023,0.3041,0.000053,1.0986,0.05561,0.021408,
77,78,124,0.2882,1.0232,true,0.000897,0.3334,0.00005,1.1141,0.054792,0.020932,
78,79,14,2.5889,1.1127,true,0.001922,0.0532,0.000162,1.166,0.01231,0.003959,
78,79,31,4.4764,1.1077,true,0.001303,0.2792,0.000204,1.2669,0.012283,0.003737,
78,79,36,4.6157,1.1036,false,0.000132,0.1834,0.000192,1.2485,0.015769,0.005188,
78,79,40,3.8703,1.0838,true,0.000518,0.0377,0.000153,1.1957,0.018237,0.006149,
78,79,45,3.0183,1.0427,true,0.001481,0.0473,0.00009,1.1103,0.019588,0.006612,
78,79,49,2.4933,1.0572,true,0.001737,0.0649,0.000075,1.1445,0.020086,0.006781,
78,79,54,2.0025,1.0376,true,0.001451,0.0565,0.000077,1.0696,0.020434,0.006922,
78,79,61,1.5322,1.0519,true,0.000419,0.0221,0.000092,1.0856,0.020719,0.007061,
78,79,69,1.2006,1.0522,true,0.00024,0.026,0.000104,1.0699,0.020859,0.007127,
78,79,77,1.0031,1.0566,true,0.00012,0.0724,0.000108,1.0892,0.020917,0.007147,
78,79,85,0.8816,1.0456,true,0.000329,0.1127,0.000108,1.0778,0.020953,0.007159,
78,79,93,0.8035,1.0283,true,0.00071,0.1463,0.000108,1.0495,0.021002,0.007184,
78,79,101,0.7516,1.0303,true,0.000799,0.1742,0.00011,1.0517,0.021082,0.007233,
78,79,109,0.719,1.0444,true,0.000691,0.1972,0.000113,1.0628,0.021191,0.007303,
78,79,117,0.7025,1.0597,true,0.000541,0.2152,0.000116,1.066,0.021818,0.007641,
78,79,124,0.6939,1.0717,true,0.000103,0.2275,0.000119,1.0638,0.023047,0.008183,
79,80,14,5.8419,1.2588,true,0.008655,0.8618,0.000053,1.468,0.009017,0.004381,
79,80,31,1.9142,1.0604,true,0.001067,0.0594,0.00007,1.0898,0.002915,0.000516,
79,80,36,4.749,1.1368,true,0.00273,0.0433,0.000026,1.2622,0.003195,0.002056,
79,80,40,5.34,1.1453,true,0.001259,0.0689,0.00004,1.2875,0.002359,0.001675,
79,80,45,4.6347,1.1445,true,0.000401,0.1201,0.000054,1.2679,0.000279,0.000976,
79,80,49,3.9752,1.1145,true,0.000808,0.2242,0.000081,1.2602,0.00024,0.000961,
79,80,54,3.3015,1.1205,true,0.001113,0.274,0.000086,1.2756,0.000453,0.001032,
79,80,61,2.6324,1.1341,true,0.000392,0.2685,0.000062,1.2712,0.000707,0.000975,
79,80,69,2.1387,1.1675,true,0.003119,0.2265,0.000042,1.3014,0.000998,0.000817,
79,80,77,1.83,1.1999,true,0.005368,0.184,0.000034,1.3192,0.001141,0.000737,
79,80,85,1.6415,1.2429,true,0.006439,0.1495,0.000033,1.3621,0.001174,0.000726,
79,80,93,1.5325,1.2362,true,0.006216,0.1244,0.000036,1.3425,0.001151,0.00075,
79,80,101,1.4719,1.2133,true,0.00537,0.1071,0.000039,1.3206,0.001132,0.000772,
79,80,109,1.4383,1.2504,true,0.004994,0.096,0.000042,1.3637,0.001201,0.000736,
79,80,117,1.427,1.3231,true,0.005618,0.0902,0.000041,1.4138,0.001536,0.000538,
79,80,124,1.4475,1.3599,true,0.006056,0.0914,0.000041,1.4205,0.003158,0.000338,
80,81,14,1.5508,1.1992,true,0.008771,0.514,0.000403,1.0715,0.017839,0.00992,
80,81,31,2.9335,1.1101,true,0.001536,0.8007,0.000591,1.0568,0.000923,0.000122,
80,81,36,3.51,1.0522,true,0.001603,0.9591,0.00043,1.0254,0.003471,0.001275,
80,81,40,5.7045,1.124,true,0.001428,1.0333,0.000326,1.1929,0.008022,0.003146,
80,81,45,7.2905,1.1338,true,0.001019,0.8918,0.000508,1.2062,0.010287,0.004148,
80,81,49,6.9906,1.1349,true,0.000831,0.9123,0.000562,1.1415,0.010285,0.004492,
80,81,54,6.1999,1.0829,true,0.001653,1.0411,0.00059,1.1011,0.010974,0.005346,
80,81,61,5.3074,1.0719,true,0.003805,1.1981,0.00042,1.0761,0.011954,0.006263,
80,81,69,4.6684,1.0575,true,0.003698,1.3255,0.000334,1.0303,0.012361,0.006639,
80,81,77,4.2884,1.0687,true,0.002406,1.4241,0.000238,1.0365,0.012388,0.006688,
80,81,85,4.0537,1.0852,true,0.000854,1.5024,0.000178,1.0514,0.012349,0.006674,
80,81,93,3.9075,1.1076,true,0.000432,1.5735,0.000156,1.0714,0.012351,0.006683,
80,81,101,3.8215,1.1377,true,0.001088,1.6405,0.000173,1.0962,0.012383,0.006709,
80,81,109,3.7821,1.1541,true,0.000992,1.7037,0.000174,1.1092,0.012402,0.006726,
80,81,117,3.8103,1.1537,true,0.000661,1.7718,0.000183,1.1115,0.012481,0.006782,
80,81,124,3.9226,1.1667,true,0.003507,1.8432,0.000184,1.1287,0.012247,0.006651,
81,82,14,4.1641,1.3704,true,0.018346,1.4883,0.000417,1.3957,0.017853,0.008695,
81,82,31,0.2323,1.0615,true,0.001432,1.1551,0.000609,1.061,0.012025,0.007646,
81,82,36,1.5926,1.0098,true,0.000601,1.6023,0.00043,1.0541,0.009865,0.006133,
81,82,40,1.9264,1.046,true,0.002627,1.7385,0.000346,1.1037,0.008273,0.005143,
81,82,45,0.216,1.011,true,0.000559,1.7419,0.000563,1.0807,0.005589,0.004205,
81,82,49,1.4301,1.0052,true,0.000303,1.8598,0.000643,1.1191,0.003578,0.00367,
81,82,54,1.7848,1.0553,false,0.000267,2.0002,0.000634,1.1253,0.001947,0.003039,
81,82,61,0.7754,1.0201,true,0.002328,1.8866,0.000424,1.0496,0.000099,0.001843,
81,82,69,0.3026,1.0479,true,0.006656,1.8443,0.000312,1.0199,0.001495,0.000975,
81,82,77,1.0246,1.068,true,0.009829,1.9483,0.000241,1.0111,0.002123,0.00058,
81,82,85,1.4845,1.1358,true,0.012369,2.093,0.000215,1.074,0.002424,0.000392,
81,82,93,1.7873,1.1088,true,0.013615,2.2403,0.000202,1.0473,0.002475,0.000369,
81,82,101,1.9928,1.0769,true,0.013765,2.3823,0.00022,1.0402,0.002403,0.000424,
81,82,109,2.1333,1.0892,true,0.01375,2.5165,0.000202,1.0767,0.002321,0.000484,
81,82,117,2.2455,1.1248,true,0.013301,2.6504,0.000204,1.1427,0.002249,0.000539,
81,82,124,2.3521,1.1271,true,0.011008,2.7831,0.000197,1.1684,0.00204,0.000685,
82,83,14,0.3065,1.0436,true,0.000719,0.1977,0.000116,1.0443,0.023407,0.014621,
82,83,31,4.9069,1.2383,true,0.010338,1.6168,0.00008,1.4193,0.030496,0.018456,
82,83,36,3.5678,1.1466,true,0.00339,0.5789,0.000081,1.2249,0.027645,0.017925,
82,83,40,2.2182,1.1303,true,0.002863,0.1303,0.000089,1.0838,0.026043,0.017498,
82,83,45,1.447,1.0425,true,0.000532,0.0246,0.000066,1.0298,0.024442,0.016835,
82,83,49,2.1204,1.0983,true,0.000721,0.024,0.00005,1.0711,0.024308,0.017027,
82,83,54,3.9711,1.0583,true,0.001062,0.0018,0.000108,1.1338,0.024667,0.017774,
82,83,61,4.8766,1.1544,true,0.001573,0.3557,0.000094,1.1784,0.024421,0.018291,
82,83,69,4.0349,1.0996,false,0.00022,0.3133,0.000094,1.1503,0.022698,0.01755,
82,83,77,3.1865,1.07,true,0.001392,0.1768,0.000069,1.0939,0.021802,0.0171,
82,83,85,2.6019,1.1009,true,0.001136,0.1341,0.000063,1.0734,0.02152,0.016961,
82,83,93,2.2321,1.0105,true,0.001787,0.135,0.000076,1.0164,0.021216,0.01678,
82,83,101,1.9892,1.0436,true,0.002229,0.1468,0.00009,1.0623,0.021045,0.016671,
82,83,109,1.8171,1.0461,true,0.001915,0.1616,0.000115,1.0721,0.021055,0.016668,
82,83,117,1.6694,1.0357,true,0.00092,0.1803,0.00012,1.0567,0.0213,0.016806,
82,83,124,1.5492,1.0544,true,0.000768,0.1908,0.00012,1.0511,0.021337,0.016807,
83,84,14,2.1014,1.1469,true,0.020025,0.6973,0.000077,1.239,0.033629,0.019289,
83,84,31,0.3565,1.0029,true,0.083917,0.171,0.000104,1.0712,0.027565,0.015974,
83,84,36,3.9129,1.3916,true,0.140605,1.7251,0.000073,1.4858,0.032036,0.017591,
83,84,40,4.1133,1.0972,true,0.01813,1.3501,0.000074,1.2778,0.036352,0.020898,
83,84,45,2.7826,1.1429,true,0.029583,0.5578,0.000094,1.1261,0.041834,0.025474,
83,84,49,1.9842,1.0219,true,0.024384,0.2821,0.000103,1.0099,0.043851,0.027298,
83,84,54,2.0988,1.1116,true,0.012332,0.2604,0.000043,1.0621,0.045716,0.028741,
83,84,61,4.0508,1.0582,true,0.007724,0.3009,0.0001,1.151,0.04917,0.031181,
83,84,69,4.8469,1.1457,true,0.024373,0.1732,0.000106,1.1506,0.054317,0.035124,
83,84,77,4.1824,1.1111,true,0.023663,0.2631,0.000109,1.1511,0.056067,0.03673,
83,84,85,3.4664,1.0687,true,0.016413,0.1445,0.000073,1.1231,0.056555,0.037235,
83,84,93,2.9317,1.1377,true,0.013662,0.0862,0.00006,1.1318,0.057088,0.037626,
83,84,101,2.5884,1.1445,true,0.011814,0.0745,0.000054,1.125,0.057307,0.037782,
83,84,109,2.3792,1.0963,true,0.009723,0.0773,0.000056,1.1008,0.057265,0.037752,
83,84,117,2.2547,1.0633,true,0.008145,0.0854,0.000059,1.093,0.057183,0.037657,
83,84,124,2.1545,1.0539,true,0.008915,0.1045,0.00006,1.0758,0.057484,0.037761,
84,85,14,1.4024,1.2603,true,0.135911,0.743,0.000037,1.4481,0.022651,0.011768,
84,85,31,2.3803,1.1557,true,0.090646,1.1906,0.000051,1.2092,0.03844,0.023356,
84,85,36,1.5242,1.2526,true,0.092832,0.8454,0.000007,1.2521,0.031539,0.018887,
84,85,40,1.5321,1.3941,true,0.219914,0.8541,0.000007,1.3434,0.024253,0.012903,
84,85,45,3.3927,1.1633,true,0.001621,1.542,0.000036,1.4589,0.024287,0.011861,
84,85,49,2.8149,1.1951,true,0.000432,0.9257,0.000036,1.3071,0.033083,0.017403,
84,85,54,1.7702,1.0726,true,0.014569,0.2947,0.000003,1.1112,0.04248,0.023411,
84,85,61,1.6508,1.1268,true,0.004154,0.0905,0.000059,1.1319,0.048277,0.026698,
84,85,69,3.3178,1.1408,true,0.01452,0.0654,0.000019,1.2905,0.052749,0.028792,
84,85,77,3.9377,1.2362,true,0.00015,0.4807,0.000022,1.3138,0.060853,0.033473,
84,85,85,3.504,1.258,true,0.007864,0.7915,0.000007,1.3386,0.065573,0.036246,
84,85,93,2.9416,1.2131,true,0.005224,0.7904,0.000018,1.3497,0.067369,0.037264,
84,85,101,2.4606,1.2469,true,0.00394,0.7237,0.000051,1.3332,0.068422,0.037826,
84,85,109,2.1135,1.2946,true,0.005833,0.6974,0.000037,1.3125,0.0692,0.038226,
84,85,117,1.9025,1.3267,true,0.008978,0.7141,0.00002,1.2908,0.069706,0.038471,
84,85,124,1.826,1.3506,true,0.012013,0.7491,0.000004,1.2865,0.069977,0.038578,
85,86,14,1.164,1.2419,true,0.129227,0.6207,0.000077,1.3392,0.028972,0.017286,
85,86,31,0.3064,1.026,true,0.006055,0.2879,0.000039,1.0189,0.027797,0.015336,
85,86,36,1.8617,1.0752,true,0.048547,1.0808,0.000089,1.0838,0.035442,0.020512,
85,86,40,2.2401,1.3089,true,0.21813,1.3744,0.000076,1.2453,0.036342,0.021606,
85,86,45,0.0185,1.179,true,0.094389,0.0179,0.000056,1.0887,0.02419,0.01389,
85,86,49,2.3405,1.5067,true,0.134843,1.4074,0.000075,1.586,0.010812,0.004831,
85,86,54,3.0376,1.3159,true,0.002473,1.5079,0.000092,1.4799,0.009103,0.003302,
85,86,61,2.0943,1.196,true,0.019807,0.6327,0.000058,1.2257,0.019687,0.009659,
85,86,69,2.119,1.2328,true,0.004063,0.3918,0.000109,1.2092,0.022782,0.010991,
85,86,77,3.3031,1.2486,true,0.010129,0.3218,0.000068,1.2779,0.023072,0.01063,
85,86,85,3.8475,1.279,true,0.003573,0.2315,0.000073,1.2378,0.028077,0.013411,
85,86,93,3.6914,1.302,true,0.014163,0.7588,0.00007,1.2126,0.031749,0.01544,
85,86,101,3.3759,1.2753,true,0.013978,1.0476,0.000056,1.2159,0.033082,0.016098,
85,86,109,3.0752,1.2694,true,0.009689,1.175,0.000083,1.2176,0.033604,0.016329,
85,86,117,2.8293,1.3003,true,0.010935,1.2252,0.00011,1.2124,0.034199,0.016673,
85,86,124,2.7346,1.3627,true,0.027896,1.2626,0.000119,1.2046,0.035351,0.017388,
86,87,14,0.4491,1.004,true,0.01916,0.2405,0.000019,1.0493,0.022449,0.013137,
86,87,31,1.6395,1.1589,true,0.012233,0.9385,0.000004,1.2206,0.008895,0.004612,
86,87,36,0.4859,1.0477,true,0.009956,0.2146,0.000071,1.0167,0.015624,0.008655,
86,87,40,0.6246,1.0187,true,0.019912,0.4005,0.000031,1.0837,0.021778,0.012213,
86,87,45,1.6394,1.1857,true,0.112404,1.0592,0.000013,1.2302,0.028863,0.016647,
86,87,49,1.3199,1.3075,true,0.123718,0.8951,0.000048,1.3298,0.028775,0.016987,
86,87,54,0.8177,1.2669,true,0.077045,0.6073,0.000022,1.1229,0.015715,0.009116,
86,87,61,2.777,1.3849,true,0.004605,1.7972,0.000026,1.3421,0.001205,0.000089,
86,87,69,2.5765,1.2641,true,0.01524,1.3826,0.000008,1.1615,0.004536,0.002188,
86,87,77,2.7854,1.3205,true,0.00229,1.2823,0.000059,1.1737,0.003198,0.001035,
86,87,85,3.5883,1.3968,true,0.007215,1.3221,0.000004,1.2331,0.001229,0.00043,
86,87,93,4.0227,1.4374,true,0.00603,1.0026,0.000003,1.2101,0.004345,0.001458,
86,87,101,3.9749,1.497,true,0.026901,0.5686,0.000063,1.1832,0.007753,0.003509,
86,87,109,3.7173,1.5861,true,0.063505,0.2851,0.000062,1.1523,0.010086,0.004875,
86,87,117,3.4787,1.6713,true,0.150599,0.2373,0.000051,1.0979,0.013179,0.006771,
86,87,124,3.656,1.6799,true,0.294635,0.4173,0.000062,1.031,0.017594,0.009805,
87,88,14,0.4306,1.1135,true,0.017784,0.3328,0.000074,1.226,0.017624,0.010764,
87,88,31,0.7195,1.2877,true,0.039244,0.5745,0.000061,1.4509,0.015942,0.009733,
87,88,36,1.337,1.2494,true,0.009207,0.9341,0.000026,1.3287,0.011381,0.006991,
87,88,40,0.8169,1.0831,true,0.012588,0.526,0.000112,1.0656,0.013002,0.007919,
87,88,45,0.2451,1.0254,true,0.005397,0.1779,0.000029,1.0084,0.016438,0.009621,
87,88,49,1.0275,1.0295,true,0.03387,0.712,0.000023,1.068,0.020013,0.011511,
87,88,54,1.3998,1.265,true,0.093557,1.0192,0.000075,1.2046,0.023961,0.013973,
87,88,61,0.0443,1.0882,true,0.028532,0.0675,0.000006,1.0118,0.019616,0.011926,
87,88,69,1.8471,1.3056,true,0.025439,1.3755,0.000101,1.1967,0.007345,0.004786,
87,88,77,2.1366,1.1541,true,0.024829,1.4268,0.000033,1.0462,0.006036,0.00421,
87,88,85,2.3869,1.1249,true,0.00835,1.4147,0.000042,1.0618,0.001768,0.001386,
87,88,93,2.8435,1.1561,true,0.008336,1.4735,0.00001,1.0738,0.001918,0.001097,
87,88,101,3.1019,1.1571,true,0.027008,1.3249,0.000037,1.0541,0.00101,0.000509,
87,88,109,3.0338,1.1331,true,0.054725,0.9902,0.00003,1.033,0.002126,0.001578,
87,88,117,2.6933,1.0964,true,0.084913,0.6191,0.000026,1.0139,0.005967,0.004193,
87,88,124,2.1144,1.0381,true,0.076857,0.4049,0.000033,1.0273,0.00891,0.006203,
88,89,14,0.1403,1.03,true,0.015798,0.0431,0.000116,1.119,0.021081,0.013257,
88,89,31,0.784,1.3539,true,0.048355,0.5433,0.000113,1.5335,0.021812,0.013523,
88,89,36,0.2206,1.0258,true,0.032128,0.2135,0.000062,1.1461,0.019688,0.01246,
88,89,40,0.9312,1.1135,true,0.006168,0.7227,0.000013,1.2789,0.016749,0.010848,
88,89,45,0.7571,1.0202,true,0.012071,0.5288,0.00016,1.0371,0.015921,0.010411,
88,89,49,0.1437,1.0202,true,0.006355,0.0632,0.000179,1.0929,0.016066,0.010318,
88,89,54,0.6774,1.1389,true,0.01109,0.5357,0.000041,1.2076,0.016859,0.010415,
88,89,61,1.2559,1.3917,true,0.055332,0.9987,0.000146,1.308,0.019293,0.011579,
88,89,69,0.3461,1.1839,true,0.003544,0.2715,0.000025,1.1938,0.020262,0.012618,
88,89,77,0.9977,1.0536,true,0.037794,0.7983,0.000138,1.0194,0.015094,0.010045,
88,89,85,1.5776,1.0269,true,0.042158,1.2081,0.0001,1.0552,0.014219,0.010015,
88,89,93,1.9224,1.0016,true,0.010623,1.3721,0.000023,1.0226,0.009495,0.007166,
88,89,101,2.2237,1.0104,true,0.002078,1.4716,0.00006,1.0238,0.005025,0.004329,
88,89,109,2.4026,1.041,true,0.014316,1.4237,0.000071,1.0332,0.00334,0.003293,
88,89,117,2.3284,1.0817,true,0.058309,1.099,0.000037,1.026,0.001957,0.002446,
88,89,124,1.9049,1.096,true,0.118801,0.62,0.00003,1.0055,0.000145,0.00121,
89,90,14,0.5193,1.1402,true,0.036385,0.3397,0.000067,1.3723,0.020885,0.013518,
89,90,31,0.3387,1.0212,true,0.009201,0.2268,0.000042,1.081,0.020249,0.013253,
89,90,36,0.707,1.2561,true,0.043856,0.5226,0.000024,1.4511,0.020532,0.013289,
89,90,40,0.285,1.0636,true,0.011739,0.1872,0.000035,1.1477,0.021093,0.013623,
89,90,45,0.6677,1.0818,true,0.010106,0.5784,0.000039,1.3635,0.020302,0.013314,
89,90,49,0.9473,1.0367,true,0.013568,0.7788,0.000023,1.1055,0.020088,0.013455,
89,90,54,0.6096,1.0237,true,0.011219,0.485,0.000097,1.0207,0.019654,0.013419,
89,90,61,0.2814,1.0922,true,0.005966,0.2319,0.000023,1.1331,0.018428,0.012576,
89,90,69,0.9035,1.3181,true,0.039466,0.7655,0.000064,1.2211,0.018019,0.011951,
89,90,77,0.531,1.2579,true,0.03482,0.4619,0.00003,1.1979,0.019972,0.013149,
89,90,85,0.361,1.1025,true,0.024578,0.2942,0.000117,1.0711,0.020105,0.013604,
89,90,93,1.0459,1.0739,true,0.068939,0.8742,0.000113,1.1178,0.023522,0.016431,
89,90,101,1.5539,1.0929,true,0.049516,1.2802,0.000063,1.1051,0.024388,0.017553,
89,90,109,1.9797,1.1177,true,0.018661,1.6012,0.000055,1.0851,0.022846,0.016922,
89,90,117,2.3611,1.1499,true,0.013892,1.888,0.000058,1.0746,0.022344,0.016767,
89,90,124,2.5446,1.1563,true,0.046995,1.9826,0.000051,1.0486,0.022579,0.016891,
90,91,14,0.0985,1.0223,true,0.012219,0.0457,0.000068,1.1658,0.021198,0.01402,
90,91,31,0.1989,1.021,true,0.013942,0.1841,0.000087,1.181,0.021459,0.014139,
90,91,36,0.1695,1.0668,true,0.002302,0.111,0.000113,1.0207,0.021854,0.01476,
90,91,40,0.5046,1.1819,true,0.027458,0.3844,0.000091,1.2717,0.021362,0.014552,
90,91,45,0.424,1.0487,true,0.003413,0.3274,0.000103,1.2468,0.021219,0.014232,
90,91,49,0.0995,1.0012,true,0.013808,0.1085,0.000105,1.2097,0.020942,0.013765,
90,91,54,0.658,1.1291,true,0.020046,0.5691,0.000157,1.3038,0.021843,0.014357,
90,91,61,0.5749,1.0713,true,0.011275,0.4855,0.000118,1.1015,0.023935,0.016375,
90,91,69,0.0921,1.0217,true,0.001752,0.0797,0.000104,1.0255,0.024333,0.017271,
90,91,77,0.5561,1.0644,true,0.029477,0.4977,0.000091,1.0321,0.022824,0.016394,
90,91,85,0.5418,1.0034,true,0.038927,0.5142,0.000129,1.0382,0.023151,0.016471,
90,91,93,0.1669,1.085,true,0.001331,0.2085,0.000097,1.1039,0.024246,0.017109,
90,91,101,0.2462,1.1342,true,0.065119,0.129,0.000083,1.1071,0.027503,0.019386,
90,91,109,0.5451,1.1431,true,0.115097,0.3563,0.000086,1.0826,0.032644,0.023033,
90,91,117,0.768,1.1239,true,0.125592,0.5015,0.000092,1.0686,0.034944,0.024801,
90,91,124,0.9087,1.0912,true,0.112367,0.5768,0.000095,1.0564,0.034177,0.02447,
91,92,14,0.1636,1.1949,true,0.009947,0.115,0.000087,1.3073,0.020083,0.013515,
91,92,31,0.1298,1.0018,true,0.004677,0.0966,0.000077,1.3298,0.020157,0.013539,
91,92,36,0.1213,1.009,true,0.00656,0.0985,0.00004,1.4146,0.019862,0.013082,
91,92,40,0.0317,1.1417,true,0.002777,0.0402,0.00009,1.2972,0.021649,0.014596,
91,92,45,0.3789,1.0426,true,0.02087,0.3339,0.000054,1.016,0.0229,0.015921,
91,92,49,0.4793,1.0149,true,0.031536,0.4181,0.000038,1.0923,0.022669,0.015844,
91,92,54,0.1785,1.0803,true,0.01296,0.1577,0.00006,1.1133,0.020751,0.014085,
91,92,61,0.4449,1.2223,true,0.009998,0.37,0.000033,1.3655,0.019345,0.012413,
91,92,69,0.4522,1.1121,true,0.010223,0.3425,0.000038,1.1242,0.023504,0.01562,
91,92,77,0.0195,1.0503,true,0.010872,0.06,0.000018,1.0025,0.027573,0.019147,
91,92,85,0.2889,1.04,true,0.015696,0.3481,0.000014,1.0183,0.027398,0.01953,
91,92,93,0.3429,1.0273,true,0.032051,0.4136,0.000013,1.0004,0.025917,0.018715,
91,92,101,0.184,1.0134,true,0.012567,0.2881,0.000007,1.0024,0.024899,0.018022,
91,92,109,0.091,1.0527,true,0.020805,0.0609,0.000004,1.0143,0.023699,0.017217,
91,92,117,0.3739,1.0799,true,0.054535,0.1631,0.000008,1.0156,0.023551,0.017201,
91,92,124,0.5989,1.0932,true,0.074976,0.3209,0.000013,1.0114,0.024002,0.01762,
92,93,14,0.3079,1.2107,true,0.003696,0.2583,0.000433,1.2288,0.02002,0.013993,
92,93,31,0.3571,1.0019,true,0.010607,0.3114,0.000418,1.2944,0.020351,0.014241,
92,93,36,0.2035,1.0693,true,0.015319,0.1883,0.002862,1.0514,0.019357,0.01339,
92,93,40,0.0341,1.0127,true,0.000078,0.0139,0.002149,1.3213,0.01716,0.011498,
92,93,45,0.0067,1.1091,true,0.01603,0.0059,0.002689,1.0654,0.017406,0.011616,
92,93,49,0.2293,1.0177,true,0.007138,0.2091,0.002523,1.0921,0.01924,0.013157,
92,93,54,0.4617,1.1165,true,0.016223,0.4214,0.000558,1.2093,0.021141,0.014839,
92,93,61,0.2494,1.0319,true,0.01181,0.2543,0.002082,1.0898,0.019896,0.01384,
92,93,69,0.3294,1.2818,true,0.021197,0.2633,0.000787,1.2522,0.014119,0.008896,
92,93,77,0.3551,1.0737,true,0.01329,0.3061,0.001628,1.0647,0.01345,0.008123,
92,93,85,0.0054,1.0208,true,0.004106,0.0062,0.00162,1.0544,0.016665,0.010594,
92,93,93,0.2851,1.1066,true,0.043008,0.261,0.001315,1.0358,0.017772,0.01164,
92,93,101,0.4194,1.1178,true,0.091024,0.3992,0.001156,1.0086,0.017174,0.011435,
92,93,109,0.4188,1.099,true,0.120266,0.4206,0.001229,1.0089,0.01604,0.010813,
92,93,117,0.3433,1.0633,true,0.113735,0.391,0.00124,1.0296,0.0154,0.010523,
92,93,124,0.2226,1.0241,true,0.085984,0.3724,0.001197,1.0503,0.015249,0.010552,
93,94,14,0.1474,1.4997,true,0.00078,0.1623,0.000485,1.0361,0.018535,0.013232,
93,94,31,0.092,1.2889,true,0.000848,0.1319,0.000486,1.0451,0.018371,0.013078,
93,94,36,0.2471,1.3265,true,0.020201,0.2663,0.002872,1.2847,0.019639,0.014106,
93,94,40,0.2505,1.1844,true,0.001964,0.2707,0.00207,1.3997,0.019738,0.014184,
93,94,45,0.0189,1.5923,true,0.013887,0.078,0.00273,1.0873,0.017599,0.012462,
93,94,49,0.1119,1.2949,true,0.007793,0.0242,0.002526,1.1013,0.016708,0.011742,
93,94,54,0.0247,1.1412,true,0.004062,0.0641,0.000595,1.0498,0.018314,0.013025,
93,94,61,0.2585,1.3916,true,0.034141,0.3149,0.002022,1.1765,0.02055,0.014829,
93,94,69,0.1946,1.2449,true,0.011306,0.2596,0.000788,1.1574,0.020195,0.014562,
93,94,77,0.3032,1.1728,true,0.011173,0.1679,0.001578,1.2067,0.015206,0.010598,
93,94,85,0.6529,1.1063,true,0.019234,0.447,0.001534,1.1093,0.013616,0.009327,
93,94,93,0.7129,1.0509,true,0.035012,0.465,0.001219,1.0147,0.016732,0.011739,
93,94,101,0.6839,1.0031,true,0.03051,0.4103,0.001066,1.0279,0.01924,0.013683,
93,94,109,0.6944,1.0333,true,0.011301,0.4033,0.001134,1.0399,0.020019,0.014341,
93,94,117,0.757,1.0698,true,0.006744,0.474,0.00114,1.0612,0.02016,0.014566,
93,94,124,0.8226,1.1168,true,0.028336,0.6273,0.001094,1.0869,0.019783,0.014455,
94,95,14,0.1974,1.0176,true,0.001121,0.2246,0.000332,1.0715,0.018426,0.013605,
94,95,31,0.134,1.2132,true,0.003506,0.1806,0.00031,1.148,0.017784,0.013066,
94,95,36,0.0906,1.1064,true,0.001805,0.1454,0.000362,1.1527,0.017414,0.012775,
94,95,40,0.1671,1.1075,true,0.005383,0.2181,0.000344,1.0173,0.018157,0.013387,
94,95,45,0.2257,1.1678,true,0.001775,0.2769,0.000347,1.1837,0.019011,0.01407,
94,95,49,0.1446,1.2,true,0.000486,0.206,0.000418,1.0763,0.018151,0.013373,
94,95,54,0.0018,1.2746,true,0.007528,0.0744,0.00029,1.192,0.015975,0.011646,
94,95,61,0.0355,1.0281,true,0.004978,0.1177,0.000437,1.0199,0.017065,0.012565,
94,95,69,0.2222,1.2036,true,0.024828,0.3048,0.000272,1.0863,0.018837,0.014011,
94,95,77,0.1902,1.2272,true,0.020703,0.2853,0.00037,1.1656,0.019901,0.014839,
94,95,85,0.0576,1.1218,true,0.007173,0.0542,0.000331,1.1149,0.016043,0.011826,
94,95,93,0.2783,1.1681,true,0.013478,0.1535,0.000334,1.1217,0.013051,0.009574,
94,95,101,0.3902,1.1451,true,0.019018,0.2521,0.000345,1.1089,0.01366,0.010222,
94,95,109,0.447,1.1692,true,0.027842,0.2815,0.000339,1.1195,0.016058,0.012241,
94,95,117,0.556,1.236,true,0.048547,0.2873,0.000289,1.1542,0.017419,0.013459,
94,95,124,0.8073,1.326,true,0.115031,0.2004,0.000238,1.1788,0.01847,0.014395,
95,96,14,0.139,1.1025,true,0.049948,0.21,0.001874,1.049,0.017269,0.013135,
95,96,31,0.1602,1.2574,true,0.136388,0.2391,0.000182,1.1156,0.01753,0.013357,
95,96,36,0.1185,1.1155,true,0.055092,0.206,0.001528,1.0921,0.017109,0.012993,
95,96,40,0.0631,1.0286,true,0.030551,0.1585,0.001409,1.2119,0.016551,0.012528,
95,96,45,0.1005,1.0922,true,0.172936,0.1951,0.001516,1.0628,0.016864,0.012825,
95,96,49,0.161,1.2998,true,0.225127,0.2545,0.001225,1.0047,0.017533,0.013401,
95,96,54,0.1432,1.2466,true,0.138654,0.2444,0.001398,1.0775,0.017581,0.013418,
95,96,61,0.0078,1.0121,true,0.025283,0.1092,0.000962,1.2222,0.015353,0.011598,
95,96,69,0.0339,1.1036,true,0.316151,0.1533,0.000992,1.0283,0.015969,0.012211,
95,96,77,0.1791,1.0938,true,0.386197,0.3032,0.000652,1.108,0.016779,0.013009,
95,96,85,0.2003,1.1988,true,0.28381,0.3411,0.000718,1.2272,0.017605,0.013668,
95,96,93,0.0738,1.0447,true,0.13016,0.2328,0.000602,1.0677,0.014341,0.011077,
95,96,101,0.0378,1.0668,true,0.164959,0.1342,0.00045,1.022,0.010479,0.008147,
95,96,109,0.0779,1.0275,true,0.280646,0.1099,0.000593,1.0279,0.00788,0.006415,
95,96,117,0.1278,1.0223,true,0.368596,0.2038,0.000582,1.0017,0.008157,0.007062,
95,96,124,0.6139,1.0848,true,0.424313,0.8892,0.000578,1.0604,0.011902,0.010418,
96,97,14,0.104,1.1624,true,0.031681,0.2025,0.001161,1.0611,0.015724,0.012333,
96,97,31,0.1348,1.1076,true,0.108831,0.1841,0.000309,1.0122,0.015535,0.012151,
96,97,36,0.087,1.0206,true,0.042208,0.2278,0.003404,1.2708,0.015916,0.012521,
96,97,40,0.0929,1.177,true,0.048418,0.2257,0.00355,1.2022,0.015924,0.012524,
96,97,45,0.1635,1.1841,true,0.156577,0.1668,0.000818,1.0267,0.015319,0.011973,
96,97,49,0.1615,1.0332,true,0.149144,0.1699,0.001015,1.0564,0.015324,0.011996,
96,97,54,0.092,1.0013,true,0.024071,0.2345,0.002721,1.174,0.015894,0.012557,
96,97,61,0.1017,1.0202,true,0.061919,0.2333,0.002836,1.2743,0.01595,0.0126,
96,97,69,0.2471,1.0503,true,0.275733,0.1064,0.003541,1.0853,0.014356,0.0112,
96,97,77,0.193,1.0235,true,0.155118,0.157,0.00074,1.0492,0.014804,0.01171,
96,97,85,0.062,1.0947,true,0.018304,0.2839,0.000012,1.0467,0.015438,0.012496,
96,97,93,0.0179,1.1348,true,0.122193,0.3384,0.000593,1.116,0.015882,0.012968,
96,97,101,0.105,1.1322,true,0.027386,0.2678,0.000205,1.0941,0.013991,0.011441,
96,97,109,0.209,1.0682,true,0.096499,0.1581,0.00025,1.108,0.010916,0.009011,
96,97,117,0.1107,1.1554,true,0.151023,0.0397,0.001095,1.2457,0.007923,0.006788,
96,97,124,0.7084,1.3837,true,0.221793,0.6315,0.00055,1.4283,0.003745,0.003711,
97,98,14,0.152,1.2329,true,0.025027,0.2033,0.005483,1.0567,0.014544,0.011778,
97,98,31,0.1662,1.0035,true,0.013902,0.1978,0.002959,1.0588,0.014519,0.011749,
97,98,36,0.2039,1.1075,true,0.075252,0.1692,0.003634,1.1617,0.014228,0.011465,
97,98,40,0.1693,1.1401,true,0.009926,0.1985,0.007271,1.0354,0.014617,0.011858,
97,98,45,0.1495,1.1883,true,0.070681,0.2178,0.000403,1.0631,0.014829,0.012067,
97,98,49,0.2043,1.1638,true,0.050557,0.1743,0.000453,1.1098,0.014269,0.011533,
97,98,54,0.237,1.1166,true,0.107428,0.1489,0.003432,1.0988,0.014094,0.01137,
97,98,61,0.1593,1.0508,true,0.055914,0.2175,0.007176,1.0278,0.015034,0.012315,
97,98,69,0.1905,1.0372,true,0.015023,0.1979,0.002988,1.0091,0.014537,0.011859,
97,98,77,0.3278,1.0114,true,0.200639,0.0825,0.004147,1.1625,0.01324,0.010647,
97,98,85,0.3106,1.0373,true,0.112095,0.0987,0.003325,1.0051,0.014221,0.011649,
97,98,93,0.213,1.1343,true,0.002054,0.1868,0.002603,1.0085,0.015637,0.013181,
97,98,101,0.1589,1.2123,true,0.04181,0.2379,0.002353,1.0405,0.015908,0.013659,
97,98,109,0.2054,1.1173,true,0.002838,0.2045,0.002058,1.077,0.01472,0.012793,
97,98,117,0.4837,1.0951,true,0.054227,0.0709,0.000931,1.2916,0.012467,0.011104,
97,98,124,1.5079,1.3569,true,0.026833,0.0373,0.001427,1.4637,0.011819,0.011006,
98,99,14,0.2008,1.8207,true,0.040131,0.1887,0.002781,1.1579,0.013759,0.011401,
98,99,31,0.1812,1.0966,true,0.026653,0.2098,0.002516,1.1039,0.01418,0.011808,
98,99,36,0.1899,1.0189,true,0.018696,0.2038,0.005848,1.0907,0.014078,0.011713,
98,99,40,0.2306,1.2729,true,0.076143,0.1729,0.002644,1.0484,0.013547,0.011197,
98,99,45,0.2026,1.1339,true,0.008422,0.1984,0.000046,1.1372,0.014047,0.011697,
98,99,49,0.1726,1.0619,true,0.066786,0.2243,0.002301,1.219,0.014514,0.012159,
98,99,54,0.2151,1.1251,true,0.016553,0.1908,0.005033,1.0795,0.013867,0.011543,
98,99,61,0.255,1.1732,true,0.089031,0.1619,0.00372,1.0378,0.013419,0.011126,
98,99,69,0.1842,1.1517,true,0.059148,0.2257,0.000209,1.2122,0.014706,0.012409,
98,99,77,0.2383,1.2007,true,0.025294,0.1819,0.003106,1.0516,0.013661,0.011437,
98,99,85,0.3498,1.0072,true,0.186665,0.0909,0.002885,1.0612,0.011896,0.009758,
98,99,93,0.3474,1.0046,true,0.136553,0.1008,0.001673,1.0183,0.012603,0.010476,
98,99,101,0.2811,1.0242,true,0.056448,0.1653,0.001996,1.0276,0.0145,0.012403,
98,99,109,0.2162,1.1508,true,0.015202,0.2164,0.002005,1.1537,0.015809,0.013822,
98,99,117,0.068,1.3476,true,0.049503,0.2188,0.001677,1.3095,0.015437,0.013674,
98,99,124,0.6761,1.4476,true,0.204598,0.0848,0.001582,1.2893,0.01287,0.011403,
99,100,14,0.2005,1.5342,true,0.022928,0.2116,0.001525,1.0531,0.013617,0.011644,
99,100,31,0.2409,1.4881,true,0.061387,0.184,0.00158,1.05,0.013094,0.011127,
99,100,36,0.2125,1.0351,true,0.008707,0.21,0.001618,1.0524,0.013607,0.011634,
99,100,40,0.2102,1.1999,true,0.030918,0.2118,0.001554,1.0499,0.013724,0.011751,
99,100,45,0.2551,1.3563,true,0.06894,0.1762,0.001578,1.0953,0.012954,0.01101,
99,100,49,0.2473,1.0353,true,0.053316,0.1862,0.001587,1.1103,0.013103,0.011165,
99,100,54,0.2138,1.1004,true,0.030165,0.2163,0.001585,1.0006,0.01382,0.011875,
99,100,61,0.2547,1.0139,true,0.03206,0.1822,0.001636,1.0861,0.013148,0.011243,
99,100,69,0.2707,1.0177,true,0.0615,0.1747,0.001611,1.089,0.012871,0.011004,
99,100,77,0.2242,1.0312,true,0.035976,0.2208,0.001684,1.0632,0.013984,0.012114,
99,100,85,0.2805,1.0371,true,0.039151,0.172,0.00164,1.0926,0.012824,0.011039,
99,100,93,0.3837,1.0777,true,0.157776,0.0832,0.001637,1.1594,0.010604,0.008944,
99,100,101,0.4259,1.0779,true,0.149898,0.054,0.001642,1.104,0.010083,0.008495,
99,100,109,0.4338,1.0774,true,0.106141,0.0637,0.001647,1.125,0.010717,0.009213,
99,100,117,0.4597,1.0864,true,0.062733,0.0821,0.00167,1.159,0.01159,0.010212,
99,100,124,0.545,1.0356,true,0.034908,0.0801,0.00166,1.1044,0.011696,0.010532,
100,101,14,0.2408,1.4028,true,0.023335,0.2017,0.001333,1.0015,0.012917,0.011333,
100,101,31,0.2336,1.2079,true,0.017279,0.2118,0.001087,1.0748,0.013165,0.011567,
100,101,36,0.2612,1.3282,true,0.04485,0.1893,0.00175,1.0288,0.012712,0.011131,
100,101,40,0.2473,1.2115,true,0.014829,0.2032,0.001438,1.1156,0.012945,0.011364,
100,101,45,0.2376,1.1549,true,0.022363,0.2131,0.001577,1.1198,0.01321,0.01163,
100,101,49,0.2637,1.4114,true,0.029138,0.191,0.000916,1.1345,0.012747,0.01119,
100,101,54,0.2722,1.2478,true,0.047397,0.1855,0.001123,1.0552,0.012571,0.011033,
100,101,61,0.2454,1.0289,true,0.01835,0.213,0.001774,1.1167,0.013198,0.011659,
100,101,69,0.279,1.1683,true,0.031554,0.1852,0.001078,1.0445,0.012547,0.01106,
100,101,77,0.278,1.0156,true,0.023903,0.1901,0.001815,1.0462,0.012647,0.011184,
100,101,85,0.2591,1.0995,true,0.021404,0.2117,0.001567,1.1357,0.013295,0.011841,
100,101,93,0.294,1.0227,true,0.024809,0.1824,0.001649,1.0105,0.012501,0.011114,
100,101,101,0.3516,1.0103,true,0.095256,0.1292,0.000675,1.0086,0.010772,0.009497,
100,101,109,0.3583,1.0584,true,0.087809,0.1186,0.001019,1.1518,0.010427,0.009195,
100,101,117,0.2986,1.0702,true,0.049407,0.1514,0.002474,1.1756,0.011354,0.010128,
100,101,124,0.1835,1.0343,true,0.005267,0.2279,0.002929,1.1109,0.0133,0.012042,
101,102,14,0.253,1.1804,true,0.008371,0.2162,0.002182,1.0303,0.012681,0.011469,
101,102,31,0.2666,1.2712,true,0.012631,0.2087,0.001923,1.0602,0.012572,0.011357,
101,102,36,0.2594,1.1195,true,0.012994,0.216,0.002474,1.0433,0.012722,0.011505,
101,102,40,0.2776,1.1973,true,0.023276,0.201,0.002264,1.084,0.012461,0.01126,
101,102,45,0.2728,1.1351,true,0.012522,0.2074,0.002368,1.0048,0.012542,0.011346,
101,102,49,0.2619,1.1962,true,0.018225,0.2182,0.001668,1.0133,0.01277,0.011573,
101,102,54,0.2795,1.1644,true,0.009007,0.2035,0.001949,1.0425,0.012506,0.011334,
101,102,61,0.2905,1.3584,true,0.028382,0.1966,0.002506,1.0449,0.012305,0.011163,
101,102,69,0.2781,1.0095,true,0.008289,0.2116,0.001876,1.0444,0.01264,0.011509,
101,102,77,0.3005,1.1012,true,0.017934,0.1936,0.002608,1.0016,0.012251,0.011172,
101,102,85,0.2974,1.0546,true,0.001914,0.2013,0.0021,1.0316,0.012457,0.011403,
101,102,93,0.2948,1.168,true,0.006295,0.2081,0.002257,1.0897,0.012498,0.011489,
101,102,101,0.3148,1.0402,true,0.022927,0.1937,0.000861,1.0006,0.011913,0.010985,
101,102,109,0.3674,1.0469,true,0.082917,0.147,0.001164,1.1296,0.010187,0.009415,
101,102,117,0.4267,1.0454,true,0.115868,0.0953,0.0024,1.1067,0.008618,0.008005,
101,102,124,0.4495,1.0071,true,0.136993,0.0354,0.003015,1.0228,0.007332,0.00687,
102,103,14,0.2852,1.5069,true,0.009949,0.2137,0.000434,1.1231,0.012205,0.011369,
102,103,31,0.2882,1.0852,true,0.006364,0.2144,0.000464,1.0029,0.012219,0.011377,
102,103,36,0.2924,1.0946,true,0.009388,0.2114,0.000484,1.0129,0.012214,0.011377,
102,103,40,0.2844,1.0791,true,0.009402,0.2199,0.000468,1.0667,0.012324,0.011488,
102,103,45,0.2987,1.1519,true,0.016334,0.2081,0.000432,1.0597,0.012124,0.011306,
102,103,49,0.303,1.2247,true,0.019751,0.205,0.000506,1.0095,0.012102,0.011294,
102,103,54,0.2912,1.1212,true,0.008459,0.2174,0.000474,1.0165,0.012319,0.011512,
102,103,61,0.3039,1.0595,true,0.011256,0.208,0.000598,1.08,0.0121,0.011326,
102,103,69,0.3127,1.0227,true,0.016687,0.202,0.000585,1.0593,0.012036,0.011296,
102,103,77,0.3104,1.0195,true,0.00549,0.2073,0.0006,1.0309,0.012113,0.011399,
102,103,85,0.3179,1.0461,true,0.007845,0.2042,0.000283,1.0381,0.012085,0.011414,
102,103,93,0.3197,1.0634,true,0.009894,0.2079,0.00136,1.0214,0.01248,0.011836,
102,103,101,0.3338,1.0243,true,0.012559,0.2019,0.000919,1.0221,0.01272,0.012139,
102,103,109,0.3643,1.0605,true,0.003659,0.188,0.000889,1.0265,0.013093,0.012626,
102,103,117,0.4229,1.0862,true,0.011905,0.1603,0.000852,1.023,0.01357,0.013283,
102,103,124,0.4991,1.0788,true,0.021713,0.1246,0.000685,1.0044,0.014101,0.014018,
103,104,14,0.3042,1.212,true,0.001686,0.2241,0.003349,1.1075,0.011884,0.011416,
103,104,31,0.3096,1.0753,true,0.000358,0.2218,0.003012,1.0315,0.011896,0.011422,
103,104,36,0.3143,1.3158,true,0.005201,0.2187,0.002078,1.1497,0.011846,0.01138,
103,104,40,0.3178,1.2026,true,0.009972,0.2161,0.000193,1.0269,0.011822,0.011362,
103,104,45,0.3124,1.0342,true,0.003896,0.2221,0.000257,1.116,0.011913,0.01146,
103,104,49,0.3191,1.2241,true,0.005573,0.2169,0.002843,1.103,0.011815,0.011374,
103,104,54,0.3253,1.3073,true,0.01423,0.2123,0.002161,1.0894,0.01174,0.011318,
103,104,61,0.3193,1.1905,true,0.003393,0.2196,0.000725,1.167,0.011876,0.011469,
103,104,69,0.3306,1.4131,true,0.010236,0.2112,0.010619,1.1385,0.011664,0.011291,
103,104,77,0.3359,1.255,true,0.013228,0.2081,0.000515,1.1088,0.01158,0.011243,
103,104,85,0.3416,1.4345,true,0.019406,0.2039,0.000466,1.1292,0.011324,0.011029,
103,104,93,0.3434,1.2749,true,0.017039,0.2027,0.0021,1.1272,0.011112,0.010866,
103,104,101,0.3441,1.3102,true,0.017198,0.1987,0.00495,1.1488,0.010582,0.010374,
103,104,109,0.3464,1.2998,true,0.037181,0.1838,0.004444,1.0861,0.009211,0.009059,
103,104,117,0.3474,1.2326,true,0.078937,0.1532,0.010809,1.0146,0.006716,0.006666,
103,104,124,0.3652,1.1609,true,0.127687,0.1026,0.003114,1.0582,0.003714,0.003799,
104,105,14,0.3505,1.4207,true,0.003586,0.24,0.003164,1.114,0.011377,0.01127,
104,105,31,0.3547,1.112,true,0.002885,0.2382,0.003009,1.0005,0.011396,0.011287,
104,105,36,0.3543,1.0115,true,0.001809,0.2395,0.00218,1.0554,0.011415,0.011313,
104,105,40,0.3551,1.0206,true,0.000555,0.2394,0.000138,1.0105,0.011424,0.011331,
104,105,45,0.3609,1.2603,true,0.007145,0.2348,0.000187,1.0028,0.011351,0.011262,
104,105,49,0.3582,1.0081,true,0.000856,0.2383,0.002656,1.024,0.011412,0.011338,
104,105,54,0.361,1.0602,true,0.00137,0.2367,0.00213,1.008,0.01138,0.011319,
104,105,61,0.3677,1.1625,true,0.007731,0.232,0.001256,1.0278,0.011296,0.011256,
104,105,69,0.3661,1.0092,true,0.000489,0.236,0.010179,1.0239,0.011373,0.011369,
104,105,77,0.3739,1.1914,true,0.002948,0.231,0.000973,1.0219,0.011246,0.01127,
104,105,85,0.3833,1.0451,true,0.01225,0.2248,0.000024,1.1305,0.011045,0.011098,
104,105,93,0.393,1.0799,true,0.022779,0.2183,0.000666,1.1501,0.010787,0.010899,
104,105,101,0.4001,1.0168,true,0.02072,0.2159,0.003505,1.1734,0.010831,0.011043,
104,105,109,0.4145,1.0424,true,0.018101,0.2093,0.002955,1.1502,0.010822,0.011159,
104,105,117,0.4503,1.0381,true,0.027155,0.1886,0.009256,1.148,0.010342,0.010835,
104,105,124,0.4944,1.0412,true,0.042514,0.1596,0.001464,1.1266,0.009724,0.010404,
105,106,14,0.3787,1.1432,true,0.001316,0.2475,0.000008,1.028,0.011073,0.011328,
105,106,31,0.382,1.0702,true,0.000777,0.2455,0.001421,1.014,0.011111,0.011365,
105,106,36,0.3844,1.2134,true,0.002762,0.2437,0.000062,1.0736,0.011044,0.011293,
105,106,40,0.3861,1.2863,true,0.003847,0.2424,0.000136,1.1101,0.011053,0.011311,
105,106,45,0.3845,1.012,true,0.002019,0.2445,0.0001,1.1103,0.011115,0.011394,
105,106,49,0.3882,1.1749,true,0.004218,0.2413,0.000506,1.0271,0.011007,0.011278,
105,106,54,0.3896,1.1315,true,0.002812,0.2406,0.000152,1.0659,0.011052,0.011347,
105,106,61,0.3895,1.2204,true,0.000489,0.2415,0.000674,1.2492,0.011065,0.011387,
105,106,69,0.3955,1.7462,true,0.005819,0.2363,0.00006,1.3701,0.010919,0.011251,
105,106,77,0.3948,1.2041,true,0.001251,0.2378,0.000207,1.2814,0.011104,0.011504,
105,106,85,0.3966,1.5078,true,0.001799,0.2362,0.000203,1.3598,0.010986,0.011403,
105,106,93,0.404,1.621,true,0.010934,0.2274,0.001416,1.2015,0.01051,0.010903,
105,106,101,0.4097,1.5415,true,0.022966,0.2183,0.001958,1.1985,0.010123,0.010548,
105,106,109,0.4062,1.4971,true,0.029456,0.2124,0.001674,1.2142,0.009978,0.010509,
105,106,117,0.3791,1.4683,true,0.035265,0.2119,0.001742,1.2377,0.009918,0.01059,
105,106,124,0.3021,1.4802,true,0.049717,0.2187,0.001761,1.2504,0.009632,0.010414,
106,107,14,0.4028,1.3019,true,0.001694,0.2462,0.003189,1.0511,0.010735,0.011339,
106,107,31,0.4054,1.5284,true,0.00338,0.2439,0.00062,1.1306,0.010718,0.011311,
106,107,36,0.4046,1.0214,true,0.000925,0.2445,0.002603,1.0693,0.01081,0.011429,
106,107,40,0.4062,1.1115,true,0.001208,0.2433,0.007741,1.0289,0.010743,0.011355,
106,107,45,0.4076,1.0694,true,0.003107,0.2422,0.012611,1.0545,0.010722,0.01134,
106,107,49,0.4072,1.0121,true,0.001608,0.2427,0.003262,1.0835,0.010814,0.011462,
106,107,54,0.4095,1.2817,true,0.002559,0.2409,0.000713,1.0847,0.010674,0.011308,
106,107,61,0.4112,1.0501,true,0.00195,0.2397,0.002574,1.0717,0.010718,0.011387,
106,107,69,0.4122,1.3336,true,0.001186,0.2396,0.007884,1.1175,0.01073,0.011432,
106,107,77,0.4175,1.2129,true,0.00624,0.235,0.002426,1.0045,0.010463,0.011151,
106,107,85,0.4173,1.0239,true,0.001829,0.2364,0.00665,1.0395,0.010822,0.011622,
106,107,93,0.4192,1.0141,true,0.0045,0.2355,0.008071,1.0986,0.010824,0.01166,
106,107,101,0.4254,1.1787,true,0.005568,0.229,0.007248,1.0131,0.010138,0.010883,
106,107,109,0.4327,1.1849,true,0.017802,0.2203,0.008455,1.0756,0.009291,0.00995,
106,107,117,0.4404,1.1179,true,0.025997,0.2122,0.008512,1.1042,0.008597,0.009252,
106,107,124,0.4596,1.0669,true,0.032186,0.2011,0.001928,1.1522,0.007917,0.008608,
107,108,14,0.4365,1.1846,true,0.000493,0.2531,0.003865,1.0805,0.010415,0.01138,
107,108,31,0.4371,1.163,true,0.000403,0.2516,0.001022,1.0805,0.010449,0.011416,
107,108,36,0.4388,1.2802,true,0.002195,0.2498,0.003385,1.0042,0.010377,0.011331,
107,108,40,0.4382,1.0091,true,0.000262,0.2503,0.004799,1.0265,0.010434,0.011408,
107,108,45,0.4391,1.2062,true,0.000573,0.2493,0.009681,1.0983,0.010392,0.011367,
107,108,49,0.441,1.5083,true,0.003289,0.2476,0.006606,1.0914,0.010323,0.011292,
107,108,54,0.4394,1.1212,true,0.001585,0.2492,0.000731,1.0101,0.01046,0.011477,
107,108,61,0.4433,1.6739,true,0.00338,0.2454,0.003138,1.0975,0.010241,0.01123,
107,108,69,0.4431,1.1403,true,0.000554,0.2461,0.005059,1.0482,0.010407,0.01147,
107,108,77,0.4457,1.0399,true,0.000038,0.2442,0.000571,1.0236,0.010279,0.011343,
107,108,85,0.4511,1.0473,true,0.005573,0.2396,0.009276,1.1076,0.010007,0.011049,
107,108,93,0.4509,1.0539,true,0.00142,0.2417,0.0095,1.0187,0.010455,0.011642,
107,108,101,0.4517,1.1586,true,0.006744,0.2427,0.008165,1.0454,0.010806,0.012108,
107,108,109,0.456,1.1457,true,0.004063,0.2397,0.009709,1.0019,0.010577,0.011867,
107,108,117,0.4683,1.1299,true,0.002511,0.2332,0.009788,1.0704,0.010003,0.011209,
107,108,124,0.5185,1.1782,true,0.005937,0.2195,0.000553,1.1061,0.009486,0.010616,
