pitch,velocity,directReference,referencePitchLeft,referencePitchRight,referencePitchMix,onsetMs,referenceOnsetMs,onsetDeltaMs,earlyAttackShapeErrorDb,peakDbfs,referencePeakDbfs,peakDeltaDb,levelErrorDb,renderEnvelope0to10Dbfs,referenceEnvelope0to10Dbfs,renderEnvelope10to30Dbfs,referenceEnvelope10to30Dbfs,renderEnvelope30to80Dbfs,referenceEnvelope30to80Dbfs,renderEnvelope80to200Dbfs,referenceEnvelope80to200Dbfs,renderEnvelope200to350Dbfs,referenceEnvelope200to350Dbfs,centroidHz,referenceCentroidHz,centroidRatio,centroidComparable,above2kPowerRatio,referenceAbove2kPowerRatio,above2kDelta,postAttackShapeErrorDb,renderH2ToH1,referenceH2ToH1,renderH3ToH1,referenceH3ToH1,renderH4ToH1,referenceH4ToH1,renderH5ToH1,referenceH5ToH1,renderH6ToH1,referenceH6ToH1,h2ToH6MaxFactor,stereoWidth,referenceStereoWidth,stereoWidthDelta,stereoPan,referenceStereoPan,inharmonicityB,referenceInharmonicityB,spectralSpreadHz,referenceSpectralSpreadHz,hardFailures
21,14,true,21,21,0,16,6,10,15.1799,-13.494437,-22.6054,9.111,5.4421,-22.585383,-30.2025,-56.235601,-32.941,-27.776208,-32.3879,-31.039815,-31.7126,-32.630505,-32.7361,1060.26174,243.0606,4.3621,false,0.00003,0,0.00003,3.939,1.710779,4.119881,1.876852,106.175664,1.507384,56.356245,1.322436,47.370404,0.620692,31.805258,56.2766,0.584844,0.368424,0.21642,-0.871475,-0.432756,0.001525,0.002871,3615.153558,842.5372,
21,31,true,21,21,0,16,6,10,18.1621,-11.136618,-16.1197,4.9831,1.421,-20.92674,-46.8122,-55.326336,-24.5261,-26.125541,-27.2338,-29.725795,-26.3775,-31.318773,-27.0542,854.46093,279.8311,3.0535,false,0.000018,0.000001,0.000017,4.4566,1.674625,3.890779,1.809052,103.401425,1.469978,56.53727,1.33995,60.095668,0.654019,34.330643,56.8491,0.586148,0.419065,0.167083,-0.872402,-0.418446,0.001467,-0.01,3138.13033,608.0341,
21,36,true,21,21,0,16,10,6,19.2922,-10.512452,-14.2209,3.7084,0.0884,-20.475206,-43.7627,-54.834537,-23.1597,-25.699651,-25.3295,-29.357968,-24.6771,-30.968752,-25.4335,827.432131,298.2925,2.7739,false,0.000017,0.000001,0.000016,4.3107,1.661642,2.429209,1.78316,65.743169,1.452364,36.268972,1.339142,39.317133,0.661558,21.94512,36.6689,0.586441,0.426976,0.159465,-0.87261,-0.407949,0.001466,0.042044,3037.000488,555.8329,
21,40,true,21,21,0,16,8,8,20.0929,-10.029672,-12.5169,2.4872,-1.0903,-20.119462,-42.5233,-54.534945,-21.593,-25.368562,-23.8997,-29.065772,-23.2062,-30.693668,-23.916,1203.369039,322.8224,3.7277,false,0.000047,0.000001,0.000046,4.3907,1.651572,1.94002,1.762045,55.164623,1.438265,30.579514,1.338262,33.276622,0.666594,18.529947,31.1361,0.586669,0.439758,0.146911,-0.872771,-0.399838,0.001429,0.065266,3802.88935,532.1767,
21,45,true,21,21,0,14,8,6,9.7435,-9.43982,-10.9623,1.5225,-1.4185,-19.686777,-39.3222,-47.127144,-20.3264,-25.986149,-22.313,-27.8823,-21.6945,-30.350903,-22.4524,695.880199,353.6883,1.9675,false,0.000011,0.000003,0.000008,2.5146,1.637231,2.802239,1.73337,70.374179,1.416618,37.958401,1.332762,41.537764,0.671753,23.091408,40.3725,0.586923,0.440631,0.146292,-0.872954,-0.388939,0.001442,0.043639,2641.711906,527.5151,
21,49,true,21,21,0,14,18,-4,13.541,-8.982388,-9.8978,0.9154,-2.0235,-19.334042,-37.5882,-47.182624,-19.6002,-25.658078,-21.2538,-27.585156,-20.7924,-30.077798,-21.55,998.19633,374.279,2.667,false,0.000031,0.000007,0.000024,2.3885,1.624598,2.408453,1.709407,60.107512,1.400293,33.90011,1.330032,36.742153,0.676357,20.381781,34.9641,0.587103,0.451749,0.135354,-0.873075,-0.379538,0.001466,0.036785,3367.276201,523.9946,
21,54,true,21,21,0,14,6,8,5.8012,-8.418426,-8.9691,0.5506,-2.6213,-18.882853,-35.814,-46.521139,-17.9592,-25.244858,-20.6665,-27.210685,-19.8202,-29.729542,-20.5121,682.344711,403.6693,1.6904,false,0.000015,0.000018,0.000003,2.8122,1.608827,4.608956,1.675613,133.272695,1.373379,71.022322,1.320805,77.616176,0.679805,43.360787,79.0708,0.587315,0.45636,0.130955,-0.873235,-0.380878,0.001422,-0.009966,2518.85832,535.1318,
21,61,true,21,21,0,0,10,-10,24.2689,-7.641366,-7.9531,0.3117,-2.434,-49.270871,-33.2307,-21.246472,-17.7357,-26.214676,-19.8684,-26.312806,-19.1095,-28.62528,-19.8707,792.448747,428.6736,1.8486,false,0.000037,0.000037,0,1.5513,1.59847,3.467747,1.653584,99.358415,1.358668,54.358188,1.319172,58.058865,0.68572,32.40367,59.7315,0.587513,0.456907,0.130606,-0.873332,-0.36974,0.001373,-0.005819,2704.741756,551.6307,
21,69,true,21,21,0,0,10,-10,23.863,-6.765116,-7.4421,0.677,-2.1649,-43.799567,-32.1616,-20.482068,-17.2966,-25.514605,-19.381,-25.671112,-18.7369,-28.030837,-19.4888,957.1028,442.5592,2.1627,false,0.000112,0.000054,0.000058,1.6079,1.566833,2.911103,1.589033,79.596028,1.307486,44.582088,1.299947,47.224299,0.690537,26.388074,49.7839,0.587686,0.461361,0.126325,-0.873394,-0.367475,0.001334,-0.00841,2958.189146,556.11,
21,77,true,21,21,0,0,22,-22,24.2537,-5.927259,-6.999,1.0718,-1.976,-45.472708,-31.2087,-19.751495,-16.9281,-24.839001,-19.0428,-25.051423,-18.3062,-27.449832,-19.0932,987.235723,459.2424,2.1497,false,0.000079,0.000079,0,1.6114,1.539071,2.94142,1.531622,74.880617,1.261923,42.393474,1.281074,45.189388,0.693546,25.150157,48.5791,0.587994,0.465831,0.122163,-0.873666,-0.36502,0.001338,-0.009239,3101.964319,566.4425,
21,85,true,21,21,0,0,10,-10,26.3004,-5.10615,-6.2638,1.1577,-2.5713,-46.759713,-30.4092,-19.01038,-16.0253,-24.154164,-17.8899,-24.420988,-17.0804,-26.854543,-17.8399,716.818432,487.585,1.4701,false,0.000046,0.000162,0.000116,1.674,1.508907,0.95012,1.471014,29.016399,1.21425,15.605893,1.261324,16.653251,0.696299,9.192868,19.599,0.588229,0.465847,0.122382,-0.873859,-0.359015,0.001335,0.050694,2389.624602,596.7613,
21,93,true,21,21,0,0,8,-8,27.0757,-4.295198,-5.6783,1.3831,-2.446,-46.254399,-30.2261,-18.258782,-15.42,-23.464112,-17.3481,-23.782121,-16.5669,-26.248688,-17.3358,1420.450644,510.5886,2.782,false,0.000109,0.000225,0.000116,1.6976,1.477235,2.048588,1.40736,49.211467,1.164061,26.394069,1.239335,28.00154,0.698107,15.479938,34.7276,0.588419,0.468076,0.120343,-0.873996,-0.356745,0.001333,0.082829,4011.129617,609.742,
21,101,true,21,21,0,0,22,-22,27.5759,-3.501325,-4.6293,1.1279,-2.7503,-44.495787,-28.1115,-17.508671,-14.8511,-22.778522,-16.2031,-23.144298,-15.6248,-25.63983,-16.4187,797.556728,548.8003,1.4533,false,0.000069,0.000401,0.000332,1.7016,1.444162,1.54933,1.34213,38.141013,1.111784,20.461626,1.216371,21.861379,0.701164,11.995622,28.2155,0.58858,0.473424,0.115156,-0.874102,-0.350116,0.00131,0.082766,2576.162345,639.3116,
21,109,true,21,21,0,0,12,-12,26.0698,-2.724987,-4.3922,1.6672,-2.3831,-42.430006,-27.3536,-16.772571,-14.4175,-22.110789,-16.0415,-22.51974,-15.3674,-25.04029,-16.1904,708.227951,556.9795,1.2716,false,0.000099,0.000463,0.000364,1.6975,1.408405,1.484734,1.273421,36.470785,1.056715,19.457367,1.190013,20.951171,0.702622,11.499216,28.4246,0.588708,0.473346,0.115362,-0.874173,-0.349786,0.001311,0.042498,2196.753621,646.9998,
21,117,true,21,21,0,0,4,-4,20.6464,-2.136582,-2.8573,0.7208,-3.0314,-40.557299,-27.8777,-16.203573,-12.8381,-21.572098,-14.8991,-22.001334,-14.2006,-24.535257,-14.943,914.224503,617.5691,1.4804,false,0.00017,0.00091,0.00074,1.7916,1.392893,1.107882,1.244608,31.770085,1.033429,17.345342,1.179047,18.619779,0.70411,10.280931,25.3307,0.588796,0.484227,0.104569,-0.874207,-0.344173,0.001305,0.075543,2714.260698,696.4726,
21,124,true,21,21,0,0,20,-20,25.0921,-1.653595,-1.5687,-0.0849,-3.8645,-38.528028,-23.4088,-15.731473,-11.8386,-21.125298,-13.6006,-21.571443,-12.9377,-24.11712,-13.7294,1010.538882,665.2884,1.5189,true,0.000302,0.001512,0.00121,1.7539,1.377096,1.138458,1.21819,34.021706,1.012287,18.312736,1.168373,20.09221,0.704421,11.014907,27.7088,0.588837,0.488924,0.099913,-0.874183,-0.338924,0.001301,0.081138,2820.652778,735.293,
22,14,false,21,24,0.3333,14,9.3333,4.6667,32.5735,-13.429949,-20.3477,6.9178,3.7816,-22.543528,-36.0733,-51.917061,-30.7938,-27.593479,-30.5812,-31.136203,-30.1485,-32.145285,-31.2514,512.421307,255.7202,2.0038,false,0.000004,0,0.000004,3.9754,1.586134,6.928884,1.672729,117.150291,1.479806,93.278361,1.103703,54.383332,0.566387,41.864433,72.6499,0.583994,0.413647,0.170347,-0.870868,-0.457746,-0.000076,0.003981,2229.790833,758.1412,
22,31,false,21,24,0.3333,14,18.6667,-4.6667,29.4684,-11.073851,-15.0462,3.9723,0.5351,-20.877642,-45.6286,-52.128624,-24.111,-26.04326,-26.1214,-29.714584,-25.4804,-30.808296,-26.3376,761.607349,290.0199,2.6261,false,0.000013,0.000001,0.000012,4.3123,1.553697,5.490679,1.615136,97.27389,1.447629,81.278396,1.123558,54.369977,0.601477,37.480827,61.3119,0.58516,0.446109,0.139051,-0.871705,-0.447018,-0.000074,0.002499,2890.485103,583.0381,
22,36,false,21,24,0.3333,14,11.3333,2.6667,28.7647,-10.449651,-13.1052,2.6556,-0.8746,-20.425022,-42.415,-51.925002,-22.6148,-25.626189,-24.2099,-29.3351,-23.6912,-30.449752,-24.5629,792.978889,312.5327,2.5373,false,0.000014,0.000001,0.000013,4.2276,1.542165,4.052527,1.593332,72.367303,1.431963,61.506306,1.124124,41.535176,0.608818,28.356202,45.8393,0.585428,0.455859,0.129569,-0.871897,-0.44053,-0.000075,0.03245467,2985.970276,542.1856,
22,40,false,21,24,0.3333,14,16,-2,29.2071,-9.965171,-11.5346,1.5694,-1.9267,-20.066761,-41.6952,-51.776766,-21.4296,-25.299636,-23.0246,-29.03914,-22.3432,-30.167182,-23.185,1856.74854,333.1959,5.5725,false,0.000138,0.000001,0.000137,4.421,1.531332,3.76242,1.572735,67.856311,1.416373,58.14647,1.122299,39.310606,0.612917,26.941941,43.2673,0.585633,0.46631,0.119323,-0.87204,-0.434447,-0.00007,0.048992,4813.14526,524.3457,
22,45,false,21,24,0.3333,14,14.6667,-0.6667,26.4355,-9.376732,-10.3703,0.9936,-2.6817,-19.622819,-38.6179,-51.609687,-20.2519,-24.893798,-21.6647,-28.666788,-21.2158,-29.817342,-22.0683,871.807691,359.9351,2.4221,false,0.000019,0.000003,0.000016,4.2219,1.518856,5.147874,1.548003,86.433806,1.396329,73.117783,1.119662,49.638928,0.620095,34.023554,55.4837,0.58586,0.468811,0.117049,-0.872205,-0.427812,-0.000086,0.03212967,3094.43831,521.9729,
22,49,false,21,24,0.3333,14,21.3333,-7.3333,25.2761,-8.917286,-9.5082,0.5909,-3.1145,-19.267526,-37.4936,-51.311079,-19.5508,-24.569418,-20.8415,-28.371201,-20.4874,-29.536065,-21.3493,921.650366,375.6536,2.4535,false,0.000024,0.000006,0.000018,4.1559,1.506859,4.544185,1.525487,76.558424,1.379192,66.718204,1.116664,44.905667,0.623502,30.776217,49.8659,0.586032,0.476508,0.109524,-0.872328,-0.420987,-0.000088,0.02742433,3186.098689,519.8266,
22,54,false,21,24,0.3333,14,12,2,26.3245,-8.354072,-8.7764,0.4224,-3.4668,-18.818814,-36.2821,-50.877413,-18.5154,-24.159684,-20.3446,-27.998014,-19.7619,-29.180669,-20.5512,819.97708,396.3724,2.0687,false,0.000021,0.000013,0.000008,4.421,1.490397,6.51653,1.493342,122.389598,1.352379,102.7018,1.109163,69.545873,0.627069,47.989651,81.4183,0.586233,0.480841,0.105392,-0.872472,-0.421863,-0.000086,0.00236167,2891.711441,527.7296,
22,61,false,21,24,0.3333,0,14,-14,28.076,-7.576206,-7.9071,0.3309,-2.0404,-49.26699,-34.3032,-21.183529,-18.1732,-26.1645,-19.6659,-25.827492,-19.0178,-29.168288,-19.8649,869.694772,420.1443,2.07,false,0.00004,0.000027,0.000013,2.4937,1.479415,5.199685,1.472167,96.583004,1.334996,82.411975,1.105347,55.108348,0.630566,38.334746,65.1701,0.586447,0.483916,0.102531,-0.872592,-0.414067,-0.000093,0.00105633,2907.723813,541.2019,
22,69,false,21,24,0.3333,0,14.6667,-14.6667,26.5328,-6.702107,-7.3035,0.6014,-1.8325,-43.793186,-32.4816,-20.425442,-17.5505,-25.45892,-19.0371,-25.190031,-18.5882,-28.580103,-19.4345,1057.153815,436.977,2.4192,false,0.00012,0.000042,0.000078,2.5438,1.449394,4.533087,1.413697,79.149769,1.284854,68.335325,1.089254,45.701893,0.635228,31.947409,55.6016,0.586615,0.490867,0.095748,-0.872639,-0.412199,-0.0001,0.001224,3196.156881,548.0485,
22,77,false,21,24,0.3333,0,20,-20,25.9495,-5.863386,-6.9434,1.08,-1.5741,-45.467027,-31.8537,-19.694235,-17.1391,-24.781317,-18.7329,-24.572779,-18.2294,-28.000383,-19.1011,993.578391,452.1493,2.1975,false,0.000079,0.000059,0.00002,2.556,1.423512,4.808767,1.362795,80.728604,1.240634,70.019131,1.073752,47.006379,0.637729,32.912305,58.8133,0.586929,0.494746,0.092183,-0.872911,-0.41091,-0.000101,-0.00156333,3104.85693,556.4742,
22,85,false,21,24,0.3333,0,14.6667,-14.6667,32.3545,-5.042496,-6.2503,1.2078,-2.0253,-46.754564,-35.8205,-18.952185,-18.2646,-24.093033,-17.675,-23.945352,-17.1508,-27.404312,-18.0371,1016.528069,477.7626,2.1277,false,0.000063,0.00012,0.000057,2.5727,1.396162,2.279079,1.309609,43.262265,1.194129,36.359525,1.056884,24.409272,0.640259,17.138999,32.7917,0.58719,0.496314,0.090876,-0.873122,-0.405526,-0.000105,0.03631367,3197.070844,580.0702,
22,93,false,21,24,0.3333,0,16,-16,26.33,-4.233448,-5.5229,1.2895,-1.9331,-46.249039,-30.0668,-18.19997,-15.656,-23.399499,-17.0849,-23.308763,-16.6064,-26.795491,-17.4666,663.487875,503.9145,1.3167,false,0.000046,0.000176,0.00013,2.6265,1.36474,4.113389,1.249097,67.763581,1.140705,56.343592,1.035867,37.949449,0.641349,26.790771,53.8271,0.587411,0.502775,0.084636,-0.873283,-0.404197,-0.000108,0.05803567,2180.044898,600.3395,
22,101,false,21,24,0.3333,0,24.6667,-24.6667,29.1199,-3.437302,-4.5075,1.0702,-2.3108,-44.489672,-30.941,-17.448751,-15.6493,-22.708681,-16.1759,-22.676368,-15.5963,-26.183289,-16.5289,1819.307622,540.6544,3.365,false,0.000183,0.00032,0.000137,2.5743,1.333272,3.160166,1.189699,52.379795,1.088117,43.672537,1.014769,29.486577,0.642195,20.962301,43.6691,0.587595,0.510146,0.077449,-0.873402,-0.398333,-0.000088,0.058736,4608.506739,627.2151,
22,109,false,21,24,0.3333,0,20,-20,25.0508,-2.662579,-4.0258,1.3632,-2.0716,-42.422937,-27.6367,-16.713611,-14.6074,-22.034552,-15.6575,-22.05379,-15.2129,-25.578982,-16.1113,750.973033,560.2421,1.3404,false,0.0001,0.000412,0.000312,2.6268,1.300115,3.48753,1.128707,55.820555,1.034019,45.859756,0.992538,31.329247,0.644095,22.418058,49.0298,0.58776,0.51578,0.07198,-0.873502,-0.397318,-0.000119,0.03332,2322.051389,646.4495,
22,117,false,21,24,0.3333,0,12.6667,-12.6667,20.8134,-2.075916,-2.7579,0.682,-2.6003,-40.549373,-27.802,-16.144246,-13.4054,-21.492695,-14.802,-21.538161,-14.1686,-25.072075,-15.0524,799.899368,608.3226,1.3149,false,0.000165,0.000757,0.000592,2.65,1.284587,2.752215,1.101597,48.735174,1.010106,40.369133,0.982405,27.510063,0.644905,19.797587,43.8515,0.587861,0.524437,0.063424,-0.873544,-0.391451,-0.000121,0.04450833,2348.284224,688.2538,
22,124,false,21,24,0.3333,0,24,-24,23.6816,-1.594668,-1.543,-0.0516,-3.3157,-38.519057,-24.4644,-15.673067,-12.4387,-21.044345,-13.5756,-21.109934,-13.025,-24.650711,-13.9528,862.739921,655.4481,1.3163,true,0.00029,0.001259,0.000969,2.613,1.269653,2.740627,1.077175,49.400836,0.98866,40.447675,0.97266,27.943296,0.645548,20.049486,45.4488,0.587909,0.529125,0.058784,-0.873525,-0.386353,-0.000121,0.04820733,2360.619926,726.7569,
23,14,false,21,24,0.6667,14,12.6667,1.3333,22.3765,-13.368546,-18.09,4.7215,2.8377,-22.497358,-41.9442,-56.348976,-28.6466,-27.546738,-28.7744,-30.516117,-28.5845,-32.370289,-29.7666,497.976216,269.039,1.8509,false,0.000003,0,0.000003,3.1593,1.813469,11.653113,1.741758,129.259288,1.702394,154.390211,1.203772,62.434485,0.66544,55.105063,90.1663,0.583584,0.458871,0.124713,-0.870581,-0.482736,-0.000662,0.005091,2192.01069,682.1991,
23,31,false,21,24,0.6667,14,31.3333,-17.3333,23.7991,-11.012932,-13.9727,2.9597,0.2808,-20.8306,-44.4449,-54.63888,-23.6958,-25.993377,-25.0091,-29.071843,-24.5834,-31.08966,-25.6209,567.552766,300.5796,1.8882,false,0.000005,0,0.000005,3.5041,1.77602,7.748463,1.681597,91.50947,1.666906,116.846422,1.229273,49.189809,0.711832,40.920072,69.6857,0.584705,0.473154,0.111551,-0.871388,-0.475591,-0.000663,0.014998,2306.357897,559.0696,
23,36,false,21,24,0.6667,14,12.6667,1.3333,23.8247,-10.388465,-11.9896,1.6012,-1.2088,-20.377118,-41.0674,-54.062502,-22.0699,-25.574925,-23.0903,-28.683437,-22.7053,-30.751769,-23.6923,561.73286,327.4526,1.7155,false,0.000005,0.000001,0.000004,3.4935,1.761873,6.760627,1.65762,79.658869,1.648205,104.304738,1.230091,43.878347,0.721422,36.640227,62.9082,0.58497,0.484741,0.100229,-0.871579,-0.47311,-0.000664,0.02286533,2293.350451,528.8734,
23,40,false,21,24,0.6667,14,24,-10,25.0232,-9.904296,-10.5523,0.648,-2.1284,-20.019488,-40.8671,-53.544297,-21.2663,-25.246226,-22.1496,-28.377809,-21.4801,-30.487113,-22.4541,672.700132,343.9028,1.9561,false,0.000009,0.000001,0.000008,3.801,1.749852,7.296729,1.636924,83.467966,1.632103,110.564607,1.230079,46.438721,0.728414,39.172706,67.3372,0.585175,0.492863,0.092312,-0.871724,-0.469057,-0.000668,0.032718,2600.445275,516.6299,
23,45,false,21,24,0.6667,14,21.3333,-7.3333,23.3278,-9.316498,-9.7783,0.4618,-2.4937,-19.573939,-37.9136,-52.875101,-20.1775,-24.838669,-21.0164,-28.000019,-20.737,-30.158566,-21.6842,700.329131,366.2922,1.9119,false,0.00001,0.000002,0.000008,3.4407,1.734503,9.456941,1.610198,106.158294,1.609175,140.843924,1.227668,59.320073,0.735982,50.131296,86.9912,0.585391,0.496991,0.0884,-0.871881,-0.466684,-0.000669,0.02062033,2654.386371,516.4889,
23,49,false,21,24,0.6667,14,24.6667,-10.6667,23.3125,-8.856714,-9.1186,0.2619,-2.7456,-19.223062,-37.399,-52.272674,-19.5015,-24.512656,-20.4292,-27.697331,-20.1824,-29.894971,-21.1487,742.105581,377.0332,1.9683,false,0.000013,0.000004,0.000009,3.4315,1.721916,8.57381,1.587179,97.51181,1.587822,131.306911,1.223302,54.882982,0.741361,46.471676,82.1849,0.585556,0.501266,0.08429,-0.871995,-0.462437,-0.000674,0.01806367,2757.995263,515.6918,
23,54,false,21,24,0.6667,14,18,-4,24.2155,-8.293717,-8.5838,0.2901,-2.8431,-18.768807,-36.7502,-51.512104,-19.0716,-24.102397,-20.0227,-27.316102,-19.7037,-29.561119,-20.5903,852.512145,389.2073,2.1904,false,0.000024,0.000008,0.000016,3.5326,1.704733,9.213619,1.556781,112.395219,1.56084,148.511897,1.217673,62.314697,0.746989,53.112656,94.5493,0.585755,0.505322,0.080433,-0.872141,-0.462848,-0.000683,0.01468933,2964.833893,520.4299,
23,61,false,21,24,0.6667,0,18,-18,10.4392,-7.51596,-7.861,0.3451,-2.4452,-49.26292,-35.3757,-21.133656,-18.6106,-25.263574,-19.4633,-26.140558,-18.9261,-28.345737,-19.8591,841.039874,411.7847,2.0424,false,0.000038,0.000018,0.00002,1.4142,1.691436,7.796625,1.533879,93.885119,1.540977,124.944078,1.213548,52.307775,0.753124,45.35143,80.5648,0.585959,0.510924,0.075035,-0.872258,-0.458394,-0.000713,0.00793167,2832.446072,530.9702,
23,69,false,21,24,0.6667,0,19.3333,-19.3333,9.5485,-6.64225,-7.1648,0.5226,-2.3283,-43.786651,-32.8015,-20.37458,-17.8044,-24.496726,-18.6932,-25.537172,-18.4395,-27.757347,-19.3803,965.970024,431.4653,2.2388,false,0.000112,0.000029,0.000083,1.2941,1.655875,7.058796,1.471191,78.706012,1.482941,104.744233,1.19553,44.228567,0.758472,38.677963,70.1664,0.586127,0.520374,0.065753,-0.872305,-0.456922,-0.000719,0.010858,2967.247822,540.1039,
23,77,false,21,24,0.6667,0,18,-18,9.2935,-5.803815,-6.8878,1.0839,-2.023,-45.461181,-32.4988,-19.642555,-17.3501,-23.785505,-18.423,-24.944958,-18.1527,-27.177708,-19.109,953.166581,445.1657,2.1412,false,0.000076,0.00004,0.000036,1.4298,1.625872,7.861591,1.417422,87.033305,1.429687,115.647014,1.176676,48.896427,0.762284,43.070101,80.3348,0.58642,0.52366,0.06276,-0.872544,-0.456801,-0.000732,0.00611233,3006.186603,546.6814,
23,85,false,21,24,0.6667,0,19.3333,-19.3333,21.5403,-4.98284,-6.2367,1.2539,-2.3432,-46.749241,-41.2317,-18.900258,-20.504,-23.071173,-17.4602,-24.333621,-17.2212,-26.582611,-18.2342,773.685363,468.1381,1.6527,false,0.000048,0.000078,0.00003,1.5015,1.593378,5.466887,1.360251,64.502269,1.374408,84.712554,1.157423,35.777554,0.764471,31.953606,61.1977,0.58667,0.526782,0.059888,-0.872763,-0.452038,-0.000725,0.02193333,2561.695448,563.846,
23,93,false,21,24,0.6667,0,24,-24,10.1821,-4.17356,-5.3676,1.194,-2.2925,-46.243506,-29.9075,-18.147122,-15.892,-22.366158,-16.8217,-23.707771,-16.6459,-25.97406,-17.5974,750.911505,497.3276,1.5099,false,0.00005,0.000127,0.000077,1.5173,1.559237,8.259331,1.300277,93.309613,1.315218,120.277037,1.135138,51.431481,0.766686,46.366168,90.7677,0.586878,0.537473,0.049405,-0.872915,-0.451648,-0.000731,0.03324233,2487.683267,591.082,
23,101,false,21,24,0.6667,0,27.3333,-27.3333,16.7727,-3.378067,-4.3858,1.0077,-2.7422,-44.483395,-33.7705,-17.396018,-16.4476,-21.673312,-16.1486,-23.07928,-15.5678,-25.36224,-16.6391,826.257653,532.6294,1.5513,false,0.00007,0.000239,0.000169,1.9868,1.523474,6.445784,1.238709,71.93419,1.254775,93.213045,1.111982,39.771427,0.768558,36.631538,73.7072,0.587055,0.546868,0.040187,-0.87303,-0.44655,-0.000737,0.034706,2649.81932,615.3476,
23,109,false,21,24,0.6667,0,28,-28,11.5792,-2.603904,-3.6594,1.0555,-2.6338,-42.415721,-27.9199,-16.658597,-14.7972,-21.001493,-15.2736,-22.461548,-15.0585,-24.759007,-16.0322,913.83852,563.5238,1.6217,false,0.000107,0.000362,0.000255,1.6752,1.484852,8.191949,1.174539,85.436449,1.192576,108.088481,1.086747,46.848061,0.769154,43.70466,89.8891,0.587211,0.558213,0.028998,-0.873121,-0.444849,-0.000748,0.024142,2823.328096,645.8997,
23,117,false,21,24,0.6667,0,21.3333,-21.3333,9.0893,-2.017939,-2.6584,0.6405,-3.043,-40.541313,-27.7264,-16.088678,-13.9727,-20.457778,-14.7049,-21.948734,-14.1365,-24.252683,-15.1619,883.472714,599.2144,1.4744,false,0.000167,0.000603,0.000436,2.0594,1.467736,6.837091,1.146827,74.759546,1.16546,93.954152,1.075472,40.645141,0.770294,38.123441,79.9382,0.58731,0.564647,0.022663,-0.873163,-0.438728,-0.000755,0.01347367,2620.628292,680.1319,
23,124,false,21,24,0.6667,0,28,-28,10.8451,-1.536918,-1.5174,-0.0196,-3.6423,-38.509971,-25.5201,-15.616341,-13.0388,-20.00613,-13.5506,-21.523855,-13.1123,-23.832282,-14.1761,977.580606,645.7534,1.5139,true,0.000295,0.001006,0.000711,1.9561,1.451491,6.597551,1.122563,71.731929,1.14203,89.337519,1.065045,38.862215,0.770956,36.494353,77.5566,0.587353,0.569326,0.018027,-0.873142,-0.433781,-0.000749,0.01527667,2717.751127,718.3199,
24,14,true,24,24,0,12,16,-4,26.6615,-13.310469,-15.8324,2.5219,1.7883,-22.471262,-47.8151,-52.372888,-26.4994,-27.469379,-26.9677,-30.001422,-27.0205,-32.093285,-28.2818,1466.477042,283.0516,5.181,false,0.000054,0,0.000054,2.4792,1.489,19.598399,1.447286,142.619906,1.3915,255.53984,1.100422,71.677567,0.581555,72.53336,182.3402,0.583801,0.504094,0.079707,-0.870745,-0.507726,0.000485,0.006201,4324.608339,613.8639,
24,31,true,24,24,0,12,44,-32,27.1959,-10.955054,-12.8991,1.9441,-0.1263,-20.798459,-43.2612,-51.808231,-23.2807,-25.910423,-23.8967,-28.581921,-23.6863,-30.788984,-24.9043,1113.287349,311.5239,3.5737,false,0.000032,0,0.000032,2.8819,1.458617,10.934655,1.399302,86.086648,1.365272,167.979279,1.128929,44.503188,0.626357,44.674902,122.1499,0.584962,0.500198,0.084764,-0.871584,-0.504163,0.000466,0.027497,3656.306942,536.0865,
24,36,true,24,24,0,12,14,-2,26.9233,-10.331372,-10.874,0.5426,-1.7148,-20.34331,-39.7197,-51.332487,-21.5249,-25.49123,-21.9707,-28.203553,-21.7194,-30.440899,-22.8217,1420.615288,343.0849,4.1407,false,0.00006,0.000001,0.000059,2.9636,1.446738,11.278413,1.378638,87.685117,1.348862,176.883952,1.128905,46.353707,0.634428,47.344361,130.178,0.585232,0.513624,0.071608,-0.871776,-0.505691,0.000482,0.013276,4183.931737,515.888,
24,40,true,24,24,0,12,32,-20,28.3728,-9.847044,-9.57,-0.2771,-2.5196,-19.984726,-40.039,-50.986389,-21.103,-25.162543,-21.2745,-27.90597,-20.6171,-30.168135,-21.7232,1332.249744,354.9538,3.7533,false,0.000054,0.000001,0.000053,3.4009,1.437032,14.151069,1.361515,102.671385,1.335739,210.23688,1.129419,54.859362,0.641425,56.955842,156.2315,0.585436,0.519415,0.066021,-0.87192,-0.503666,0.000472,0.016444,4026.553018,509.0276,
24,45,true,24,24,0,12,28,-16,26.3162,-9.258726,-9.1863,-0.0724,-2.5098,-19.540427,-37.2093,-50.491583,-20.103,-24.753384,-20.3681,-27.537348,-20.2583,-29.828353,-21.3001,572.801773,372.7616,1.5366,false,0.000005,0.000002,0.000003,2.8938,1.423762,17.372945,1.337735,130.383978,1.315374,271.302139,1.125895,70.889344,0.647902,73.864912,204.7061,0.585664,0.525171,0.060493,-0.872089,-0.505557,0.000466,0.009111,2256.29842,511.0625,
24,49,true,24,24,0,12,28,-16,26.8846,-8.799535,-8.729,-0.0705,-2.5961,-19.182642,-37.3043,-50.045905,-19.4521,-24.426571,-20.0169,-27.242794,-19.8774,-29.55511,-20.948,641.648987,378.4179,1.6956,false,0.000007,0.000003,0.000004,2.9557,1.412881,16.176767,1.318305,124.199958,1.298545,258.422797,1.122837,67.077096,0.652823,70.17161,197.4963,0.585808,0.526025,0.059783,-0.872194,-0.503886,0.000452,0.008703,2446.229591,511.5898,
24,54,true,24,24,0,12,24,-12,25.8851,-8.236668,-8.3912,0.1545,-2.4565,-18.732623,-37.2183,-49.426131,-19.6278,-24.015171,-19.7007,-26.871266,-19.6455,-29.210564,-20.6293,530.814024,382.1718,1.3889,false,0.000009,0.000003,0.000006,2.9113,1.398575,13.02699,1.292525,103.216985,1.275053,214.75557,1.117113,55.835397,0.657993,58.782554,167.1258,0.585998,0.529803,0.056195,-0.872329,-0.503833,0.000449,0.027017,1987.002182,513.2311,
24,61,true,24,24,0,0,22,-22,20.6544,-7.45901,-7.815,0.356,-2.7712,-49.258656,-36.4482,-21.093247,-19.0481,-23.920688,-19.2608,-26.374841,-18.8343,-28.834806,-19.8533,451.086038,403.5914,1.1177,false,0.000026,0.000008,0.000018,2.8806,1.386955,11.690585,1.272447,91.262595,1.257144,189.426628,1.114431,49.649525,0.664145,53.652428,149.4989,0.586184,0.537933,0.048251,-0.872431,-0.502721,0.000437,0.014807,1393.944915,520.932,
24,69,true,24,24,0,0,24,-24,18.7539,-6.585399,-7.0262,0.4408,-2.7172,-43.779964,-33.1215,-20.333362,-18.0583,-23.18512,-18.3493,-25.777303,-18.2908,-28.244636,-19.3261,593.67345,426.0231,1.3935,false,0.0001,0.000017,0.000083,2.6506,1.357944,10.991757,1.220726,78.264743,1.207504,160.551726,1.096804,42.802737,0.669004,46.826484,131.8778,0.586323,0.54988,0.036443,-0.872456,-0.501646,0.000426,0.020492,1715.57352,532.2744,
24,77,true,24,24,0,0,16,-16,18.88,-5.746869,-6.8321,1.0853,-2.3433,-45.455167,-33.1439,-19.600211,-17.5611,-22.490997,-18.1131,-25.18848,-18.0759,-27.662365,-19.1169,528.229981,438.29,1.2052,false,0.000061,0.00002,0.000041,2.7346,1.333926,12.852486,1.176633,93.830386,1.165689,191.008252,1.081726,50.862472,0.673066,56.36292,162.4735,0.586598,0.552575,0.034023,-0.872699,-0.502691,0.000422,0.013788,1527.632946,537.0609,
24,85,true,24,24,0,0,24,-24,22.4332,-4.926452,-6.2231,1.2967,-2.5199,-46.743737,-46.643,-18.856033,-22.7433,-21.79908,-17.2453,-24.58075,-17.2915,-27.063823,-18.4314,485.939482,458.7075,1.0594,false,0.000041,0.000036,0.000005,2.7355,1.308144,13.113571,1.129733,96.170246,1.120562,197.368279,1.063988,52.440455,0.675929,59.573662,174.5842,0.586819,0.557249,0.02957,-0.87288,-0.498549,0.000418,0.007553,1393.91392,548.0756,
24,93,true,24,24,0,0,32,-32,18.1835,-4.118254,-5.2122,1.0939,-2.5029,-46.237793,-29.7482,-18.102197,-16.128,-21.111173,-16.5585,-23.957629,-16.6855,-26.45224,-17.7282,915.036223,490.8268,1.8643,false,0.000054,0.000078,0.000024,2.7194,1.280326,16.584028,1.080019,128.486182,1.071577,256.75618,1.043268,69.70318,0.67754,80.244856,237.3998,0.587,0.572172,0.014828,-0.873009,-0.4991,0.00042,0.008449,2938.761215,581.9672,
24,101,true,24,24,0,0,30,-30,21.2984,-3.32247,-4.264,0.9415,-3.0228,-44.476951,-36.5999,-17.349881,-17.2459,-20.42796,-16.1214,-23.331447,-15.5393,-25.837406,-16.7492,603.164548,524.7235,1.1495,false,0.000062,0.000158,0.000096,3.4855,1.250821,13.147453,1.028282,98.788622,1.021451,198.950471,1.021566,53.643608,0.679422,64.013466,192.8938,0.587122,0.58359,0.003532,-0.873087,-0.494767,0.000408,0.010676,1864.265714,603.7046,
24,109,true,24,24,0,0,36,-36,18.0509,-2.548273,-3.293,0.7447,-3.042,-42.408353,-28.203,-16.61207,-14.9871,-19.768097,-14.8897,-22.715253,-14.904,-25.230654,-15.9531,599.194814,566.8247,1.0571,false,0.000097,0.000311,0.000214,2.9328,1.219517,19.24228,0.975101,130.765214,0.969398,254.757564,0.997741,70.054056,0.680396,85.203514,260.1267,0.587236,0.600647,0.013411,-0.873147,-0.492381,0.000402,0.014964,1707.348695,645.3504,
24,117,true,24,24,0,0,30,-30,18.964,-1.962421,-2.559,0.5965,-3.3299,-40.533117,-27.6508,-16.049423,-14.54,-19.232309,-14.6078,-22.203569,-14.1044,-24.722386,-15.2714,718.723039,590.2427,1.2177,false,0.00016,0.00045,0.00029,3.4746,1.204914,16.984794,0.951723,114.680822,0.946485,218.666639,0.986809,60.051754,0.680918,73.412821,228.6253,0.58731,0.604857,0.017547,-0.873164,-0.486006,0.000398,-0.017561,2052.463423,672.1059,
24,124,true,24,24,0,0,32,-32,18.214,-1.481974,-1.4917,0.0097,-3.8097,-38.500767,-26.5758,-15.571905,-13.6388,-18.788431,-13.5256,-21.778565,-13.1996,-24.298556,-14.3995,801.384512,636.202,1.2596,false,0.000276,0.000753,0.000477,3.3162,1.190761,15.88238,0.930706,104.157542,0.925803,197.321411,0.975975,54.047731,0.680959,66.427526,210.8685,0.587339,0.609527,0.022188,-0.873139,-0.48121,0.000395,-0.017654,2148.871138,709.9809,
25,14,false,24,27,0.3333,12,12.6667,-0.6667,7.3545,-13.255927,-16.3015,3.0456,2.0128,-22.443284,-48.3089,-50.430829,-26.4682,-27.415289,-26.779,-29.93121,-27.1748,-31.686387,-28.2681,1348.668162,278.3143,4.8458,false,0.000038,0,0.000038,2.1202,1.46253,25.016196,1.435834,103.420274,1.395841,134.252208,1.115411,51.941359,0.569723,39.015162,95.5031,0.584108,0.546377,0.037731,-0.870976,-0.51103,-0.00066,-0.00749733,4133.724477,723.7438,
25,31,false,24,27,0.3333,12,32.6667,-20.6667,6.4389,-10.900016,-12.986,2.0859,-0.1737,-20.766895,-41.9978,-45.189486,-22.8672,-25.863664,-23.4375,-28.505242,-23.5623,-30.379474,-24.7172,528.903345,303.3033,1.7438,false,0.000003,0,0.000003,2.5168,1.43329,15.564947,1.388313,66.431693,1.372795,94.844448,1.149978,35.462092,0.61913,26.657815,68.5962,0.585422,0.557039,0.028383,-0.871924,-0.493261,-0.000644,0.04367833,2197.3624,606.4089,
25,36,false,24,27,0.3333,12,12.6667,-0.6667,7.17,-10.276466,-11.5503,1.2738,-1.1596,-20.310826,-40.6452,-43.764779,-21.6634,-25.447728,-22.0726,-28.124232,-22.1953,-30.03193,-23.2752,464.188915,329.11,1.4104,false,0.000002,0.000001,0.000001,2.5538,1.422419,16.05657,1.369227,68.330493,1.358494,99.784321,1.152968,37.081378,0.629544,28.117349,72.9227,0.585726,0.56916,0.016566,-0.87214,-0.496029,-0.000636,-0.00081033,1920.754665,592.4761,
25,40,false,24,27,0.3333,12,26.6667,-14.6667,7.2637,-9.79373,-10.0739,0.2802,-2.1132,-19.954917,-40.1672,-42.68295,-20.7575,-25.122085,-21.084,-27.825445,-20.943,-29.759121,-22.0604,598.134174,349.3391,1.7122,false,0.000005,0.000001,0.000004,2.8444,1.413558,16.201735,1.352654,67.093461,1.345525,100.218967,1.154151,37.080967,0.637214,28.535304,73.9411,0.585936,0.578787,0.007149,-0.872288,-0.485258,-0.000633,0.00132567,2372.605677,572.5186,
25,45,false,24,27,0.3333,12,22,-10,7.8145,-9.20446,-9.3961,0.1917,-2.431,-19.505374,-37.2714,-41.397627,-19.6292,-24.719005,-19.9795,-27.455287,-20.255,-29.419882,-21.3161,437.129528,370.3556,1.1803,false,0.000002,0.000003,0.000001,2.4608,1.4007,14.020999,1.329978,59.465923,1.326087,89.764973,1.152077,33.33392,0.644717,25.915283,67.1925,0.586186,0.585873,0.000313,-0.87247,-0.479194,-0.000635,-0.003984,1724.877338,563.954,
25,49,false,24,27,0.3333,12,24,-12,6.2839,-8.746255,-9.0559,0.3097,-2.4212,-19.150874,-37.6113,-40.428026,-19.1372,-24.396514,-19.6899,-27.159103,-19.9687,-29.147686,-21.0833,312.434285,371.629,1.1895,false,0.000003,0.000004,0.000001,2.4838,1.39016,14.507923,1.31048,61.165699,1.308967,92.820483,1.149192,34.297052,0.650081,26.737367,70.3812,0.586362,0.583722,0.00264,-0.872594,-0.477984,-0.000634,-0.004594,876.600241,562.6118,
25,54,false,24,27,0.3333,12,20,-8,8.9769,-8.183469,-8.3751,0.1916,-2.6314,-18.698861,-36.6439,-39.279208,-18.877,-23.992432,-19.0542,-26.785687,-19.385,-28.80367,-20.3937,737.97352,389.5981,1.8942,false,0.000014,0.000011,0.000003,2.4625,1.376077,14.576608,1.284777,61.810407,1.285721,93.100567,1.143922,34.601973,0.655771,27.453299,71.86,0.58655,0.588746,0.002196,-0.872725,-0.470194,-0.000631,0.00815133,2674.117146,560.8969,
25,61,false,24,27,0.3333,0,19.3333,-19.3333,23.4679,-7.405988,-7.717,0.311,-2.9044,-49.2542,-35.5412,-21.063255,-18.1568,-23.3562,-18.5226,-26.257054,-18.5833,-28.626687,-19.6672,425.754226,412.1795,1.0329,false,0.000026,0.000025,0.000001,2.8401,1.364377,15.26237,1.263731,64.634745,1.268274,97.75412,1.141959,36.645257,0.662303,29.593849,76.4813,0.586732,0.599058,0.012326,-0.872825,-0.466351,-0.00064,0.00255333,1237.021109,566.2705,
25,69,false,24,27,0.3333,0,20,-20,22.1148,-6.532158,-6.8594,0.3273,-2.975,-43.773124,-32.7376,-20.298834,-17.2609,-22.663981,-17.6033,-25.631567,-17.8873,-28.042749,-18.9656,646.254233,440.5836,1.4668,false,0.000101,0.000061,0.00004,2.6835,1.336084,16.108833,1.212493,64.462369,1.219786,95.206928,1.125133,36.230516,0.667785,29.83258,77.4256,0.586878,0.604558,0.01768,-0.87286,-0.457765,-0.00064,0.0072,1959.650609,577.85,
25,77,false,24,27,0.3333,0,14.6667,-14.6667,21.301,-5.693926,-6.656,0.962,-2.6503,-45.448987,-32.2371,-19.565143,-16.6888,-21.99838,-17.304,-25.02482,-17.6053,-27.465482,-18.7272,520.585727,451.9701,1.1518,false,0.000062,0.000077,0.000015,2.7251,1.31263,20.169927,1.168149,80.816135,1.176428,118.97995,1.108858,45.362165,0.671779,37.799017,100.2926,0.58713,0.605937,0.018807,-0.873085,-0.456528,-0.000637,-0.00163867,1499.223002,581.3374,
25,85,false,24,27,0.3333,0,20.6667,-20.6667,20.4538,-4.874015,-6.2206,1.3466,-2.5789,-46.73806,-40.8297,-18.821309,-20.1176,-21.324561,-16.6754,-24.406647,-17.0585,-26.872197,-18.2563,495.344519,467.4285,1.0597,false,0.000042,0.000092,0.00005,2.699,1.287529,17.298996,1.121169,69.51179,1.130114,102.740141,1.090058,39.084711,0.674527,33.260992,90.1227,0.587323,0.608975,0.021652,-0.873243,-0.453476,-0.000633,-0.004896,1463.845261,591.2853,
25,93,false,24,27,0.3333,0,25.3333,-25.3333,20.0227,-4.06539,-5.2526,1.1873,-2.6784,-46.23191,-29.4549,-18.065857,-15.394,-20.643543,-15.9418,-23.778772,-16.3311,-26.265761,-17.4747,490.427887,502.1136,1.0238,false,0.000044,0.000182,0.000138,2.746,1.260379,18.020946,1.071445,75.110124,1.080798,109.462166,1.068795,42.290262,0.676356,36.3776,100.3597,0.587457,0.619949,0.032492,-0.873341,-0.447386,-0.000629,-0.00363267,1412.710523,617.9647,
25,101,false,24,27,0.3333,0,24,-24,22.3775,-3.271174,-4.4096,1.1384,-3.0017,-44.470346,-34.5497,-17.312913,-16.088,-19.966993,-15.4538,-23.151336,-15.3803,-25.65609,-16.5822,525.717594,533.4233,1.0147,false,0.000063,0.000295,0.000232,3.2578,1.231585,12.713205,1.02002,52.972007,1.029706,76.499037,1.045799,29.511003,0.677608,26.023552,73.5872,0.587546,0.628796,0.04125,-0.873393,-0.441972,-0.000625,-0.001927,1496.934252,639.3944,
25,109,false,24,27,0.3333,0,28,-28,19.682,-2.496746,-3.5079,1.0112,-3.0538,-42.400839,-28.0728,-16.574192,-14.3193,-19.307581,-14.3943,-22.536144,-14.713,-25.054631,-15.813,587.793827,573.1888,1.0255,false,0.000099,0.000498,0.000399,2.9099,1.201261,17.267717,0.967565,67.404512,0.977559,95.249757,1.021418,37.113183,0.678578,33.389776,96.4598,0.587617,0.640217,0.0526,-0.873422,-0.435383,-0.000621,0.00012033,1664.805016,676.6619,
25,117,false,24,27,0.3333,0,24.6667,-24.6667,19.6829,-1.910822,-2.6763,0.7655,-3.4587,-40.52479,-26.8704,-16.004503,-13.6036,-18.774015,-13.8093,-22.022694,-13.7947,-24.549991,-14.9669,794.085009,607.6301,1.3069,false,0.000164,0.00082,0.000656,3.2633,1.187026,15.026157,0.944865,56.894757,0.95528,79.650459,1.010843,30.990832,0.679329,28.11362,82.5258,0.587681,0.641767,0.054086,-0.873439,-0.423972,-0.000619,-0.02191667,2334.893211,706.9083,
25,124,false,24,27,0.3333,0,26,-26,19.1748,-1.430324,-1.5105,0.0802,-3.9667,-38.49145,-25.8557,-15.532175,-12.7172,-18.332284,-12.7245,-21.597716,-12.8618,-24.131114,-14.03,880.685523,650.3082,1.3543,true,0.000288,0.00121,0.000922,3.1282,1.173028,16.208592,0.924472,60.033179,0.935552,82.482413,1.000851,31.976396,0.679771,29.259102,87.2426,0.587707,0.641431,0.053724,-0.873407,-0.417643,-0.000625,-0.02111567,2429.546436,744.4084,
26,14,false,24,27,0.6667,12,9.3333,2.6667,14.3001,-13.204133,-16.7706,3.5665,2.9097,-22.425018,-48.8028,-28.870199,-26.4369,-28.879185,-26.5904,-29.188617,-27.3291,-32.400393,-28.2545,331.865108,273.6564,1.2127,false,0.000001,0,0.000001,2.2864,1.784031,31.931692,1.632695,74.994813,1.595771,70.531685,1.127008,37.639458,0.648906,20.985969,45.6596,0.584317,0.588661,0.004344,-0.871131,-0.514335,-0.000445,-0.02119567,1490.38234,853.292,
26,31,false,24,27,0.6667,12,21.3333,-9.3333,13.7916,-10.848982,-13.0728,2.2238,0.4407,-20.749315,-40.7343,-27.223167,-22.4538,-27.336757,-22.9783,-27.766872,-23.4383,-31.095558,-24.5302,1633.288958,295.2997,5.531,false,0.000067,0,0.000067,2.2368,1.751128,22.155941,1.583179,51.264277,1.577816,53.551065,1.171775,28.25775,0.715052,15.906898,33.7325,0.585779,0.613879,0.0281,-0.872166,-0.48236,-0.000422,0.05985967,4523.570372,685.9559,
26,36,false,24,27,0.6667,12,11.3333,0.6667,15.5911,-10.22553,-12.2266,2.0011,0.0534,-20.288972,-41.5706,-26.785297,-21.8019,-26.91905,-22.1746,-27.387044,-22.6712,-30.747549,-23.7287,384.45275,315.7044,1.2178,false,0.000001,0,0.000001,2.303,1.73667,22.859016,1.560961,53.247991,1.560221,56.290639,1.175184,29.663832,0.728026,16.698616,35.8552,0.58613,0.624696,0.038566,-0.872432,-0.486366,-0.000452,-0.01489667,1570.744941,680.4343,
26,40,false,24,27,0.6667,12,21.3333,-9.3333,15.3475,-9.74352,-10.5778,0.8343,-1.0514,-19.929046,-40.2954,-26.441288,-20.4121,-26.59084,-20.8936,-27.089543,-21.2688,-30.473864,-22.3977,422.729193,343.8132,1.2295,false,0.000001,0.000001,0,2.2555,1.725066,18.549568,1.542071,43.844081,1.545582,47.773927,1.176703,25.064056,0.737513,14.296401,30.7177,0.586377,0.638159,0.051782,-0.872609,-0.46685,-0.000451,-0.01379267,1708.57604,643.9288,
26,45,false,24,27,0.6667,12,16,-4,16.9827,-9.154348,-9.6059,0.4516,-1.6997,-19.482238,-37.3334,-26.014621,-19.1555,-26.184598,-19.591,-26.720732,-20.2517,-30.133949,-21.3322,395.862086,367.9651,1.0758,false,0.000002,0.000005,0.000003,2.3327,1.709539,11.31578,1.515895,27.1214,1.523547,29.700283,1.175607,15.674432,0.747406,9.092299,19.3736,0.586666,0.646574,0.059908,-0.872814,-0.452831,-0.000454,-0.017079,1514.033806,622.3195,
26,49,false,24,27,0.6667,12,20,-8,16.2695,-8.697078,-9.3828,0.6857,-1.5962,-19.124036,-37.9184,-25.673581,-18.8222,-25.859006,-19.3629,-26.425392,-20.0599,-29.861533,-21.2185,1461.338129,364.9618,4.0041,false,0.000064,0.000005,0.000059,2.2775,1.697988,13.011242,1.495047,30.122738,1.505965,33.339327,1.174769,17.536356,0.755841,10.187693,21.9987,0.586856,0.641419,0.054563,-0.872941,-0.452082,-0.000425,-0.017891,4207.003433,618.7224,
26,54,false,24,27,0.6667,12,16,-4,19.4626,-8.134355,-8.359,0.2247,-2.1607,-18.672512,-36.0696,-25.243461,-18.1263,-25.450507,-18.4076,-26.054341,-19.1244,-29.515721,-20.1581,1047.413916,397.1686,2.6372,false,0.000027,0.000019,0.000008,2.4276,1.679652,16.310559,1.464813,37.014513,1.478368,40.360842,1.169123,21.443325,0.762188,12.821553,27.1242,0.587074,0.647688,0.060614,-0.873104,-0.436554,-0.000463,-0.01071433,3422.707814,612.9896,
26,61,false,24,27,0.6667,0,16.6667,-16.6667,7.6979,-7.357409,-7.619,0.2616,-3.1226,-49.249548,-34.6341,-21.03599,-17.2654,-23.343028,-17.7844,-26.224191,-18.3323,-27.989508,-19.4811,856.794091,420.9503,2.0354,false,0.000034,0.000041,0.000007,2.3332,1.66591,19.925429,1.441065,45.776151,1.458649,50.446276,1.16674,27.047083,0.770891,16.323509,34.3556,0.587301,0.660184,0.072883,-0.873236,-0.42998,-0.00048,-0.00970033,2880.099079,615.5548,
26,69,false,24,27,0.6667,0,16,-16,7.3769,-6.483185,-6.6927,0.2095,-3.3397,-43.766129,-32.3538,-20.273871,-16.4636,-22.648313,-16.8572,-25.592735,-17.4838,-27.40443,-18.605,689.22355,455.6418,1.5126,false,0.000098,0.000106,0.000008,2.3179,1.63078,23.6081,1.380751,53.094112,1.400905,56.457562,1.147639,30.667438,0.777179,19.005972,40.0222,0.587464,0.659237,0.071773,-0.87328,-0.413884,-0.000494,-0.006092,2126.229281,627.3279,
26,77,false,24,27,0.6667,0,13.3333,-13.3333,5.9604,-5.645413,-6.4798,0.8344,-3.077,-45.442639,-31.3304,-19.539322,-15.8165,-21.979953,-16.4948,-24.980939,-17.1346,-26.826709,-18.3376,539.978222,466.0773,1.1586,false,0.000059,0.000135,0.000076,2.3612,1.601845,31.653485,1.330274,69.606957,1.350304,74.113177,1.130648,40.456666,0.782007,25.349391,54.4902,0.587718,0.659299,0.071581,-0.873505,-0.410366,-0.000496,-0.01706533,1601.735828,629.2641,
26,85,false,24,27,0.6667,0,17.3333,-17.3333,9.8834,-4.825933,-6.2181,1.3922,-2.7629,-46.732202,-35.0165,-18.793916,-17.4919,-21.303594,-16.1054,-24.357645,-16.8255,-26.233099,-18.0813,533.874535,476.3153,1.1208,false,0.00004,0.000148,0.000108,2.334,1.570764,22.820271,1.276771,50.243076,1.296313,53.481424,1.110901,29.130462,0.785368,18.570179,40.9484,0.5879,0.660702,0.072802,-0.873656,-0.408402,-0.000498,-0.017345,1660.582484,637.9017,
26,93,false,24,27,0.6667,0,18.6667,-18.6667,5.3193,-4.016217,-5.2931,1.2769,-2.9781,-46.22585,-29.1615,-18.038817,-14.6599,-20.620268,-15.3252,-23.723984,-15.9766,-25.626476,-17.2213,552.340278,513.66,1.0753,false,0.000042,0.000287,0.000245,2.4523,1.537411,19.582366,1.220011,43.907684,1.238765,46.666708,1.088262,25.658317,0.787396,16.491148,37.3783,0.588029,0.667726,0.079697,-0.873748,-0.395672,-0.000502,-0.01571433,1731.525437,656.1887,
26,101,false,24,27,0.6667,0,18,-18,9.8594,-3.223948,-4.5552,1.3312,-3.0996,-44.463577,-32.4994,-17.285318,-14.93,-19.94111,-14.7862,-23.090185,-15.2213,-25.016674,-16.4152,533.631253,542.2674,1.0162,false,0.00006,0.000432,0.000372,2.7139,1.501997,12.293299,1.161129,28.40442,1.179104,29.414872,1.063532,16.234913,0.788414,10.579418,24.7454,0.588109,0.674001,0.085892,-0.873794,-0.389177,-0.000506,-0.01453,1543.011028,677.1942,
26,109,false,24,27,0.6667,0,20,-20,6.7801,-2.449355,-3.7229,1.2735,-3.1767,-42.393177,-27.9426,-16.546168,-13.6515,-19.278761,-13.899,-22.468082,-14.5221,-24.415197,-15.6729,588.841422,579.6244,1.0159,false,0.000094,0.000685,0.000591,2.5663,1.464941,15.495775,1.101315,34.744471,1.118546,35.612353,1.037439,19.661793,0.78912,13.084872,31.5648,0.588162,0.679786,0.091624,-0.87381,-0.378384,-0.000509,-0.01472333,1675.741125,709.4925,
26,117,false,24,27,0.6667,0,19.3333,-19.3333,6.0362,-1.863406,-2.7936,0.9302,-3.6981,-40.516327,-26.09,-15.97608,-12.6672,-18.743745,-13.0107,-21.952333,-13.4849,-23.910772,-14.6625,964.169874,625.5298,1.5414,true,0.000162,0.00119,0.001028,2.7344,1.448099,13.293385,1.075699,28.226283,1.093257,29.013093,1.026306,15.993399,0.789786,10.76618,26.3067,0.588231,0.678678,0.090447,-0.873831,-0.361937,-0.000512,-0.02627233,2846.631254,743.5128,
26,124,false,24,27,0.6667,0,20,-20,6.1326,-1.382856,-1.5292,0.1464,-4.2303,-38.482015,-25.1356,-15.504369,-11.7956,-18.300182,-11.9234,-21.523576,-12.524,-23.492286,-13.6606,806.990307,664.7271,1.214,true,0.000278,0.001668,0.00139,2.6228,1.431118,16.541505,1.051958,34.601264,1.070202,34.478511,1.014776,18.918277,0.789703,12.887656,32.5919,0.58826,0.673336,0.085076,-0.873801,-0.354077,-0.000515,-0.02457733,2182.583829,780.5053,
27,14,true,27,27,0,10,6,4,17.1797,-13.156048,-17.2397,4.0837,2.8065,-22.41637,-49.2966,-28.836753,-26.4057,-28.431755,-26.4017,-29.446092,-27.4833,-31.785749,-28.2408,1849.507704,269.0764,6.8735,false,0.000075,0,0.000075,1.5822,1.392092,40.758914,1.580752,54.382199,1.398975,37.055022,0.978184,27.275544,0.537033,11.288199,34.1928,0.584639,0.630944,0.046305,-0.871361,-0.517639,0.001154,-0.034894,4856.585489,1006.0288,
27,31,true,27,27,0,10,10,0,10.3225,-10.802076,-13.1597,2.3576,-0.0866,-20.733907,-39.4708,-27.211739,-22.0404,-26.613807,-22.519,-28.17013,-23.3142,-30.476565,-24.3431,654.393349,287.5073,2.2761,false,0.000005,0,0.000005,1.2775,1.367428,31.5379,1.536139,39.559825,1.388224,30.235998,1.024631,22.517015,0.599059,9.491753,25.5927,0.586241,0.67072,0.084479,-0.872509,-0.471458,0.001102,0.076041,2591.092646,775.9377,
27,36,true,27,27,0,10,10,0,11.0789,-10.178886,-12.9029,2.7241,0.0866,-20.277239,-42.4961,-26.774609,-21.9403,-26.131678,-22.2766,-27.829747,-23.1471,-30.127029,-24.1823,385.037684,302.8449,1.2714,false,0.000001,0,0.000001,1.2621,1.357953,32.543354,1.516518,41.49463,1.376044,31.754849,1.030332,23.73005,0.612286,9.917143,27.1891,0.586621,0.680232,0.093611,-0.872779,-0.476704,0.001087,-0.028983,1570.954268,781.4508,
27,40,true,27,27,0,10,16,-6,8.8538,-9.697053,-11.0817,1.3847,-1.1953,-19.914476,-40.4237,-26.43075,-20.0666,-25.759849,-20.7031,-27.559265,-21.5947,-29.85214,-22.7349,467.036576,338.3748,1.3802,false,0.000002,0.000001,0.000001,1.1527,1.349193,21.237631,1.498499,28.651129,1.363344,22.773614,1.032487,16.941492,0.621064,7.162604,18.9998,0.586888,0.697531,0.110643,-0.872969,-0.448442,0.001083,-0.028911,1903.152977,724.246,
27,45,true,27,27,0,10,10,0,9.632,-9.108287,-9.8158,0.7075,-2.2023,-19.467125,-37.3955,-26.004088,-18.6817,-25.308215,-19.2025,-27.22004,-20.2484,-29.51058,-21.3483,292.43799,365.59,1.2501,false,0.000001,0.000006,0.000005,1.1906,1.337971,9.132507,1.474358,12.369611,1.345113,9.826849,1.032988,7.370505,0.630869,3.190006,8.34,0.587188,0.707276,0.120088,-0.873184,-0.426468,0.001074,-0.030174,799.370225,686.7254,
27,49,true,27,27,0,10,16,-6,8.3219,-8.651259,-9.7097,1.0584,-2.0249,-19.107886,-38.2254,-25.662325,-18.5073,-24.954314,-19.0359,-26.945296,-20.1511,-29.236366,-21.3538,544.649841,358.4142,1.5196,false,0.000005,0.000006,0.000001,1.0884,1.328214,11.668963,1.453546,14.834774,1.328837,11.974843,1.031883,8.966478,0.637666,3.881799,10.143,0.587407,0.699116,0.111709,-0.873339,-0.42618,0.001065,-0.031188,2106.422111,680.429,
27,54,true,27,27,0,10,12,-2,10.4843,-8.088852,-8.343,0.2541,-2.9603,-18.658149,-35.4952,-25.23179,-17.3756,-24.516255,-17.761,-26.59342,-18.8638,-28.889461,-19.9225,368.775693,404.8862,1.0979,false,0.000008,0.000027,0.000019,1.2373,1.315022,18.250772,1.424985,22.165752,1.305071,17.497182,1.027945,13.288727,0.644482,5.988068,15.4536,0.587647,0.706631,0.118984,-0.873508,-0.402915,0.001061,-0.02958,1137.860669,669.9204,
27,61,true,27,27,0,0,14,-14,4.1037,-7.312089,-7.5211,0.209,-2.6642,-49.2447,-33.727,-21.018213,-16.3741,-23.355745,-17.0462,-25.514838,-18.0814,-28.642351,-19.295,678.12092,429.9078,1.5774,false,0.000029,0.000058,0.000029,1.9139,1.303241,26.013178,1.400197,32.419962,1.286007,26.032936,1.027112,19.962876,0.652864,9.003795,22.9968,0.587896,0.721309,0.133413,-0.873656,-0.39361,0.001048,-0.021954,2349.312517,669.1286,
27,69,true,27,27,0,0,12,-12,6.1383,-6.438296,-6.5259,0.0876,-3.0369,-43.758979,-31.9699,-20.256061,-15.6663,-22.657963,-16.1112,-24.886453,-17.0802,-28.052275,-18.2444,594.472936,471.2146,1.2616,false,0.000101,0.00015,0.000049,2.0016,1.276186,34.598557,1.342051,43.730703,1.234943,33.479248,1.011696,25.958553,0.658833,12.108472,32.3514,0.58809,0.713915,0.125825,-0.873719,-0.370003,0.001041,-0.019384,1727.481846,681.0423,
27,77,true,27,27,0,0,12,-12,4.0523,-5.600618,-6.3036,0.703,-2.8442,-45.43612,-30.4236,-19.519806,-14.9442,-21.98778,-15.6857,-24.277496,-16.664,-27.468783,-17.948,552.566671,480.6247,1.1497,false,0.000062,0.000192,0.00013,1.9073,1.2541,49.675097,1.293227,59.95249,1.190383,46.165451,0.997057,36.081651,0.663561,17.00022,46.0108,0.588359,0.712661,0.124302,-0.873957,-0.364203,0.001038,-0.032492,1661.970981,681.142,
27,85,true,27,27,0,0,14,-14,4.1293,-4.781501,-6.2156,1.4341,-2.295,-46.726164,-29.2032,-18.773636,-14.8663,-21.309062,-15.5354,-23.656728,-16.5924,-26.869203,-17.9063,512.667438,485.371,1.0562,false,0.000042,0.000204,0.000162,1.8986,1.230342,30.103758,1.241234,36.315662,1.142278,27.839778,0.979507,21.7114,0.666534,10.368048,29.0319,0.588559,0.712428,0.123869,-0.874121,-0.363329,0.001034,-0.029794,1551.409683,688.1932,
27,93,true,27,27,0,0,12,-12,4.2571,-3.971843,-5.3336,1.3617,-2.6345,-46.219611,-28.8682,-18.017845,-13.9258,-20.623763,-14.7086,-23.026021,-15.6222,-26.256458,-16.9679,502.928358,525.4718,1.0448,false,0.000044,0.000391,0.000347,1.8848,1.204554,21.279075,1.185964,25.667442,1.090994,19.895291,0.95941,15.567395,0.668173,7.475973,21.4701,0.588698,0.715503,0.126805,-0.874221,-0.343958,0.00103,-0.027796,1482.683418,696.777,
27,101,true,27,27,0,0,12,-12,8.1717,-3.180147,-4.7007,1.5206,-2.5639,-44.456642,-30.4491,-17.263536,-13.772,-19.942429,-14.1186,-22.395513,-15.0623,-25.640297,-16.2482,535.284658,551.258,1.0298,false,0.000063,0.000569,0.000506,2.0589,1.1771,11.887263,1.128654,15.230895,1.037739,11.3104,0.937469,8.931326,0.668949,4.300877,13.385,0.588796,0.719207,0.130411,-0.874278,-0.336382,0.001027,-0.027133,1555.813601,717.2286,
27,109,true,27,27,0,0,12,-12,7.2086,-2.4059,-3.9378,1.5319,-2.6767,-42.385364,-27.8123,-16.523633,-12.9837,-19.277822,-13.4037,-21.77712,-14.3311,-25.032271,-15.5328,621.34109,586.1322,1.0601,false,0.000098,0.000872,0.000774,2.0535,1.147927,13.905663,1.069938,17.909458,0.98328,13.314886,0.913928,10.416409,0.669151,5.127734,16.593,0.588867,0.719356,0.130489,-0.874307,-0.321386,0.001023,-0.029567,1838.758706,743.9161,
27,117,true,27,27,0,0,14,-14,5.0106,-1.820375,-2.911,1.0906,-3.3192,-40.507729,-25.3096,-15.953287,-11.7307,-18.742425,-12.2122,-21.263726,-13.1752,-24.5261,-14.358,699.28342,643.9567,1.0859,true,0.000161,0.00156,0.001399,2.0796,1.133789,11.760431,1.043655,14.003453,0.959426,10.56817,0.903179,8.253693,0.669107,4.122935,13.2998,0.588944,0.715588,0.126644,-0.874334,-0.299903,0.00102,-0.030628,2004.991543,782.0128,
27,124,true,27,27,0,0,14,-14,6.1252,-1.340246,-1.548,0.2078,-3.8833,-38.472465,-24.4156,-15.481307,-10.874,-18.298501,-11.1223,-20.838754,-12.1862,-24.108178,-13.2911,812.519946,679.4657,1.1958,true,0.000282,0.002125,0.001843,2.1645,1.118984,16.881255,1.018815,19.943096,0.937483,14.412378,0.892121,11.192668,0.668287,5.676581,19.3943,0.588976,0.70524,0.116264,-0.874306,-0.29051,0.001018,-0.028039,2223.011019,818.3526,
28,14,false,27,30,0.3333,10,6.6667,3.3333,9.0062,-13.111987,-19.4673,6.3553,4.4119,-22.407095,-49.8627,-27.438524,-29.1726,-27.410027,-28.8651,-29.851695,-29.4943,-31.84552,-30.1813,2221.969638,267.2477,8.3143,false,0.000113,0,0.000113,1.8124,1.501442,27.937926,1.49975,36.086241,1.28386,18.496495,0.923193,11.033267,0.50219,5.790126,23.9088,0.585135,0.564141,0.020994,-0.871705,-0.485499,-0.00002,-0.01930767,5299.369965,1108.4214,
28,31,false,27,30,0.3333,10,11.3333,-1.3333,5.1749,-10.759699,-13.8835,3.1238,0.66,-20.723187,-37.0326,-25.202849,-23.4879,-26.150524,-23.2275,-28.380973,-24.2717,-30.63981,-24.9777,714.622875,278.1142,2.5695,false,0.000007,0,0.000007,1.5527,1.475225,27.498651,1.460434,32.21766,1.280003,18.360496,0.975514,11.704336,0.568012,6.580811,21.9171,0.586777,0.601171,0.014394,-0.872889,-0.442491,-0.00003,0.05318933,2748.756413,808.6497,
28,36,false,27,30,0.3333,10,12,-2,5.7346,-10.137017,-12.9127,2.7757,0.0859,-20.263788,-39.9147,-24.633049,-22.6347,-25.808688,-22.3834,-27.988538,-23.3051,-30.318127,-24.1192,871.916564,295.959,2.9461,false,0.000011,0,0.000011,1.5155,1.464568,25.533902,1.441947,30.092019,1.269805,17.479902,0.982706,11.173202,0.58217,6.34641,20.7322,0.587156,0.614291,0.027135,-0.87316,-0.441062,-0.000027,-0.01692967,3124.805153,776.816,
28,40,false,27,30,0.3333,10,16,-6,5.3253,-9.654699,-11.0073,1.3526,-1.2759,-19.90277,-40.5539,-24.20215,-20.8165,-25.534698,-20.9242,-27.681917,-21.6367,-30.062209,-22.6286,656.703585,334.428,1.9637,false,0.000005,0.000002,0.000003,1.4347,1.455352,18.607161,1.425241,23.084298,1.258742,13.895442,0.985666,8.791083,0.59163,5.116554,16.0909,0.587421,0.63546,0.048039,-0.873347,-0.418979,-0.00003,-0.01572733,2545.154598,724.053,
28,45,false,27,30,0.3333,10,10.6667,-0.6667,6.6595,-9.066553,-9.5564,0.4898,-2.3779,-19.455624,-38.2827,-23.68915,-19.4303,-25.186498,-19.4318,-27.303907,-20.1567,-29.742967,-21.1969,454.228494,365.4936,1.2428,false,0.000002,0.000009,0.000007,1.3988,1.442903,10.309115,1.402173,12.663514,1.242029,7.599961,0.986707,4.84678,0.601738,2.892083,8.9745,0.587718,0.643241,0.055523,-0.873557,-0.400838,-0.000032,-0.016756,1790.038516,692.1178,
28,49,false,27,30,0.3333,10,15.3333,-5.3333,5.1728,-8.608624,-9.4359,0.8273,-2.1623,-19.095516,-38.0756,-23.294546,-19.1708,-24.901135,-19.1749,-27.003495,-20.0719,-29.483447,-21.1156,642.180045,363.8568,1.7649,false,0.000006,0.00001,0.000004,1.4363,1.432312,12.364501,1.382332,14.612768,1.226944,8.863345,0.986008,5.646448,0.608759,3.380774,10.5024,0.58794,0.638637,0.050697,-0.873714,-0.399514,-0.000033,-0.017927,2435.05372,688.1506,
28,54,false,27,30,0.3333,10,13.3333,-3.3333,6.2452,-8.046813,-8.0263,-0.0205,-3.059,-18.644176,-34.7502,-22.81452,-17.9049,-24.532687,-17.8189,-26.626901,-18.7986,-29.151767,-19.717,476.504512,403.8683,1.1799,false,0.000008,0.000033,0.000025,1.6065,1.418252,17.621039,1.355622,19.735089,1.205574,11.669264,0.982974,7.547847,0.616359,4.658867,14.4587,0.58818,0.639378,0.051198,-0.873883,-0.382683,-0.000035,-0.017186,1733.695196,680.6591,
28,61,false,27,30,0.3333,0,15.3333,-15.3333,8.8877,-7.26997,-7.3589,0.0889,-2.5498,-49.239652,-32.2358,-21.006606,-17.1298,-23.315753,-17.1666,-25.469232,-18.1502,-28.335978,-19.167,433.124169,426.0411,1.0166,false,0.000027,0.000061,0.000034,1.8499,1.405155,22.563719,1.331765,25.815908,1.187845,15.466885,0.982434,10.105769,0.625162,6.234741,19.2477,0.588445,0.651766,0.063321,-0.874037,-0.374601,-0.000041,-0.013652,1246.473159,681.6264,
28,69,false,27,30,0.3333,0,13.3333,-13.3333,8.5955,-6.397634,-6.5485,0.1509,-2.7816,-43.751671,-33.0947,-20.241988,-16.6177,-22.617285,-16.6209,-24.840154,-17.2893,-27.746965,-18.3684,607.626485,462.8261,1.3129,false,0.000102,0.000136,0.000034,1.8277,1.37591,26.457858,1.276777,30.81012,1.140836,17.955464,0.967682,11.929296,0.631555,7.486598,23.9514,0.588641,0.653486,0.064845,-0.874104,-0.357233,-0.000045,-0.010068,1758.700563,695.1207,
28,77,false,27,30,0.3333,0,12,-12,8.501,-5.559552,-6.3692,0.8097,-2.4384,-45.42943,-29.7211,-19.505757,-16.0248,-21.946284,-16.109,-24.230798,-17.0231,-27.164609,-18.1048,594.20963,471.134,1.2612,false,0.000063,0.000169,0.000106,1.8522,1.351851,34.290886,1.230025,38.775227,1.099357,22.774131,0.953722,15.13055,0.636599,9.568107,31.2778,0.588928,0.652116,0.063188,-0.874353,-0.352813,-0.000046,-0.019815,1823.448024,695.5114,
28,85,false,27,30,0.3333,0,15.3333,-15.3333,8.2544,-4.740553,-6.1896,1.4491,-1.9688,-46.719944,-28.7739,-18.759825,-15.8237,-21.266253,-15.9006,-23.609731,-16.8717,-26.565013,-17.9816,487.165908,477.1707,1.0209,false,0.000042,0.000184,0.000142,1.8453,1.325982,24.704445,1.180196,27.962912,1.054365,16.2403,0.93657,10.75419,0.639705,6.888794,23.5028,0.589145,0.650265,0.06112,-0.874529,-0.352549,-0.000046,-0.017263,1370.601985,701.9268,
28,93,false,27,30,0.3333,0,13.3333,-13.3333,7.7583,-3.932894,-5.2697,1.3368,-2.2977,-46.213192,-28.8242,-18.002565,-14.888,-20.580025,-15.0557,-22.978896,-15.9119,-25.951592,-17.0485,492.223926,512.0297,1.0402,false,0.000044,0.000334,0.00029,1.8361,1.298028,19.415774,1.127443,21.70751,1.006485,12.532891,0.91687,8.426779,0.641387,5.408262,19.0933,0.589302,0.648309,0.059007,-0.874642,-0.337931,-0.000047,-0.01441267,1378.968197,711.8505,
28,101,false,27,30,0.3333,0,12.6667,-12.6667,7.8136,-3.139389,-4.596,1.4566,-2.275,-44.449537,-30.2786,-17.248731,-14.5758,-19.898365,-14.4556,-22.348304,-15.304,-25.334107,-16.3473,533.537539,538.1992,1.0087,false,0.000062,0.000487,0.000425,1.9425,1.268389,12.833764,1.072883,14.800099,0.956867,8.33475,0.895286,5.627228,0.6421,3.619302,13.6765,0.589418,0.651288,0.06187,-0.874711,-0.33234,-0.000048,-0.013883,1502.488258,732.5798,
28,109,false,27,30,0.3333,0,13.3333,-13.3333,8.0174,-2.366036,-3.697,1.3309,-2.5078,-42.377399,-26.5849,-16.511752,-13.7216,-19.233623,-13.5821,-21.729508,-14.4524,-24.723835,-15.5116,601.000121,580.0329,1.0361,false,0.000098,0.000782,0.000684,1.9351,1.237235,14.775135,1.017369,17.2962,0.906424,9.667548,0.8723,6.551617,0.642211,4.233307,16.8452,0.589509,0.654153,0.064644,-0.874752,-0.321415,-0.000048,-0.01740167,1700.144865,766.4802,
28,117,false,27,30,0.3333,0,16,-16,7.6892,-1.781589,-2.8736,1.092,-2.9147,-40.498994,-25.3951,-15.937253,-12.7099,-18.696324,-12.6515,-21.215234,-13.5312,-24.214827,-14.578,705.015471,623.2107,1.1313,true,0.000158,0.001271,0.001113,1.9528,1.222675,13.495554,0.993167,14.762656,0.884861,8.395223,0.862098,5.695833,0.642223,3.692976,14.726,0.589583,0.651229,0.061646,-0.874777,-0.306871,-0.00005,-0.01817333,1988.354559,797.1565,
28,124,false,27,30,0.3333,0,14,-14,7.7619,-1.30254,-1.5547,0.2522,-3.5873,-38.462794,-23.7735,-15.465761,-11.62,-18.255448,-11.4837,-20.787381,-12.4308,-23.790697,-13.4388,791.099453,670.0357,1.1807,true,0.00027,0.001812,0.001542,1.9953,1.208518,17.239134,0.971583,18.954643,0.865962,10.432905,0.852288,7.088959,0.641636,4.590744,19.3205,0.589621,0.648186,0.058565,-0.874758,-0.299927,-0.000052,-0.016185,2107.976737,844.579,
29,14,false,27,30,0.6667,10,7.3333,2.6667,7.169,-13.071118,-21.6949,8.6238,6.7309,-22.40272,-50.4288,-26.034573,-31.9395,-27.917925,-31.3285,-29.543724,-31.5053,-31.500117,-32.1218,294.432084,265.4315,1.1093,false,0,0,0,1.4489,1.445338,19.149865,1.391313,23.945644,1.125814,9.232766,0.871991,4.463081,0.476106,2.969966,17.0951,0.586062,0.497338,0.088724,-0.872373,-0.453358,-0.000234,-0.00372133,1257.519877,1221.2355,
29,31,false,27,30,0.6667,10,12.6667,-2.6667,4.4387,-10.720927,-14.6074,3.8865,1.859,-20.715155,-34.5944,-24.420469,-24.9353,-26.392842,-23.9359,-28.139345,-25.2291,-30.195517,-25.6124,318.061451,269.028,1.1823,false,0,0,0,1.6729,1.42158,23.976733,1.358358,26.238175,1.128152,11.149221,0.931091,6.08391,0.547689,4.5626,19.1822,0.587632,0.531621,0.056011,-0.873494,-0.413524,-0.000236,0.03033767,1216.221004,842.7408,
29,36,false,27,30,0.6667,10,14,-4,4.4176,-10.098278,-12.9225,2.8242,0.4669,-20.256577,-37.3333,-23.985495,-23.3291,-25.984156,-22.4902,-27.765534,-23.4632,-29.850396,-24.0562,348.601019,289.2297,1.2053,false,0.000001,0,0.000001,1.4918,1.411865,20.034202,1.341915,21.822814,1.119932,9.622057,0.939508,5.260859,0.562976,4.061343,16.1495,0.587983,0.54835,0.039633,-0.873743,-0.405419,-0.000236,-0.00487633,1348.15075,772.2087,
29,40,false,27,30,0.6667,10,16,-6,5.5774,-9.616159,-10.9329,1.3168,-1.0243,-19.893745,-40.6842,-23.644173,-21.5665,-25.663245,-21.1454,-27.472248,-21.6787,-29.57931,-22.5223,289.586894,330.5272,1.1414,false,0.000001,0.000002,0.000001,1.2757,1.402972,16.302498,1.326559,18.599085,1.1107,8.478379,0.943538,4.561767,0.573376,3.654974,13.9231,0.58824,0.573388,0.014852,-0.873919,-0.389515,-0.000237,-0.00254367,867.918375,723.8601,
29,45,false,27,30,0.6667,10,11.3333,-1.3333,7.2116,-9.029907,-9.297,0.2671,-2.2764,-19.446402,-39.1699,-23.220236,-20.179,-25.265846,-19.6612,-27.110714,-20.065,-29.242662,-21.0456,1594.448607,365.3972,4.3636,false,0.000056,0.000013,0.000043,1.4411,1.391179,11.637314,1.305378,12.9644,1.096329,5.877714,0.946003,3.1872,0.584414,2.621984,9.8636,0.588539,0.579207,0.009332,-0.874137,-0.375207,-0.00023,-0.003338,4424.812022,697.5526,
29,49,false,27,30,0.6667,10,14.6667,-4.6667,5.3868,-8.571604,-9.1621,0.5905,-2.0568,-19.087099,-37.9258,-22.8821,-19.8343,-24.949256,-19.314,-26.818851,-19.9928,-28.972456,-20.8775,1219.610088,369.3819,3.3018,false,0.000032,0.000015,0.000017,1.2689,1.381072,13.101496,1.287278,14.394083,1.083842,6.560328,0.947056,3.55573,0.592862,2.944417,11.1033,0.58874,0.578158,0.010582,-0.874278,-0.372848,-0.000247,-0.004666,3791.959881,695.9598,
29,54,false,27,30,0.6667,10,14.6667,-4.6667,5.2036,-8.010443,-7.7096,-0.3008,-2.949,-18.63404,-34.0052,-22.455977,-18.4342,-24.548394,-17.8768,-26.451681,-18.7334,-28.630774,-19.5115,339.929971,402.853,1.1851,false,0.000008,0.000039,0.000031,1.401,1.367507,17.013035,1.262143,17.570969,1.064391,7.782494,0.943896,4.287092,0.600464,3.624715,13.82,0.588968,0.572125,0.016843,-0.874441,-0.362452,-0.000239,-0.004792,918.847439,691.5699,
29,61,false,27,30,0.6667,0,16.6667,-16.6667,5.1919,-7.234204,-7.1967,-0.0375,-2.0912,-49.232312,-30.7445,-20.996598,-17.8856,-22.779871,-17.2869,-25.079462,-18.219,-28.6093,-19.0391,434.761649,422.2091,1.0297,false,0.000026,0.000065,0.000039,2.7098,1.355269,19.571674,1.240171,20.557121,1.048348,9.189303,0.944446,5.115824,0.610159,4.31729,16.4514,0.589221,0.582224,0.006997,-0.874586,-0.355592,-0.000244,-0.00535,1301.775743,694.3575,
29,69,false,27,30,0.6667,0,14.6667,-14.6667,7.8635,-6.363418,-6.5712,0.2078,-2.2163,-43.737674,-34.2195,-20.231786,-17.5692,-22.050289,-17.1306,-24.483925,-17.4984,-28.024922,-18.4924,840.684766,454.5869,1.8493,false,0.000102,0.000123,0.000021,2.5469,1.327525,20.232586,1.189076,21.707026,1.006135,9.629807,0.931148,5.482128,0.617148,4.628921,18.1115,0.58941,0.593058,0.003648,-0.874648,-0.344462,-0.000248,-0.000752,2624.912039,709.4902,
29,77,false,27,30,0.6667,0,12,-12,5.288,-5.526626,-6.4348,0.9082,-1.7465,-45.417479,-29.0187,-19.49512,-17.1054,-21.359173,-16.5324,-23.898026,-17.3823,-27.445024,-18.2616,523.060499,461.8308,1.1326,false,0.000061,0.000146,0.000085,2.6676,1.30427,23.671114,1.14512,25.078495,0.968645,11.234831,0.917242,6.344874,0.62236,5.385147,21.7194,0.58969,0.591571,0.001881,-0.874891,-0.341424,-0.000245,-0.007138,1515.621517,710.1838,
29,85,false,27,30,0.6667,0,16.6667,-16.6667,5.5994,-4.705587,-6.1636,1.458,-1.3754,-46.709614,-28.3445,-18.747678,-16.7812,-20.668237,-16.2658,-23.295579,-17.1509,-26.847652,-18.057,497.771845,469.1089,1.0611,false,0.000042,0.000163,0.000121,2.646,1.279388,20.273536,1.098576,21.531328,0.928356,9.473759,0.900458,5.326814,0.625538,4.577089,19.4315,0.589907,0.588102,0.001805,-0.875066,-0.34177,-0.000244,-0.004732,1473.054863,715.9345,
29,93,false,27,30,0.6667,0,14.6667,-14.6667,6.3964,-3.896675,-5.2058,1.3091,-1.7082,-46.20235,-28.7802,-17.990575,-15.8502,-19.975446,-15.4029,-22.679172,-16.2017,-26.236005,-17.1291,506.569789,498.9315,1.0153,false,0.000044,0.000277,0.000233,2.6294,1.252539,17.715633,1.049287,18.35851,0.885257,7.895002,0.881069,4.561496,0.627114,3.91244,17.3404,0.590075,0.581116,0.008959,-0.875188,-0.331903,-0.000243,-0.00102933,1503.727114,727.25,
29,101,false,27,30,0.6667,0,13.3333,-13.3333,8.3759,-3.104074,-4.4913,1.3872,-1.7451,-44.436542,-30.1081,-17.2351,-15.3796,-19.291363,-14.7926,-22.060176,-15.5457,-25.620007,-16.4464,555.185088,525.4497,1.0566,false,0.000063,0.000405,0.000342,2.6592,1.224144,13.855629,0.998468,14.381489,0.840631,6.141962,0.859905,3.545464,0.627664,3.045738,14.2706,0.590199,0.58337,0.006829,-0.875263,-0.328298,-0.000242,-0.000633,1660.706847,748.2595,
29,109,false,27,30,0.6667,0,14.6667,-14.6667,6.7811,-2.332556,-3.4561,1.1236,-2.1087,-42.361126,-25.3574,-16.493936,-14.4596,-18.624956,-13.7605,-21.451659,-14.5737,-25.011231,-15.4904,606.148236,573.997,1.056,false,0.000097,0.000693,0.000596,2.6428,1.194222,15.698971,0.946878,16.703942,0.795347,7.019323,0.83735,4.120776,0.62753,3.494895,17.4672,0.590294,0.588949,0.001345,-0.875311,-0.321444,-0.00024,-0.00523633,1774.842078,789.7288,
29,117,false,27,30,0.6667,0,18,-18,6.6617,-1.74953,-2.8363,1.0868,-2.2879,-40.477724,-25.4807,-15.925286,-13.6891,-18.086974,-13.0908,-20.944455,-13.8873,-24.504878,-14.798,682.00368,603.1331,1.1308,false,0.000157,0.000981,0.000824,2.6497,1.180166,15.486675,0.924509,15.563019,0.775894,6.669061,0.827516,3.930667,0.627478,3.307855,16.6644,0.590377,0.58687,0.003507,-0.875341,-0.313839,-0.000239,-0.00571867,1941.401697,812.5936,
29,124,false,27,30,0.6667,0,14,-14,6.6396,-1.269554,-1.5615,0.2919,-3.0801,-38.433897,-23.1315,-15.451711,-12.366,-17.641617,-11.8451,-20.52474,-12.6754,-24.086291,-13.5865,826.848601,660.7366,1.2514,true,0.000276,0.001498,0.001222,2.6505,1.166158,17.604599,0.904601,18.015181,0.758753,7.552224,0.818239,4.489844,0.626979,3.71261,19.7082,0.590419,0.591131,0.000712,-0.875322,-0.309343,-0.000235,-0.004331,2283.135424,871.6458,
30,14,true,30,30,0,8,8,0,5.4372,-13.035077,-23.9225,10.8874,9.1312,-22.402303,-50.9949,-25.986491,-34.7064,-27.870753,-33.7918,-29.154348,-33.5163,-31.726699,-34.0623,261.230521,263.6276,1.0092,false,0,0,0,2.0263,1.303093,13.126147,1.46293,15.889543,1.298217,4.608655,0.949758,1.805367,0.43123,1.523403,10.7945,0.586585,0.430535,0.15605,-0.872738,-0.421218,-0.000918,0.011865,1035.621107,1345.5316,
30,31,true,30,30,0,8,14,-6,3.7909,-10.687143,-15.3313,4.6441,3.2132,-20.710559,-32.1562,-24.363787,-26.3828,-26.334701,-24.6444,-27.74261,-26.1865,-30.362267,-26.247,442.243082,260.2386,1.6994,false,0.000001,0,0.000001,2.5592,1.283478,20.905888,1.433943,21.368461,1.310771,6.770249,1.02667,3.162414,0.505867,3.163336,16.1703,0.588089,0.462072,0.126017,-0.873809,-0.384557,-0.000885,0.007486,1844.454671,878.269,
30,36,true,30,30,0,8,16,-8,3.1881,-10.064915,-12.9323,2.8674,1.0229,-20.251289,-34.7519,-23.926249,-24.0235,-25.923723,-22.5971,-27.367576,-23.6212,-30.002941,-23.9932,497.246568,282.6533,1.7592,false,0.000002,0,0.000002,2.2634,1.275129,15.719073,1.41772,15.825964,1.303032,5.296596,1.038259,2.477055,0.52193,2.59903,12.2393,0.588418,0.482409,0.106009,-0.874043,-0.369777,-0.000878,0.007177,2028.381889,767.6287,
30,40,true,30,30,0,8,16,-8,5.9133,-9.582926,-10.8586,1.2756,-0.5837,-19.88957,-40.8145,-23.583215,-22.3164,-25.601399,-21.3665,-27.073613,-21.7207,-29.722183,-22.4159,482.012714,326.672,1.4755,false,0.000002,0.000003,0.000001,1.9533,1.267315,14.283288,1.402381,14.985337,1.293809,5.173128,1.044555,2.367139,0.532914,2.610904,11.1901,0.588656,0.511317,0.077339,-0.874212,-0.360052,-0.000873,0.01064,1939.995973,723.6672,
30,45,true,30,30,0,8,12,-4,7.8486,-8.997708,-9.0377,0.04,-1.9665,-19.440414,-40.0571,-23.16016,-20.9276,-25.202532,-19.8906,-26.709124,-19.9733,-29.37579,-20.8942,468.782105,365.3008,1.2833,false,0.000003,0.000016,0.000013,1.7458,1.256871,13.136635,1.380606,13.272435,1.27853,4.54575,1.048824,2.095875,0.54472,2.37711,10.3772,0.588931,0.515172,0.073759,-0.874406,-0.349577,-0.000869,0.01008,1839.302082,703.0301,
30,49,true,30,30,0,8,14,-6,5.681,-8.538922,-8.8883,0.3494,-1.7348,-19.081695,-37.776,-22.818968,-20.4977,-24.88357,-19.453,-26.417606,-19.9136,-29.09892,-20.6393,339.214931,374.991,1.1055,false,0.000003,0.000019,0.000016,1.9556,1.247707,13.882421,1.361376,14.178672,1.263742,4.855717,1.04954,2.239145,0.552527,2.56438,11.0458,0.589125,0.517679,0.071446,-0.874544,-0.346182,-0.000865,0.008595,1060.504545,703.8576,
30,54,true,30,30,0,8,16,-8,4.2464,-7.97816,-7.3929,-0.5852,-2.6125,-18.627366,-33.2602,-22.391641,-18.9634,-24.482186,-17.9347,-26.049963,-18.6682,-28.750757,-19.306,529.262494,401.8403,1.3171,false,0.000009,0.000045,0.000036,2.063,1.235814,16.42601,1.335939,15.644163,1.242793,5.19032,1.048151,2.43502,0.561148,2.820119,13.193,0.589336,0.504872,0.084464,-0.874694,-0.34222,-0.000861,0.007602,1958.553202,702.6556,
30,61,true,30,30,0,0,18,-18,3.1559,-7.202195,-7.0345,-0.1677,-2.7759,-36.625896,-29.2533,-21.043998,-18.6414,-21.742212,-17.4073,-25.833044,-18.2878,-28.030523,-18.9111,523.081107,418.4116,1.2502,false,0.000026,0.000068,0.000042,3.2103,1.223305,16.976386,1.310356,16.369567,1.222767,5.459618,1.048139,2.589774,0.570868,2.989538,13.7731,0.589584,0.512681,0.076903,-0.874838,-0.336583,-0.000862,0.002952,1762.724374,707.3265,
30,69,true,30,30,0,0,16,-16,6.1897,-6.331776,-6.5938,0.262,-2.7354,-34.513837,-35.3442,-20.294172,-18.5207,-21.053158,-17.6403,-25.212081,-17.7074,-27.445691,-18.6165,1310.570594,446.4944,2.9352,false,0.000118,0.000109,0.000009,4.0918,1.198557,15.472058,1.257667,15.293513,1.175383,5.164622,1.033735,2.519321,0.578299,2.862035,12.8104,0.589749,0.532629,0.05712,-0.874884,-0.331692,-0.000862,0.008564,3724.924978,724.1568,
30,77,true,30,30,0,0,12,-12,3.4363,-5.495093,-6.5004,1.0053,-2.0987,-33.631776,-28.3162,-19.563694,-18.186,-20.392276,-16.9557,-24.609335,-17.7414,-26.868323,-18.4184,676.128747,452.7112,1.4935,false,0.000059,0.000123,0.000064,3.4314,1.177606,16.340249,1.210749,16.219916,1.131153,5.542316,1.018267,2.660672,0.583468,3.030882,13.7674,0.590019,0.531026,0.058993,-0.875119,-0.330034,-0.000855,0.005539,2185.324206,725.1658,
30,85,true,30,30,0,0,18,-18,3.9089,-4.674716,-6.1376,1.4629,-1.7941,-32.70802,-27.9152,-18.820869,-17.7387,-19.722792,-16.6311,-23.993502,-17.4301,-26.272544,-18.1324,526.790718,461.1833,1.1423,false,0.000039,0.000143,0.000104,3.4716,1.15494,16.63734,1.16076,16.579035,1.083298,5.526506,0.998999,2.638502,0.58629,3.041134,14.2903,0.590235,0.525939,0.064296,-0.875294,-0.33099,-0.000851,0.007799,1636.360006,730.2217,
30,93,true,30,30,0,0,16,-16,5.0705,-3.866765,-5.1419,1.2751,-2.1054,-31.721517,-28.7362,-18.067607,-16.8123,-19.04653,-15.75,-23.366143,-16.4914,-25.663074,-17.2098,535.268434,486.1683,1.101,false,0.000041,0.00022,0.000179,3.5782,1.13079,16.164365,1.10852,15.526188,1.032898,4.973398,0.976867,2.469181,0.587699,2.830334,14.1782,0.590392,0.513922,0.07647,-0.875407,-0.325876,-0.000848,0.012354,1660.61137,742.9827,
30,101,true,30,30,0,0,14,-14,6.1052,-3.074001,-4.3865,1.3125,-2.1805,-30.727752,-29.9376,-17.314883,-16.1834,-18.374083,-15.1296,-22.737209,-15.7875,-25.04944,-16.5454,519.041163,513.0023,1.0118,false,0.000058,0.000323,0.000265,3.7052,1.105394,14.958858,1.05491,13.974718,0.980915,4.526075,0.952616,2.233838,0.587947,2.563069,13.4202,0.590512,0.515451,0.075061,-0.875481,-0.324256,-0.000844,0.012617,1482.24658,764.2749,
30,109,true,30,30,0,0,16,-16,4.2168,-2.302535,-3.2153,0.9127,-2.6539,-29.745757,-24.13,-16.575788,-15.1975,-17.717879,-13.9388,-22.118182,-14.695,-24.443207,-15.4693,604.713614,568.0239,1.0646,false,0.00009,0.000603,0.000513,3.6441,1.078903,16.680572,1.000909,16.131964,0.928593,5.096525,0.927054,2.591848,0.587567,2.885283,15.9678,0.590608,0.523746,0.066862,-0.875525,-0.321473,-0.000842,0.006929,1774.828312,813.6826,
30,117,true,30,30,0,0,20,-20,5.1523,-1.720198,-2.799,1.0788,-2.5919,-28.914641,-25.5663,-16.008908,-14.6682,-17.185844,-13.5301,-21.604469,-14.2433,-23.937462,-15.018,684.74438,583.7023,1.1731,false,0.000148,0.000692,0.000544,3.7054,1.066941,17.771564,0.978196,16.406775,0.907042,5.297819,0.916304,2.712534,0.587541,2.962896,16.6129,0.590685,0.522511,0.068174,-0.875541,-0.320807,-0.000842,0.006736,1957.663968,828.3295,
30,124,true,30,30,0,0,14,-14,4.5683,-1.241823,-1.5682,0.3264,-3.4883,-28.101538,-22.4895,-15.541716,-13.112,-16.74521,-12.2065,-21.177576,-12.92,-23.518445,-13.7341,788.883634,651.5665,1.2107,true,0.000262,0.001185,0.000923,3.7189,1.055803,17.977813,0.95877,17.122282,0.889005,5.466942,0.906724,2.843676,0.587199,3.002449,17.6846,0.590719,0.534077,0.056642,-0.875533,-0.31876,-0.000843,0.007523,2146.203616,899.5801,
31,14,false,30,33,0.3333,8,6.6667,1.3333,3.748,-13.003974,-22.8922,9.8882,8.6612,-22.404837,-44.0676,-26.055409,-33.0479,-27.953842,-33.0656,-28.960165,-32.8521,-31.787239,-33.399,346.684914,273.1943,1.269,false,0,0,0,2.2801,1.442399,16.839474,1.506409,16.905768,1.174109,5.032493,0.862206,2.563988,0.518957,1.489107,11.6011,0.58599,0.548432,0.037558,-0.872292,-0.411323,-0.001175,0.01942633,1561.096872,1278.4652,
31,31,false,30,33,0.3333,8,11.3333,-3.3333,3.3719,-10.657413,-15.4727,4.8153,3.4555,-20.706981,-34.7653,-24.421394,-25.8628,-26.402186,-24.975,-27.533556,-26.2198,-30.441877,-26.42,401.20758,277.3111,1.4468,false,0.000001,0.000001,0,2.7081,1.422356,26.604006,1.481998,24.299045,1.194436,7.897058,0.945683,4.600898,0.623102,3.026476,18.5806,0.587405,0.589311,0.001906,-0.873303,-0.379315,-0.001126,0.00981467,1657.156581,875.2251,
31,36,false,30,33,0.3333,8,12,-4,2.7549,-10.036029,-13.0277,2.9917,1.1646,-20.246999,-32.2911,-23.982006,-23.3198,-25.98786,-22.7594,-27.155398,-23.5507,-30.083502,-24.0714,516.421271,306.4519,1.6852,false,0.000002,0.000004,0.000002,2.4075,1.413287,22.46191,1.466167,20.339449,1.188684,6.872076,0.958782,4.074923,0.645592,2.778832,15.7887,0.587721,0.609394,0.021673,-0.873529,-0.364607,-0.001117,0.015368,2094.53233,766.8591,
31,40,false,30,33,0.3333,8,12,-4,4.6304,-9.555777,-11.0592,1.5034,-0.3133,-19.884775,-35.8058,-23.637148,-21.6094,-25.66308,-21.4071,-26.859359,-21.7768,-29.802254,-22.5075,1222.621912,350.9686,3.4836,false,0.000024,0.000029,0.000005,2.2122,1.404533,21.848588,1.450634,20.270766,1.181364,6.962441,0.966618,4.081484,0.661215,2.867529,15.4529,0.587944,0.630885,0.042941,-0.873688,-0.357973,-0.001114,0.01456333,3821.330741,730.7489,
31,45,false,30,33,0.3333,8,9.3333,-1.3333,5.9924,-8.968629,-9.5586,0.5899,-1.428,-19.435277,-34.946,-23.20995,-20.4778,-25.261275,-20.0583,-26.492131,-20.2948,-29.452967,-21.1745,385.764146,384.7299,1.0027,false,0.000002,0.000063,0.000061,2.0812,1.393206,21.923283,1.428665,19.555998,1.167916,6.664897,0.97172,3.944594,0.677479,2.843408,15.6308,0.588188,0.627713,0.039525,-0.873862,-0.351542,-0.001105,0.00842033,1426.308851,712.5308,
31,49,false,30,33,0.3333,8,12,-4,4.5964,-8.51243,-8.9955,0.483,-1.5903,-19.075368,-34.1358,-22.868723,-19.6527,-24.940377,-19.3372,-26.198603,-19.839,-29.172781,-20.5492,397.364379,406.8541,1.0239,false,0.000003,0.000182,0.000179,2.264,1.383338,23.56049,1.409399,21.070531,1.154942,7.144791,0.973734,4.241744,0.688857,3.090649,16.9166,0.588368,0.62914,0.040772,-0.87399,-0.349996,-0.001101,0.00413567,1418.804566,717.0503,
31,54,false,30,33,0.3333,8,13.3333,-5.3333,3.6306,-7.951894,-8.0051,0.0532,-2.0482,-18.621631,-31.4568,-22.439091,-18.6139,-24.537176,-18.324,-25.828488,-19.011,-28.818772,-19.6565,2728.222447,426.9991,6.3893,false,0.000227,0.000199,0.000028,2.3448,1.370375,25.256593,1.383194,21.620406,1.135926,7.16119,0.973695,4.295763,0.70088,3.14841,18.3042,0.588566,0.622513,0.033947,-0.874129,-0.347334,-0.00109,0.00388633,5738.518509,715.5541,
31,61,false,30,33,0.3333,0,14,-14,2.8346,-7.176172,-7.5682,0.392,-1.9579,-25.107052,-28.4995,-21.832667,-18.2283,-21.809124,-17.7975,-25.306476,-18.5793,-28.390834,-19.2184,500.223119,446.417,1.1205,false,0.000028,0.000283,0.000255,2.7155,1.355956,25.477804,1.356512,21.887683,1.117477,7.282223,0.975246,4.403456,0.715088,3.248301,18.6593,0.588783,0.626032,0.037249,-0.874254,-0.343827,-0.001098,0.00053,1620.845584,724.8616,
31,69,false,30,33,0.3333,0,12,-12,4.8227,-6.305254,-7.173,0.8677,-1.8006,-23.805775,-30.9935,-21.17472,-18.0708,-21.124677,-17.9584,-24.685675,-18.1158,-27.80273,-18.9834,761.380376,467.5189,1.6286,false,0.000105,0.000336,0.000231,3.4036,1.32765,23.681004,1.300544,20.633806,1.072549,6.914634,0.962894,4.249214,0.725535,3.115833,17.7109,0.588933,0.638735,0.049802,-0.874291,-0.34075,-0.0011,0.00418133,2352.999056,736.5282,
31,77,false,30,33,0.3333,0,10.6667,-10.6667,3.1809,-5.467671,-7.008,1.5403,-1.2842,-22.770416,-28.1087,-20.517401,-17.7164,-20.462364,-17.2846,-24.082185,-18.0287,-27.217753,-18.6823,722.082484,478.8274,1.508,false,0.000066,0.000434,0.000368,2.8757,1.304326,23.287684,1.252391,20.496078,1.032284,6.90068,0.948707,4.20064,0.732898,3.070967,17.726,0.589182,0.640129,0.050947,-0.874513,-0.339705,-0.001095,0.00231733,2315.796757,742.1442,
31,85,false,30,33,0.3333,0,14,-14,3.6719,-4.65022,-6.3711,1.7208,-1.175,-21.817489,-27.6779,-19.826793,-17.2136,-19.79173,-16.6979,-23.466007,-17.5217,-26.614666,-18.1684,866.518608,494.7123,1.7516,false,0.000049,0.000633,0.000584,2.8505,1.279453,23.629093,1.201341,20.546954,0.988634,6.771393,0.930833,4.116851,0.737057,3.045481,18.3327,0.589378,0.63079,0.041412,-0.874675,-0.341223,-0.001092,0.00283933,2804.820352,754.2053,
31,93,false,30,33,0.3333,0,12.6667,-12.6667,4.2102,-3.841766,-5.2801,1.4383,-1.544,-20.918155,-27.4713,-19.108021,-16.1456,-19.112767,-15.8151,-22.83856,-16.5253,-25.997493,-17.2149,490.192794,534.0775,1.0895,true,0.000045,0.001178,0.001133,3.0155,1.252366,23.62687,1.146797,20.056799,0.941213,6.428487,0.909417,4.008525,0.738637,2.968352,18.7243,0.589518,0.622195,0.032677,-0.874777,-0.336339,-0.001093,0.006594,1386.344559,783.7452,
31,101,false,30,33,0.3333,0,10.6667,-10.6667,4.8603,-3.051165,-4.545,1.4938,-1.6006,-20.063017,-27.9946,-18.379035,-15.4973,-18.437236,-15.2069,-22.210975,-15.8411,-25.375938,-16.5599,698.125781,568.8498,1.2273,true,0.000066,0.00164,0.001574,3.1395,1.223833,23.288481,1.091032,19.403616,0.892939,6.248807,0.886673,3.864076,0.73911,2.876374,18.883,0.589628,0.622894,0.033266,-0.874844,-0.336408,-0.001094,0.00659467,2221.52776,812.7603,
31,109,false,30,33,0.3333,0,12.6667,-12.6667,4.1295,-2.278772,-3.3652,1.0865,-2.0663,-19.242792,-25.1435,-17.655265,-14.6507,-17.77737,-13.9183,-21.592697,-14.7571,-24.761346,-15.4523,882.387053,624.7581,1.4124,true,0.000104,0.002426,0.002322,2.9765,1.193987,27.199031,1.034494,22.824528,0.843891,7.167468,0.862274,4.512988,0.738449,3.348616,22.5991,0.589702,0.620304,0.030602,-0.874871,-0.337472,-0.001094,0.002099,2712.6683,865.6826,
31,117,false,30,33,0.3333,0,15.3333,-15.3333,4.4837,-1.69525,-2.6251,0.9298,-2.2883,-18.608218,-24.5885,-17.099062,-13.7588,-17.245673,-13.2801,-21.080644,-14.0231,-24.252851,-14.7423,707.212708,661.4099,1.0693,true,0.000163,0.003552,0.003389,3.092,1.179771,27.60307,1.010048,22.426385,0.823358,7.090557,0.85195,4.473828,0.73835,3.332363,23.2087,0.589774,0.615249,0.025475,-0.874902,-0.337843,-0.001098,0.003352,2011.658327,902.7324,
31,124,false,30,33,0.3333,0,11.3333,-11.3333,4.0987,-1.217116,-1.5629,0.3458,-2.8462,-18.067777,-22.0546,-16.641536,-12.6285,-16.805336,-12.2919,-20.655248,-13.0398,-23.831304,-13.806,786.677527,746.4545,1.0539,true,0.000284,0.006615,0.006331,3.102,1.165678,27.844556,0.988501,23.131585,0.805745,7.273598,0.842638,4.649718,0.737901,3.39595,23.6923,0.589798,0.629065,0.039267,-0.874872,-0.330326,-0.001102,0.003888,2100.755368,974.7898,
32,14,false,30,33,0.6667,8,5.3333,2.6667,1.9965,-12.976597,-21.8619,8.8853,8.0393,-22.41444,-37.1403,-26.130743,-31.3894,-27.293138,-32.3394,-28.917887,-32.1879,-32.113636,-32.7357,326.152521,283.1081,1.152,false,0,0.000001,0.000001,2.6479,1.476413,21.603284,1.462587,17.986987,1.069204,5.495309,0.838729,3.641383,0.484892,1.455584,14.5406,0.585408,0.666328,0.08092,-0.871856,-0.401428,-0.001109,0.02698767,1486.818891,1214.7417,
32,31,false,30,33,0.6667,8,8.6667,-0.6667,2.2642,-10.632825,-15.6142,4.9814,3.4498,-20.706042,-37.3744,-24.487336,-25.3427,-25.616535,-25.3055,-27.572491,-26.253,-30.746409,-26.593,444.654851,295.5035,1.5047,false,0.000001,0.000001,0,2.8339,1.458106,33.855206,1.445286,27.631546,1.098076,9.211408,0.93597,6.693705,0.59863,2.895537,23.0673,0.586719,0.716549,0.12983,-0.872795,-0.374072,-0.001056,0.01214333,1847.330474,872.1917,
32,36,false,30,33,0.6667,8,8,0,1.7294,-10.012056,-13.1231,3.111,1.0427,-20.244668,-29.8303,-24.046627,-22.6161,-25.188396,-22.9218,-27.206854,-23.4803,-30.38413,-24.1495,327.964935,332.2543,1.0131,false,0,0.000009,0.000009,2.508,1.44918,32.097146,1.430639,26.140156,1.094386,8.916185,0.951653,6.703525,0.62311,2.971073,22.0036,0.587003,0.736378,0.149375,-0.872998,-0.359436,-0.001047,0.023559,1203.084396,766.0902,
32,40,false,30,33,0.6667,8,8,0,2.8359,-9.53217,-11.2598,1.7276,-0.3159,-19.881639,-30.7972,-23.700732,-20.9024,-24.85681,-21.4476,-26.918024,-21.8329,-30.099688,-22.599,327.025509,377.0724,1.153,false,0.000001,0.000055,0.000054,2.4156,1.440828,33.420933,1.416358,27.420401,1.088297,9.370653,0.960738,7.037402,0.640143,3.149378,23.0427,0.587209,0.750453,0.163244,-0.873145,-0.355895,-0.001041,0.01848667,1132.792741,737.8999,
32,45,false,30,33,0.6667,8,6.6667,1.3333,3.7242,-8.945906,-10.0795,1.1336,-1.173,-19.43163,-29.8349,-23.272541,-20.0281,-24.450741,-20.226,-26.558673,-20.6164,-29.746775,-21.4547,470.178101,405.1923,1.1604,false,0.000003,0.000111,0.000108,2.3497,1.429628,36.587022,1.395909,28.814386,1.077379,9.771953,0.968521,7.424024,0.658656,3.401175,25.4212,0.587429,0.740254,0.152825,-0.873303,-0.353507,-0.001035,0.00676067,1831.543658,722.1598,
32,49,false,30,33,0.6667,8,10,-2,3.1734,-8.490302,-9.1026,0.6123,-1.7357,-19.071416,-30.4957,-22.930525,-18.8076,-24.12803,-19.2214,-26.2695,-19.7645,-29.463956,-20.459,342.743097,441.4246,1.2879,false,0.000004,0.000346,0.000342,2.5,1.419487,39.985583,1.377283,31.312333,1.065895,10.512975,0.971553,8.035385,0.671042,3.724921,27.979,0.587585,0.740601,0.153016,-0.873415,-0.35381,-0.00103,-0.00032367,1054.020248,730.4903,
32,54,false,30,33,0.6667,8,10.6667,-2.6667,2.7599,-7.930313,-8.6173,0.687,-1.7814,-18.617084,-29.6534,-22.500055,-18.2644,-23.723433,-18.7134,-25.904479,-19.3538,-29.107007,-20.007,386.502543,453.7332,1.1739,false,0.000009,0.000352,0.000343,2.5493,1.405997,38.834477,1.351702,29.879641,1.048774,9.88044,0.972493,7.578412,0.684293,3.514917,27.4326,0.587762,0.740155,0.152393,-0.873543,-0.352448,-0.001026,0.00017067,1212.18175,728.6893,
32,61,false,30,33,0.6667,0,10,-10,2.5918,-7.155085,-8.1019,0.9468,-1.6833,-21.281586,-27.7456,-21.03423,-17.8152,-22.902406,-18.1877,-25.323282,-18.8707,-27.985069,-19.5256,457.449184,476.2969,1.0412,false,0.000028,0.000497,0.000469,2.0069,1.391996,38.236555,1.326323,29.265935,1.032368,9.713274,0.975751,7.487304,0.700011,3.529461,27.2801,0.587949,0.739383,0.151434,-0.873644,-0.35107,-0.001026,-0.001892,1377.057055,742.8313,
32,69,false,30,33,0.6667,0,8,-8,3.4905,-6.284788,-7.7521,1.4673,-1.4062,-20.333639,-26.6427,-20.364577,-17.6208,-22.218614,-18.2765,-24.699557,-18.5241,-27.396443,-19.3504,737.503055,489.5335,1.5065,false,0.000107,0.000564,0.000457,2.2334,1.36321,36.245335,1.271617,27.838858,0.99073,9.257632,0.963951,7.166939,0.711422,3.392138,26.4019,0.588061,0.74484,0.156779,-0.873655,-0.349807,-0.001027,-0.00020133,2259.591781,749.1109,
32,77,false,30,33,0.6667,0,9.3333,-9.3333,2.9652,-5.447472,-7.5156,2.0681,-1.0074,-19.497108,-27.9012,-19.696488,-17.2467,-21.560991,-17.6136,-24.092808,-18.3161,-26.811183,-18.9462,693.214632,506.4502,1.3688,false,0.000066,0.000746,0.00068,2.0883,1.339727,33.188982,1.224617,25.899593,0.953067,8.591965,0.949902,6.631923,0.719419,3.111583,24.5968,0.588277,0.749231,0.160954,-0.873854,-0.349376,-0.001022,-0.00090433,2200.82888,759.5202,
32,85,false,30,33,0.6667,0,10,-10,3.4848,-4.630535,-6.6045,1.974,-1.0909,-18.679403,-27.4405,-19.003013,-16.6885,-20.901135,-16.7648,-23.473488,-17.6133,-26.208549,-18.2044,823.167811,530.6788,1.5512,true,0.000049,0.001124,0.001075,2.144,1.314181,33.559093,1.174389,25.464529,0.911921,8.296701,0.931791,6.423518,0.724119,3.049835,25.3508,0.588441,0.73564,0.147199,-0.873988,-0.351455,-0.001024,-0.00212033,2666.813418,778.9767,
32,93,false,30,33,0.6667,0,9.3333,-9.3333,3.4092,-3.82199,-5.4183,1.5963,-1.5146,-17.868615,-26.2064,-18.291922,-15.4789,-20.224149,-15.8801,-22.843126,-16.5592,-25.592083,-17.22,523.070417,586.7078,1.1217,true,0.000047,0.002135,0.002088,2.0882,1.286469,34.534546,1.121076,25.909462,0.867964,8.309299,0.910039,6.507533,0.72571,3.113101,26.6451,0.588552,0.730469,0.141917,-0.874076,-0.346803,-0.001022,0.000834,1542.712344,826.7441,
32,101,false,30,33,0.6667,0,7.3333,-7.3333,3.6871,-3.031444,-4.7035,1.672,-1.5475,-17.068718,-26.0516,-17.576648,-14.8111,-19.554601,-15.2842,-22.211586,-15.8948,-24.971574,-16.5743,566.906282,630.777,1.1127,true,0.000066,0.002957,0.002891,2.0805,1.257201,36.256333,1.066204,26.941531,0.822518,8.627251,0.886357,6.684048,0.72582,3.227976,28.6192,0.588632,0.730336,0.141704,-0.874124,-0.34856,-0.001023,0.00057233,1668.302845,864.3216,
32,109,false,30,33,0.6667,0,9.3333,-9.3333,4.1264,-2.260193,-3.5152,1.255,-2.0018,-16.286332,-26.1571,-16.875669,-14.104,-18.900885,-13.8977,-21.590256,-14.8192,-24.358308,-15.4353,625.292922,687.159,1.0989,true,0.000102,0.004248,0.004146,2.1519,1.226408,44.350234,1.010716,32.293592,0.776761,10.079926,0.861241,7.858125,0.724867,3.886353,35.8783,0.588676,0.716861,0.128185,-0.874137,-0.353471,-0.001025,-0.002731,1807.295917,921.0058,
32,117,false,30,33,0.6667,0,10.6667,-10.6667,3.9018,-1.677036,-2.4512,0.7741,-2.5039,-15.690386,-23.6107,-16.327744,-12.8494,-18.370281,-13.0301,-21.075998,-13.8028,-23.850272,-14.4666,785.565275,749.4626,1.0482,true,0.000165,0.006413,0.006248,2.1105,1.211956,42.873519,0.986809,30.654576,0.75753,9.489943,0.850676,7.37876,0.7246,3.747901,35.0942,0.588734,0.707988,0.119254,-0.874151,-0.354879,-0.001027,-0.000032,2282.667652,983.8185,
32,124,false,30,33,0.6667,0,8.6667,-8.6667,3.7201,-1.199269,-1.5577,0.3584,-2.7204,-15.193204,-21.6198,-15.875392,-12.1451,-17.930395,-12.3772,-20.64921,-13.1595,-23.428744,-13.8779,791.293647,855.1611,1.0807,true,0.000283,0.012044,0.011761,2.0612,1.197506,43.126452,0.965716,31.249938,0.741221,9.677299,0.841024,7.602792,0.72385,3.841024,35.7236,0.588751,0.724054,0.135303,-0.874117,-0.341892,-0.001033,0.000253,2107.371143,1056.2875,
33,14,true,33,33,0,8,4,4,2.1418,-12.956309,-20.8316,7.8753,6.9221,-22.440348,-30.213,-26.032226,-29.7308,-26.426099,-31.6132,-29.370865,-31.5237,-31.363268,-32.0724,351.900427,293.3817,1.1995,false,0.000001,0.000001,0,3.0343,1.259084,27.714755,1.283607,19.137355,1.126695,6.000688,0.763592,5.171503,0.363639,1.422815,21.8463,0.585746,0.784225,0.198479,-0.872085,-0.391533,-0.000714,0.034549,1554.266103,1154.1944,
33,31,true,33,33,0,8,6,2,4.3456,-10.616679,-15.7556,5.139,3.1234,-20.714258,-39.9835,-24.368327,-24.8227,-24.860465,-25.6361,-27.932194,-26.2863,-29.981152,-26.766,265.582401,314.8894,1.1857,false,0,0.000002,0.000002,2.4216,1.246597,43.082797,1.276444,31.421083,1.173195,10.744513,0.872729,9.738464,0.466379,2.770263,34.2933,0.586997,0.843788,0.256791,-0.872981,-0.36883,-0.000679,0.014472,795.915148,869.1688,
33,36,true,33,33,0,8,4,4,3.7763,-9.996523,-13.2185,3.222,0.6233,-20.25072,-27.3694,-23.925183,-21.9123,-24.447269,-23.0842,-27.55586,-23.4098,-29.623724,-24.2277,265.313234,360.2292,1.3578,false,0,0.000013,0.000013,2.7829,1.239399,45.865503,1.264808,33.595196,1.172093,11.568318,0.890886,11.027754,0.488597,3.176613,36.7181,0.58725,0.863363,0.276113,-0.873162,-0.354266,-0.000672,0.03175,667.700677,765.3222,
33,40,true,33,33,0,8,4,4,3.9999,-9.516262,-11.4604,1.9442,-0.6036,-19.88648,-25.7886,-23.577684,-20.1953,-24.124203,-21.4882,-27.261843,-21.889,-29.345372,-22.6905,271.193201,405.1177,1.4938,false,0,0.000081,0.000081,2.7368,1.232735,51.122698,1.253075,37.091761,1.167446,12.611832,0.901743,12.134075,0.504088,3.458929,41.1453,0.587426,0.870021,0.282595,-0.873288,-0.353816,-0.000667,0.02241,633.225314,745.1209,
33,45,true,33,33,0,8,4,4,4.2616,-8.932649,-10.6004,1.6677,-1.1914,-19.434875,-24.7238,-23.148364,-19.5783,-23.727087,-20.3937,-26.898589,-20.9379,-29.002123,-21.735,417.66353,426.7431,1.0217,false,0.000002,0.000158,0.000156,2.6273,1.223407,61.058836,1.235788,42.455968,1.157573,14.327463,0.911251,13.972571,0.520875,4.068355,49.5123,0.587622,0.852795,0.265173,-0.873418,-0.355472,-0.000663,0.005101,1591.101745,731.9191,
33,49,true,33,33,0,8,8,0,4.4347,-8.475422,-9.2098,0.7344,-2.1492,-19.073727,-26.8556,-22.805408,-17.9625,-23.40718,-19.1056,-26.60843,-19.6899,-28.72817,-20.3688,316.822791,478.9326,1.5117,false,0.000003,0.000509,0.000506,2.6169,1.215155,67.861358,1.219914,46.53239,1.146528,15.468984,0.915741,15.221902,0.532255,4.48936,55.3982,0.587752,0.852062,0.26431,-0.873522,-0.357624,-0.000658,-0.004783,841.101823,744.1822,
33,54,true,33,33,0,8,8,0,4.4311,-7.916304,-9.2295,1.3132,-1.777,-18.61993,-27.8499,-22.37425,-17.9149,-23.007196,-19.1028,-26.242906,-19.6966,-28.383125,-20.3575,364.288199,482.141,1.3235,false,0.000009,0.000506,0.000497,2.6419,1.203861,59.711798,1.197858,41.293994,1.129416,13.632245,0.918057,13.369526,0.544331,3.92409,49.1999,0.587905,0.857796,0.269891,-0.873631,-0.357562,-0.000655,-0.003545,1059.058347,742.0656,
33,61,true,33,33,0,0,6,-6,2.184,-7.14219,-8.6356,1.4934,-0.8239,-20.522337,-26.9918,-20.398528,-17.4021,-23.434892,-18.5779,-24.755384,-19.1622,-28.234731,-19.8329,434.05396,508.1767,1.1708,false,0.000029,0.000712,0.000683,2.8086,1.192366,57.384621,1.176554,39.131366,1.114286,12.955893,0.922838,12.730845,0.558726,3.834957,47.7347,0.58803,0.852734,0.264704,-0.87369,-0.358314,-0.000653,-0.004314,1237.887327,761.2466,
33,69,true,33,33,0,0,4,-4,1.9978,-6.273828,-8.3312,2.0574,-0.4358,-19.71515,-22.2919,-19.611572,-17.1709,-22.801641,-18.5947,-24.137548,-18.9324,-27.65233,-19.7173,590.185516,512.5847,1.1514,false,0.000104,0.000791,0.000687,2.7299,1.167825,55.475872,1.128956,37.559819,1.071056,12.394545,0.911779,12.088121,0.5688,3.692944,47.1088,0.588106,0.850946,0.26284,-0.873674,-0.358865,-0.00065,-0.004584,1676.383811,761.9087,
33,77,true,33,33,0,0,8,-8,2.5906,-5.438547,-8.0232,2.5846,-0.1641,-18.960121,-27.6937,-18.87775,-16.7771,-22.178191,-17.9425,-23.536896,-18.6035,-27.071624,-19.2101,526.483404,535.6665,1.0174,true,0.000063,0.001057,0.000994,2.9281,1.148026,47.300045,1.086876,32.727671,1.030384,10.697766,0.899138,10.470407,0.576254,3.152735,40.854,0.58827,0.858334,0.270064,-0.873838,-0.359047,-0.000645,-0.004126,1492.289846,777.303,
33,85,true,33,33,0,0,6,-6,3.1326,-4.618464,-6.8379,2.2195,-0.4497,-18.191601,-27.2032,-18.146564,-16.1634,-21.53418,-16.8317,-22.923889,-17.7049,-26.473587,-18.2404,488.443995,569.2602,1.1655,true,0.000042,0.001614,0.001572,3.0142,1.126528,47.662122,1.041908,31.559044,0.985709,10.165596,0.881902,10.022608,0.580381,3.054195,41.9454,0.588394,0.840491,0.252097,-0.873948,-0.361688,-0.000641,-0.00708,1379.224083,804.5617,
33,93,true,33,33,0,0,6,-6,2.452,-3.811629,-5.5565,1.7448,-0.938,-17.40952,-24.9415,-17.411006,-14.8123,-20.873691,-15.9451,-22.300419,-16.5931,-25.861932,-17.2251,491.869326,644.5246,1.3104,true,0.000044,0.003093,0.003049,2.9295,1.103074,50.477902,0.994411,33.469958,0.937974,10.740388,0.861067,10.564479,0.581992,3.264908,45.359,0.588449,0.838742,0.250293,-0.873971,-0.357266,-0.000637,-0.004926,1380.25965,872.102,
33,101,true,33,33,0,0,4,-4,2.345,-3.019952,-4.862,1.842,-0.9587,-16.625783,-24.1086,-16.702701,-14.125,-20.209865,-15.3615,-21.676475,-15.9485,-25.246624,-16.5887,531.749348,699.4459,1.3154,true,0.000063,0.004274,0.004211,2.9299,1.07806,56.445145,0.94554,37.407776,0.888708,11.910987,0.837769,11.562014,0.581878,3.622558,51.8861,0.588485,0.837779,0.249294,-0.874008,-0.360712,-0.000633,-0.00545,1504.206911,919.154,
33,109,true,33,33,0,0,6,-6,3.9479,-2.249551,-3.6652,1.4156,-1.4133,-15.853441,-27.1707,-16.008184,-13.5572,-19.557486,-13.8772,-21.063829,-14.8813,-24.639695,-15.4183,592.997362,755.7924,1.2745,true,0.000097,0.006071,0.005974,3.0388,1.051553,72.316668,0.89609,45.691026,0.839045,14.175845,0.812818,13.682757,0.580707,4.510442,68.1329,0.588488,0.813419,0.224931,-0.873992,-0.36947,-0.000627,-0.007561,1682.844609,979.8645,
33,117,true,33,33,0,0,6,-6,3.1474,-1.668668,-2.2773,0.6086,-2.2031,-15.267225,-22.6329,-15.457209,-11.9399,-19.030812,-12.7801,-20.554941,-13.5826,-24.136959,-14.1908,676.01663,849.2377,1.2562,true,0.000158,0.009273,0.009115,2.9737,1.038664,66.591819,0.874767,41.901673,0.818369,12.701261,0.80191,12.169912,0.580132,4.215256,63.5111,0.588529,0.800726,0.212197,-0.873996,-0.371915,-0.00062,-0.003416,1892.037882,1072.1879,
33,124,true,33,33,0,0,6,-6,3.1687,-1.191871,-1.5524,0.3605,-2.0853,-14.77976,-21.185,-15.001447,-11.6616,-18.594891,-12.4626,-20.133917,-13.2793,-23.725299,-13.9498,795.649636,979.6986,1.2313,true,0.000274,0.017474,0.0172,2.9209,1.025446,66.795494,0.855831,42.217539,0.800691,12.875348,0.791505,12.431387,0.578988,4.344429,64.5186,0.588535,0.819042,0.230507,-0.873954,-0.353458,-0.000605,-0.003382,2156.595133,1144.5988,
34,14,false,33,36,0.3333,6,6,0,3.3828,-13.022099,-21.4701,8.448,7.6925,-22.573055,-32.0009,-25.992261,-30.9593,-26.392204,-31.7274,-28.864487,-31.7877,-31.614826,-33.3708,385.839598,310.5651,1.2424,false,0.000001,0.000001,0,2.4119,1.330416,22.143326,1.226039,12.73559,0.943709,5.402605,0.668815,3.87673,0.32177,1.124396,16.5272,0.583607,0.873007,0.2894,-0.87051,-0.384516,-0.00016,0.02399033,1639.355767,1255.1256,
34,31,false,33,36,0.3333,6,7.3333,-1.3333,4.5506,-10.670162,-15.541,4.8708,3.1008,-20.816381,-37.4781,-24.284479,-25.0425,-24.780142,-25.1433,-27.383486,-25.715,-30.219197,-27.1511,315.607837,326.58,1.0348,false,0,0.000002,0.000002,2.0316,1.320972,30.343952,1.229117,17.255801,0.998376,8.048559,0.785686,6.144108,0.431068,1.970983,22.8059,0.584679,0.880471,0.295792,-0.87128,-0.368556,-0.000159,0.010004,1174.743248,888.5103,
34,36,false,33,36,0.3333,6,6,0,4.3133,-10.046652,-12.959,2.9123,0.8095,-20.347173,-28.0948,-23.832836,-22.3698,-24.358598,-22.592,-27.000467,-23.0407,-29.860433,-24.6454,309.266286,372.0173,1.2029,false,0,0.000011,0.000011,2.1932,1.314024,32.605213,1.219603,18.295219,0.999954,8.767906,0.805831,6.887189,0.454922,2.311208,24.6334,0.584884,0.88449,0.299606,-0.871427,-0.354922,-0.000159,0.02144333,1054.469406,784.0209,
34,40,false,33,36,0.3333,6,6.6667,-0.6667,4.7396,-9.562871,-11.3831,1.8202,-0.287,-19.978767,-27.1497,-23.480165,-20.839,-24.029913,-21.0858,-26.702514,-21.6462,-29.581234,-23.2062,307.780335,414.9753,1.3483,false,0.000001,0.000067,0.000066,2.1122,1.307359,34.416762,1.209294,19.152156,0.997497,9.199231,0.818066,7.265431,0.471526,2.449027,26.1332,0.585024,0.888668,0.303644,-0.871528,-0.351107,-0.00016,0.015351,961.158742,761.6254,
34,45,false,33,36,0.3333,6,6,0,4.6667,-8.974903,-10.3458,1.3709,-0.9386,-19.523065,-25.367,-23.045101,-19.9192,-23.62532,-20.0157,-26.33584,-20.628,-29.237045,-22.2473,322.017453,438.3664,1.3613,false,0.000001,0.000137,0.000136,2.0982,1.297938,40.103451,1.193558,21.62712,0.990464,10.388244,0.829144,8.267841,0.489514,2.875723,30.6692,0.585173,0.877764,0.292591,-0.871635,-0.352123,-0.00016,0.00406,958.272117,743.9947,
34,49,false,33,36,0.3333,6,8,-2,4.9509,-8.516733,-9.2546,0.7379,-1.6342,-19.158953,-26.6633,-22.698467,-18.7524,-23.303493,-18.9671,-26.043934,-19.6404,-28.9624,-21.1642,358.513544,478.8919,1.3358,false,0.000003,0.000391,0.000388,2.0672,1.289567,42.981426,1.178956,23.021988,0.981971,10.941156,0.835004,8.807173,0.501863,3.089867,33.0813,0.58528,0.879921,0.294641,-0.871711,-0.352603,-0.00016,-0.00334033,1128.701404,748.9903,
34,54,false,33,36,0.3333,6,8.6667,-2.6667,5.1236,-7.952297,-9.1004,1.1481,-1.5015,-18.701099,-27.1703,-22.263342,-18.4926,-22.89973,-18.7036,-25.677211,-19.4064,-28.616588,-20.9155,404.342318,489.9932,1.2118,false,0.000009,0.000436,0.000427,2.0747,1.278002,38.995253,1.158274,21.065755,0.968118,9.930163,0.838968,8.009251,0.51498,2.820993,30.2835,0.585387,0.883514,0.298127,-0.871789,-0.35116,-0.000161,-0.00237567,1278.807008,747.8289,
34,61,false,33,36,0.3333,0,7.3333,-7.3333,2.4801,-7.17742,-8.4844,1.307,-1.5345,-20.51899,-26.1529,-19.905353,-17.8695,-22.464293,-18.1682,-25.128571,-18.8248,-28.324321,-20.3714,465.769167,517.3504,1.1107,false,0.000035,0.000634,0.000599,2.0077,1.26479,37.72518,1.135113,20.111786,0.952828,9.520784,0.844333,7.679261,0.530353,2.769623,29.6011,0.58548,0.879759,0.294279,-0.871823,-0.351914,-0.000163,-0.002706,1344.977229,760.6653,
34,69,false,33,36,0.3333,0,5.3333,-5.3333,2.6677,-6.300854,-8.0949,1.7941,-1.2659,-19.724804,-23.3886,-19.171287,-17.5896,-21.770961,-17.9494,-24.523545,-18.4884,-27.750186,-20.0891,634.466418,527.5223,1.2027,false,0.000135,0.000764,0.000629,2.2137,1.239943,37.895423,1.089573,20.233782,0.916027,9.475338,0.83713,7.63537,0.541836,2.792173,30.3257,0.58551,0.878769,0.293259,-0.871777,-0.351501,-0.000167,-0.00235367,1765.945131,762.8193,
34,77,false,33,36,0.3333,0,8.6667,-8.6667,2.4474,-5.466706,-7.6397,2.173,-1.1435,-18.977547,-26.353,-18.468394,-17.0616,-21.114388,-17.2862,-23.933949,-18.0211,-27.176623,-19.5362,575.485711,549.9369,1.0465,true,0.000085,0.001026,0.000941,2.0846,1.21868,34.730388,1.049064,18.704887,0.880828,8.692462,0.825384,7.060944,0.54974,2.562577,28.2746,0.585641,0.879427,0.293786,-0.871916,-0.352164,-0.000165,-0.002057,1638.548411,774.3732,
34,85,false,33,36,0.3333,0,7.3333,-7.3333,2.366,-4.646604,-6.5526,1.906,-1.4072,-18.213272,-25.7789,-17.758624,-16.3571,-20.455453,-16.2748,-23.32979,-17.1534,-26.582663,-18.6319,591.990482,583.8183,1.014,true,0.000059,0.001584,0.001525,1.9958,1.195811,33.534481,1.005741,17.579441,0.842086,8.080542,0.809325,6.629213,0.554129,2.415936,27.819,0.585735,0.869023,0.283288,-0.872005,-0.353035,-0.000164,-0.00419933,1808.13721,798.7218,
34,93,false,33,36,0.3333,0,6.6667,-6.6667,2.8619,-3.840232,-5.4851,1.6449,-1.7186,-17.433726,-23.8211,-17.043712,-15.1655,-19.791684,-15.4972,-22.71324,-16.2254,-25.972302,-17.805,792.207357,641.6869,1.2346,true,0.000064,0.002729,0.002665,2.1933,1.171207,34.020025,0.960178,17.79378,0.80057,8.174995,0.790193,6.714845,0.556087,2.463635,28.8095,0.585773,0.864945,0.279172,-0.872037,-0.350921,-0.000163,-0.00318867,2516.080571,846.638,
34,101,false,33,36,0.3333,0,5.3333,-5.3333,2.8311,-3.047075,-4.7376,1.6905,-1.9167,-16.651289,-22.9756,-16.334156,-14.3929,-19.134769,-14.7009,-22.094243,-15.4083,-25.355912,-16.9781,600.244431,694.6585,1.1573,true,0.000087,0.003898,0.003811,2.2521,1.144894,36.579838,0.912887,18.938407,0.757784,8.635711,0.768827,7.026125,0.555976,2.61475,31.6824,0.585788,0.858279,0.272491,-0.872037,-0.352565,-0.000163,-0.00336967,1736.402226,890.2966,
34,109,false,33,36,0.3333,0,6,-6,2.8435,-2.276088,-3.7217,1.4457,-2.2793,-15.879734,-24.9221,-15.642487,-13.77,-18.493764,-13.4513,-21.48448,-14.4359,-24.745324,-15.9463,644.127131,745.7247,1.1577,true,0.000135,0.005438,0.005303,2.0062,1.117667,44.221443,0.865563,22.213277,0.714937,9.967801,0.746378,8.072929,0.554961,3.118268,39.2239,0.585774,0.844587,0.258813,-0.872011,-0.358209,-0.000163,-0.00446167,1794.815197,939.6326,
34,117,false,33,36,0.3333,0,6,-6,2.5016,-1.694721,-2.3713,0.6766,-3.1049,-15.294174,-21.6567,-15.095027,-12.2073,-17.96804,-12.2516,-20.975869,-13.1017,-24.238373,-14.6596,745.770293,830.5364,1.1137,true,0.000219,0.008332,0.008113,2.1578,1.105346,42.050344,0.845537,21.073254,0.697479,9.272431,0.737537,7.481725,0.554598,3.002074,37.7106,0.585809,0.834386,0.248577,-0.872012,-0.360396,-0.000165,-0.00204133,2039.689758,1022.2332,
34,124,false,33,36,0.3333,0,6.6667,-6.6667,2.5923,-1.218681,-1.55,0.3313,-3.1933,-14.80717,-21.7374,-14.640939,-11.7909,-17.53151,-11.6563,-20.553298,-12.5907,-23.818339,-14.1695,830.141162,931.8578,1.1225,true,0.000384,0.014394,0.01401,2.0875,1.0937,42.617818,0.828335,21.30139,0.683096,9.398809,0.730218,7.631227,0.553822,3.090156,38.6226,0.58581,0.841952,0.256142,-0.871968,-0.347557,-0.000168,-0.001786,2115.490733,1087.1824,
35,14,false,33,36,0.6667,6,8,-2,5.3411,-13.112537,-22.1085,8.996,8.1026,-22.739003,-33.7888,-26.195091,-32.1878,-26.615047,-31.8415,-28.718522,-32.0518,-32.049223,-34.6692,339.334471,328.755,1.0322,false,0.000002,0.000001,0.000001,1.8932,1.336953,17.691908,1.230823,8.475322,0.948019,4.864133,0.656883,2.906125,0.289648,0.888568,13.1422,0.579785,0.961789,0.382004,-0.867659,-0.377498,-0.000009,0.01343167,1312.592747,1364.8829,
35,31,false,33,36,0.6667,6,8.6667,-2.6667,6.7391,-10.738258,-15.3263,4.5881,2.7494,-20.94048,-34.9727,-24.438961,-25.2624,-24.952455,-24.6505,-27.163618,-25.1437,-30.653381,-27.5362,288.644953,338.7046,1.1734,false,0.000001,0.000001,0,1.7179,1.331356,21.371765,1.244511,9.476525,1.020996,6.029059,0.797435,3.876388,0.408408,1.402312,15.9404,0.58064,0.917153,0.336513,-0.868272,-0.368281,-0.000009,0.005536,919.635449,908.2823,
35,36,false,33,36,0.6667,6,8,-2,6.6892,-10.109427,-12.6995,2.5901,0.6737,-20.46263,-28.8202,-23.977117,-22.8272,-24.519443,-22.0999,-26.767152,-22.6716,-30.285427,-25.0632,279.027088,384.1912,1.3769,false,0,0.000008,0.000008,1.676,1.325053,23.178638,1.236826,9.963182,1.026112,6.645406,0.822771,4.301273,0.435131,1.681565,17.3691,0.580811,0.905617,0.324806,-0.868395,-0.355578,-0.000009,0.01113667,721.216684,803.1765,
35,40,false,33,36,0.6667,6,9.3333,-3.3333,7.197,-9.619811,-11.3057,1.6859,-0.2876,-20.088624,-28.5107,-23.616915,-21.4827,-24.182723,-20.6835,-26.460391,-21.4035,-29.998021,-23.7218,295.600221,425.0726,1.438,false,0.000001,0.000053,0.000052,1.5576,1.318859,23.170012,1.227666,9.889125,1.025871,6.710036,0.838428,4.350269,0.453761,1.733986,17.4435,0.580929,0.907314,0.326385,-0.86848,-0.348398,-0.00001,0.008292,791.735901,778.4955,
35,45,false,33,36,0.6667,6,8,-2,6.6401,-9.027065,-10.0913,1.0642,-0.997,-19.626828,-26.0101,-23.173642,-20.2601,-23.769086,-19.6376,-26.08447,-20.3181,-29.643297,-22.7597,322.034925,450.3064,1.3983,false,0.000004,0.000117,0.000113,1.6349,1.309819,26.339952,1.212968,11.016881,1.020859,7.532081,0.852905,4.892241,0.473878,2.03271,19.9648,0.581058,0.902732,0.321674,-0.868573,-0.348775,-0.000011,0.003019,884.329506,756.2695,
35,49,false,33,36,0.6667,6,8,-2,6.9214,-8.564501,-9.2995,0.735,-1.4261,-19.258627,-26.471,-22.821342,-19.5422,-23.440763,-18.8287,-25.786258,-19.5909,-29.360305,-21.9595,342.537911,478.8513,1.398,false,0.000008,0.000273,0.000265,1.5833,1.301634,27.223195,1.198908,11.390172,1.013547,7.73864,0.860877,5.095703,0.487647,2.126646,20.7628,0.581148,0.907781,0.326633,-0.868638,-0.347582,-0.000011,-0.00189767,903.607692,753.8294,
35,54,false,33,36,0.6667,6,9.3333,-3.3333,7.1391,-7.99455,-8.9714,0.9768,-1.5273,-18.796251,-26.4907,-22.379874,-19.0704,-23.029715,-18.3045,-25.412766,-19.1162,-29.004312,-21.4736,400.14981,497.9733,1.2445,false,0.000018,0.000366,0.000348,1.5714,1.290278,25.466152,1.178724,10.746503,1.000814,7.233448,0.866902,4.798084,0.502283,2.027986,19.5929,0.581248,0.909233,0.327985,-0.868711,-0.344759,-0.000012,-0.00120633,1125.150119,753.6369,
35,61,false,33,36,0.6667,0,8.6667,-8.6667,5.0236,-7.213887,-8.3333,1.1194,-2.0048,-20.455651,-25.314,-20.06415,-18.3369,-22.44679,-17.7585,-25.26152,-18.4874,-28.017508,-20.9099,515.519101,526.6897,1.0217,false,0.000058,0.000557,0.000499,2.0859,1.277365,24.800882,1.156499,10.336565,0.987503,6.996455,0.874723,4.632139,0.519484,2.000234,19.2726,0.581328,0.906783,0.325455,-0.868738,-0.345515,-0.000015,-0.001098,1463.712241,760.0845,
35,69,false,33,36,0.6667,0,6.6667,-6.6667,5.6634,-6.334871,-7.8586,1.5237,-1.8246,-19.617969,-24.4853,-19.34245,-18.0083,-21.765921,-17.3042,-24.638161,-18.0443,-27.423715,-20.461,722.129571,542.8953,1.3301,false,0.000223,0.000736,0.000513,2.1322,1.25237,25.886264,1.111211,10.900104,0.951629,7.243673,0.868102,4.822824,0.53197,2.111115,20.514,0.581362,0.906592,0.32523,-0.868693,-0.344136,-0.000018,-0.00012333,1927.297416,763.7311,
35,77,false,33,36,0.6667,0,9.3333,-9.3333,5.5559,-5.495557,-7.2562,1.7607,-1.8283,-18.846748,-25.0123,-18.645894,-17.3461,-21.11538,-16.6298,-24.036399,-17.4388,-26.838234,-19.8623,619.873722,564.5875,1.0979,false,0.000138,0.000994,0.000856,2.112,1.231037,25.50103,1.069843,10.690428,0.914938,7.063054,0.856849,4.761699,0.541081,2.082891,20.5562,0.581499,0.900519,0.31902,-0.868821,-0.345282,-0.000018,0.000012,1651.829552,771.4545,
35,85,false,33,36,0.6667,0,8.6667,-8.6667,5.7321,-4.672372,-6.2672,1.5949,-2.0523,-18.066232,-24.3546,-17.937361,-16.5508,-20.458072,-15.7179,-23.42336,-16.6018,-26.237243,-19.0235,565.948597,598.7486,1.058,true,0.000095,0.001555,0.00146,2.0814,1.207941,23.594447,1.025466,9.792336,0.874314,6.42315,0.840346,4.384734,0.546119,1.911059,19.3806,0.581631,0.897556,0.315925,-0.868958,-0.344382,-0.000017,-0.00131867,1512.680782,792.9243,
35,93,false,33,36,0.6667,0,7.3333,-7.3333,5.1747,-3.86477,-5.4137,1.5489,-2.1731,-17.275932,-22.7006,-17.223867,-15.5188,-19.794523,-15.0492,-22.800066,-15.8577,-25.623581,-18.385,571.472084,638.8617,1.1179,true,0.0001,0.002366,0.002266,2.1971,1.182968,22.928095,0.978639,9.459785,0.831018,6.222359,0.820064,4.267995,0.548119,1.859011,19.2278,0.581709,0.891149,0.30944,-0.869019,-0.344576,-0.000017,-0.00145133,1518.82459,821.9175,
35,101,false,33,36,0.6667,0,6.6667,-6.6667,5.5705,-3.071822,-4.6132,1.5414,-2.5385,-16.487536,-21.8427,-16.514314,-14.6609,-19.134695,-14.0402,-22.17589,-14.8681,-25.006623,-17.3674,621.877777,689.9039,1.1094,true,0.000142,0.003523,0.003381,2.2134,1.156561,23.705928,0.930585,9.587933,0.786517,6.261069,0.797301,4.269709,0.548019,1.887317,20.3298,0.581762,0.878778,0.297016,-0.869051,-0.344419,-0.000018,-0.00128933,1642.997733,862.3452,
35,109,false,33,36,0.6667,0,6,-6,6.3365,-2.300511,-3.7783,1.4778,-2.802,-15.712914,-22.6736,-15.82135,-13.9828,-18.490153,-13.0255,-21.561716,-13.9904,-24.397205,-16.4743,697.097511,735.7911,1.0555,true,0.00022,0.004805,0.004585,2.1067,1.128956,27.041291,0.882232,10.799269,0.741957,7.008899,0.773061,4.763089,0.546597,2.155797,23.751,0.581798,0.875754,0.293956,-0.869061,-0.346947,-0.000019,-0.00136233,1813.133856,901.0526,
35,117,false,33,36,0.6667,0,6,-6,6.1192,-1.718839,-2.4653,0.7465,-3.6606,-15.121972,-20.6805,-15.275745,-12.4747,-17.964227,-11.7232,-21.050677,-12.6208,-23.890166,-15.1283,800.559175,812.2469,1.0146,true,0.000358,0.007391,0.007033,2.1888,1.116294,26.553284,0.86193,10.598194,0.724185,6.769248,0.763218,4.599558,0.545777,2.138054,23.5847,0.581845,0.868045,0.2862,-0.86907,-0.348876,-0.00002,-0.00066667,2021.494048,974.606,
35,124,false,33,36,0.6667,0,7.3333,-7.3333,6.5624,-1.242364,-1.5476,0.3052,-3.9541,-14.628133,-22.2898,-14.825138,-11.9202,-17.52713,-10.8501,-20.625479,-11.9021,-23.469484,-14.3892,949.951756,886.3532,1.0718,true,0.000627,0.011315,0.010688,2.0464,1.104198,27.191631,0.84453,10.747884,0.709879,6.860989,0.754638,4.684563,0.544137,2.198003,24.4136,0.581853,0.864862,0.283009,-0.869031,-0.341655,-0.000022,-0.00019,2285.477186,1032.6462,
36,14,true,36,36,0,6,10,-4,5.3873,-15.015895,-22.7469,7.731,6.5186,-24.680188,-35.5767,-28.196116,-33.4163,-27.782371,-31.9557,-30.56651,-32.3159,-32.966157,-35.9677,509.993287,348.0103,1.4655,false,0.000004,0.000001,0.000003,2.424,1.368592,14.135347,1.352946,5.640185,1.004619,4.37933,0.623312,2.178527,0.312715,0.702201,10.2607,0.575439,1.050571,0.475132,-0.864295,-0.370481,0.000918,0.002873,2050.165657,1484.2383,
36,31,true,36,36,0,6,10,-4,6.6058,-12.606263,-15.1117,2.5054,0.3737,-22.821469,-32.4673,-26.381196,-25.4822,-26.052672,-24.1576,-28.96797,-24.5724,-31.465609,-27.9213,326.084706,351.2793,1.0773,false,0.000002,0.000001,0.000001,2.5005,1.377257,15.0525,1.400877,5.204309,1.11783,4.516281,0.784752,2.445657,0.461055,0.997715,10.8578,0.576009,0.953836,0.377827,-0.864686,-0.368007,0.000842,0.001068,1123.667214,928.4942,
36,36,true,36,36,0,6,10,-4,6.8731,-11.96592,-12.44,0.4741,-1.4844,-22.330485,-29.5456,-25.903308,-23.2847,-25.598629,-21.6077,-28.556169,-22.3025,-31.078814,-25.4809,416.904979,396.7634,1.0508,false,0.000001,0.000006,0.000005,2.2627,1.375152,16.477404,1.401871,5.425734,1.1337,5.036713,0.816939,2.686284,0.495994,1.223456,11.903,0.57614,0.926744,0.350604,-0.864777,-0.356234,0.000827,0.00083,1617.202412,822.8001,
36,40,true,36,36,0,6,12,-6,7.5509,-11.469521,-11.2283,-0.2412,-2.3071,-21.94712,-29.8718,-25.530549,-22.1264,-25.244721,-20.2811,-28.237135,-21.1608,-30.779068,-24.2375,301.278162,435.4157,1.4452,false,0.000001,0.000039,0.000038,2.1127,1.371671,15.598488,1.398973,5.106203,1.141169,4.894386,0.837689,2.604779,0.520631,1.227715,11.2968,0.576235,0.925961,0.349726,-0.864845,-0.345689,0.000816,0.001233,793.742446,795.7393,
36,45,true,36,36,0,6,10,-4,6.6025,-10.868884,-9.8367,-1.0322,-3.0687,-21.473756,-26.6533,-25.071391,-20.601,-24.809667,-19.2596,-27.846292,-20.0083,-30.411555,-23.272,352.650056,462.5716,1.3117,false,0.000004,0.000096,0.000092,2.2879,1.366201,17.300084,1.391515,5.612012,1.145181,5.461197,0.85828,2.894834,0.547469,1.436824,12.5782,0.576345,0.927701,0.351356,-0.864923,-0.345426,0.000805,0.001978,1081.373195,768.7468,
36,49,true,36,36,0,6,8,-2,6.9412,-10.397711,-9.3443,-1.0534,-3.2259,-21.096868,-26.2787,-24.706856,-20.332,-24.463937,-18.6902,-27.536596,-19.5414,-30.120065,-22.7549,502.71985,478.8107,1.0499,false,0.000011,0.000155,0.000144,2.2215,1.361099,17.242386,1.382818,5.635309,1.144668,5.473512,0.870982,2.9483,0.566019,1.463695,12.5829,0.576425,0.93564,0.359215,-0.864979,-0.342561,0.000798,-0.000455,1803.164063,758.6998,
36,54,true,36,36,0,6,10,-4,7.2627,-9.820553,-8.8423,-0.9782,-3.5539,-20.624925,-25.811,-24.250375,-19.6481,-24.031334,-17.9054,-27.149208,-18.826,-29.754881,-22.0316,427.75915,506.0834,1.1831,false,0.000025,0.000296,0.000271,2.1973,1.352684,16.630868,1.368454,5.482231,1.139365,5.269075,0.88207,2.874377,0.585683,1.457901,12.2118,0.57652,0.934951,0.358431,-0.865047,-0.338357,0.000789,-0.000037,1241.032741,759.49,
36,61,true,36,36,0,0,10,-10,5.956,-9.028175,-8.1822,-0.846,-3.2194,-20.951933,-24.4751,-22.674655,-18.8043,-24.036013,-17.3489,-26.138725,-18.15,-29.21961,-21.4484,553.841709,536.1975,1.0329,false,0.00008,0.000479,0.000399,1.3016,1.343833,16.304329,1.353087,5.312536,1.134797,5.141424,0.895765,2.794112,0.609199,1.444578,12.0505,0.576591,0.933808,0.357217,-0.865058,-0.339115,0.000777,0.00051,1568.639457,759.5041,
36,69,true,36,36,0,0,8,-8,6.9872,-8.139334,-7.6223,-0.517,-3.1183,-20.031604,-25.582,-22.003101,-18.427,-23.323011,-16.6589,-25.487735,-17.6002,-28.609621,-20.8328,778.009886,558.7163,1.3925,false,0.000287,0.000709,0.000422,1.2235,1.32545,17.682839,1.31755,5.871975,1.110446,5.537618,0.897018,3.0463,0.627563,1.596179,13.2486,0.57661,0.934415,0.357805,-0.864975,-0.336772,0.000768,0.002107,2033.805192,764.6439,
36,77,true,36,36,0,0,10,-10,6.5113,-7.291534,-6.8728,-0.4188,-3.2425,-19.205429,-23.6717,-21.336568,-17.6306,-22.645506,-15.9734,-24.868239,-16.8564,-28.019392,-20.1884,691.383065,579.6284,1.1928,false,0.000176,0.000963,0.000787,1.3397,1.307038,18.724309,1.279342,6.109914,1.078997,5.739079,0.891252,3.211154,0.640177,1.692996,14.2246,0.576811,0.921612,0.344801,-0.865185,-0.338399,0.000764,0.002081,1863.381283,768.5468,
36,85,true,36,36,0,0,10,-10,6.4858,-6.460484,-5.9819,-0.4786,-3.4202,-18.394117,-22.9303,-20.644594,-16.7446,-21.962124,-15.161,-24.239774,-16.0503,-27.41573,-19.415,630.507803,614.0607,1.0268,true,0.000118,0.001525,0.001407,1.3884,1.286863,16.600762,1.237092,5.454658,1.042228,5.105705,0.879534,2.900177,0.647584,1.51169,12.8084,0.576982,0.926088,0.349106,-0.865343,-0.335729,0.000762,0.001562,1726.633142,787.1689,
36,93,true,36,36,0,0,8,-8,5.9864,-5.64282,-5.3423,-0.3005,-3.3437,-17.591035,-21.5801,-19.929666,-15.8721,-21.273049,-14.6013,-23.602947,-15.49,-26.800581,-18.9649,622.219939,636.0489,1.0222,true,0.000122,0.002002,0.00188,1.4412,1.265008,15.452591,1.191708,5.029147,1.001762,4.736119,0.863529,2.712763,0.651325,1.402773,12.1274,0.577114,0.917352,0.340238,-0.86545,-0.338231,0.000761,0.000286,1667.887596,797.9187,
36,101,true,36,36,0,0,8,-8,6.6258,-4.845198,-4.4888,-0.3564,-3.8701,-16.801515,-20.7098,-19.209131,-14.9289,-20.588233,-13.3796,-22.96724,-14.3279,-26.183106,-17.7567,670.157557,685.1818,1.0224,true,0.000173,0.003147,0.002974,1.4307,1.241899,15.362863,1.144202,4.854076,0.958937,4.539404,0.844665,2.594661,0.65256,1.362259,12.2796,0.577226,0.899278,0.322052,-0.865523,-0.336272,0.00076,0.000791,1756.090075,835.2713,
36,109,true,36,36,0,0,6,-6,6.9753,-4.069935,-3.8349,-0.2351,-4.029,-16.031965,-20.4251,-18.49886,-14.1955,-19.918997,-12.5997,-22.343258,-13.545,-25.57348,-17.0023,749.953253,725.9899,1.033,true,0.000264,0.004172,0.003908,1.479,1.2179,16.535675,1.095567,5.250203,0.914975,4.928335,0.824178,2.810258,0.652391,1.490398,13.4748,0.577318,0.906922,0.329604,-0.865571,-0.335686,0.00076,0.001737,1917.697694,864.0567,
36,117,true,36,36,0,0,6,-6,7.0499,-3.484308,-2.5594,-0.9249,-4.9158,-15.442152,-19.7043,-17.946615,-12.7421,-19.380391,-11.1947,-21.824999,-12.1399,-25.062383,-15.597,857.055348,794.3602,1.0789,true,0.000419,0.00645,0.006031,1.4994,1.208114,16.767446,1.076412,5.33006,0.89839,4.941823,0.816551,2.827681,0.652645,1.522706,13.7733,0.577377,0.901705,0.324328,-0.865581,-0.337357,0.000759,0.000708,2115.985386,929.1978,
36,124,true,36,36,0,0,8,-8,7.7044,-3.001794,-1.5452,-1.4566,-5.4079,-14.949254,-22.8422,-17.489318,-12.0495,-18.930535,-10.0439,-21.390668,-11.2135,-24.634696,-14.6089,1009.616286,843.0707,1.1975,true,0.000698,0.008235,0.007537,1.2906,1.200513,17.349194,1.06208,5.42298,0.886576,5.008418,0.810886,2.875702,0.652476,1.563421,14.3404,0.577383,0.887772,0.310389,-0.865524,-0.335754,0.000757,0.001406,2376.267076,980.8457,
37,14,false,36,39,0.3333,6,8.6667,-2.6667,5.3616,-15.128029,-20.841,5.7129,4.7501,-24.829608,-35.6898,-28.193644,-30.5136,-27.438237,-29.3723,-30.565597,-30.5464,-33.104788,-33.5633,665.706494,335.4312,1.9846,false,0.000011,0.000003,0.000008,1.9532,1.398182,6.305924,1.341817,2.587168,0.955373,2.164027,0.588636,1.213062,0.251701,0.478187,4.4852,0.569176,0.934073,0.364897,-0.85924,-0.309983,-0.000927,0.00262633,2495.659912,1219.1265,
37,31,false,36,39,0.3333,6,8.6667,-2.6667,6.2332,-12.684476,-15.0406,2.3561,0.4653,-22.900747,-30.2734,-26.228663,-24.4894,-25.683448,-23.4771,-28.91876,-24.6148,-31.53403,-27.4094,601.707354,344.3205,1.7475,false,0.000008,0.000004,0.000004,2.0976,1.413461,6.488818,1.407878,2.416775,1.092127,2.177396,0.776982,1.302188,0.399088,0.611224,4.5655,0.569162,0.870432,0.30127,-0.859158,-0.297642,-0.000849,0.001411,2286.742509,863.3431,
37,36,false,36,39,0.3333,6,9.3333,-3.3333,6.3126,-12.034926,-12.1976,0.1627,-1.6584,-22.398314,-27.8892,-25.708375,-22.0451,-25.235008,-20.857,-28.497418,-22.0697,-31.131677,-24.8701,400.175694,393.0251,1.0182,false,0.000005,0.000016,0.000011,2.0497,1.412147,6.986772,1.41288,2.545707,1.114295,2.372075,0.817146,1.430497,0.436269,0.738555,4.9199,0.569191,0.862661,0.29347,-0.859168,-0.271614,-0.000833,0.001233,1437.99744,776.0337,
37,40,false,36,39,0.3333,6,9.3333,-3.3333,7.1648,-11.532787,-11.0633,-0.4695,-2.4755,-22.007609,-30.0122,-25.302791,-21.0019,-24.889478,-19.5864,-28.172877,-20.9281,-30.821829,-23.6747,436.148986,424.7575,1.0268,false,0.000003,0.000055,0.000052,1.9418,1.409854,6.675533,1.41313,2.438461,1.126624,2.308462,0.844159,1.398143,0.463222,0.745152,4.7086,0.569222,0.860386,0.291164,-0.859183,-0.262293,-0.000824,0.00153967,1611.193187,754.8642,
37,45,false,36,39,0.3333,6,8,-2,6.3241,-10.923633,-9.8815,-1.0422,-3.1262,-21.529337,-25.7217,-24.805135,-19.5814,-24.469106,-18.7218,-27.77765,-19.8821,-30.444811,-22.8213,398.75391,456.5709,1.145,false,0.000003,0.000126,0.000123,2.1482,1.405229,7.310544,1.408854,2.666266,1.135785,2.54267,0.871673,1.541977,0.492995,0.855399,5.1727,0.56927,0.872003,0.302733,-0.859211,-0.253546,-0.000812,0.00202667,1348.518934,741.703,
37,49,false,36,39,0.3333,6,7.3333,-1.3333,6.6103,-10.449091,-9.4456,-1.0035,-3.3555,-21.150611,-25.0674,-24.409231,-19.3927,-24.138151,-18.1396,-27.466633,-19.3419,-30.148252,-22.2173,899.076299,473.0425,1.9006,false,0.000015,0.000197,0.000182,2.1262,1.401166,7.286947,1.402988,2.667203,1.138742,2.529612,0.889394,1.554317,0.514223,0.867298,5.1709,0.569312,0.883612,0.3143,-0.859238,-0.24758,-0.000805,0.00039567,3037.07511,737.1443,
37,54,false,36,39,0.3333,6,8.6667,-2.6667,6.8629,-9.868152,-8.9659,-0.9022,-3.5889,-20.678359,-24.6056,-23.917992,-18.8058,-23.727401,-17.4834,-27.079855,-18.7216,-29.779794,-21.598,577.009313,493.4246,1.1694,false,0.000023,0.000311,0.000288,2.1142,1.393099,6.990014,1.390509,2.581637,1.136904,2.433776,0.905661,1.50699,0.536303,0.85446,4.989,0.569371,0.882653,0.313282,-0.859276,-0.246178,-0.000799,0.00067433,1962.214932,737.9894,
37,61,false,36,39,0.3333,0,9.3333,-9.3333,3.7155,-9.072063,-8.3041,-0.768,-3.2962,-20.100226,-23.7605,-23.484638,-18.0805,-23.504923,-16.9119,-26.123217,-18.0577,-29.500554,-20.9958,616.348982,519.1133,1.1873,false,0.000084,0.00048,0.000396,1.4725,1.384959,6.849184,1.377912,2.517498,1.136023,2.379059,0.925948,1.470877,0.563082,0.846005,4.9171,0.569444,0.883022,0.313578,-0.85929,-0.245822,-0.000792,0.00104467,1844.572738,740.5665,
37,69,false,36,39,0.3333,0,7.3333,-7.3333,4.5845,-8.182405,-7.6858,-0.4966,-3.2117,-19.288981,-25.0703,-22.764918,-17.6433,-22.789718,-16.2834,-25.500056,-17.519,-28.904028,-20.4225,862.119363,536.6711,1.6064,false,0.000305,0.000672,0.000367,1.4747,1.367997,7.264895,1.345201,2.701982,1.114174,2.508318,0.932955,1.562202,0.584545,0.907882,5.2793,0.569468,0.885993,0.316525,-0.859231,-0.243064,-0.000788,0.002126,2317.123482,745.0691,
37,77,false,36,39,0.3333,0,9.3333,-9.3333,4.1684,-7.330845,-7.0752,-0.2557,-3.2107,-18.528802,-22.8897,-22.061915,-16.9706,-22.111589,-15.7305,-24.900842,-16.9209,-28.326879,-19.8975,861.496682,551.4853,1.5621,false,0.000199,0.00088,0.000681,1.5988,1.349047,7.567707,1.307529,2.789851,1.084711,2.576205,0.929702,1.623165,0.599343,0.947879,5.5758,0.569662,0.881807,0.312145,-0.859422,-0.24292,-0.000785,0.00212367,2447.891923,749.4023,
37,85,false,36,39,0.3333,0,9.3333,-9.3333,4.1749,-6.499232,-6.3362,-0.1631,-3.2542,-17.765952,-22.2379,-21.347102,-16.293,-21.433284,-15.089,-24.291524,-16.2681,-27.738068,-19.2883,831.443231,581.6392,1.4295,true,0.000144,0.00132,0.001176,1.6791,1.328382,7.044223,1.265601,2.622993,1.049147,2.416487,0.919432,1.536697,0.608518,0.892187,5.2707,0.56985,0.888833,0.318983,-0.85959,-0.239307,-0.000784,0.00177167,2432.103883,766.5947,
37,93,false,36,39,0.3333,0,7.3333,-7.3333,4.3637,-5.686787,-5.7095,0.0228,-3.245,-16.997532,-24.2718,-20.625203,-15.5605,-20.753086,-14.4736,-23.672523,-15.6582,-27.138113,-18.6933,669.478281,608.9328,1.0994,true,0.000154,0.00179,0.001636,1.7348,1.305967,6.817577,1.22014,2.520507,1.009012,2.326742,0.903992,1.483764,0.613334,0.859252,5.1883,0.57003,0.889764,0.319734,-0.859733,-0.235326,-0.000785,0.000918,1804.656853,782.5586,
37,101,false,36,39,0.3333,0,8.6667,-8.6667,4.3312,-4.890085,-4.7936,-0.0965,-3.8284,-16.23129,-20.2955,-19.901883,-14.6559,-20.077209,-13.328,-23.052681,-14.455,-26.534611,-17.5155,921.282733,657.5583,1.4011,true,0.000221,0.002801,0.00258,1.8485,1.282904,6.667165,1.172831,2.432756,0.965987,2.217794,0.88531,1.413158,0.615495,0.829168,5.1645,0.5702,0.882074,0.311874,-0.859857,-0.231498,-0.000787,0.00122333,2588.551689,822.7648,
37,109,false,36,39,0.3333,0,8,-8,4.4634,-4.115907,-3.9241,-0.1918,-4.1023,-15.47709,-19.3226,-19.192513,-13.6864,-19.416028,-12.4559,-22.441099,-13.5695,-25.936464,-16.6291,774.000661,698.7026,1.1078,true,0.000337,0.003765,0.003428,1.9114,1.258331,6.947103,1.123682,2.540784,0.921224,2.314405,0.864152,1.469745,0.615421,0.870048,5.4852,0.570362,0.889785,0.319423,-0.859966,-0.230496,-0.00079,0.001896,1915.312558,854.676,
37,117,false,36,39,0.3333,0,7.3333,-7.3333,4.6883,-3.461531,-2.6923,-0.7692,-4.8843,-14.83253,-18.8204,-18.580877,-12.4414,-18.835695,-11.1504,-21.893552,-12.24,-25.396872,-15.3331,884.724205,756.1875,1.17,true,0.000546,0.005561,0.005015,1.9683,1.24238,7.056912,1.092015,2.584403,0.892406,2.331843,0.850695,1.476026,0.615356,0.883188,5.6428,0.570468,0.897281,0.326813,-0.860016,-0.230432,-0.000792,0.00125767,2091.751867,913.1524,
37,124,false,36,39,0.3333,0,8.6667,-8.6667,5.0701,-2.980859,-1.5382,-1.4426,-5.4583,-14.350834,-20.4156,-18.118769,-11.5519,-18.387931,-10.0114,-21.463815,-11.2363,-24.973059,-14.2869,1091.93331,812.7311,1.3435,true,0.000937,0.007287,0.00635,1.851,1.235249,7.293111,1.07804,2.65341,0.880015,2.387795,0.845559,1.509149,0.615469,0.910336,5.8648,0.570482,0.896545,0.326063,-0.859969,-0.225579,-0.000793,0.00172833,2490.490383,970.3653,
38,14,false,36,39,0.6667,6,7.3333,-1.3333,6.9557,-15.241951,-18.935,3.6931,3.493,-24.97458,-35.8028,-26.300196,-27.6108,-28.031113,-26.7889,-30.053275,-28.777,-33.135973,-31.1589,661.98556,323.3068,2.0475,false,0.000018,0.000006,0.000012,0.7008,1.308273,2.813138,1.281397,1.186741,0.998444,1.069345,0.516809,0.675465,0.176146,0.325638,2.1415,0.560663,0.817575,0.256912,-0.852071,-0.249484,-0.000015,0.00237967,2398.000665,1001.3685,
38,31,false,36,39,0.6667,6,7.3333,-1.3333,7.0968,-12.757048,-14.9694,2.2124,1.1318,-22.959047,-28.0795,-24.244135,-23.4966,-26.169554,-22.7966,-28.294738,-24.6572,-31.492472,-26.8974,388.035906,337.4995,1.1497,false,0.000016,0.000006,0.00001,0.9576,1.328967,2.797194,1.364137,1.122301,1.175255,1.049769,0.718562,0.693349,0.301266,0.37445,2.0965,0.559892,0.787027,0.227135,-0.851361,-0.227276,-0.000019,0.001754,1176.912656,802.7636,
38,36,false,36,39,0.6667,6,8.6667,-2.6667,6.9178,-12.096268,-11.9552,-0.1411,-1.2454,-22.440201,-26.2327,-23.705063,-20.8055,-25.70812,-20.1063,-27.851652,-21.837,-31.077314,-24.2594,371.950724,389.322,1.0467,false,0.000014,0.000025,0.000011,0.8033,1.329746,2.962541,1.374218,1.194423,1.20761,1.117145,0.765021,0.761766,0.335699,0.445838,2.2187,0.559764,0.798578,0.238814,-0.851239,-0.186995,-0.000018,0.001636,1048.362791,731.9255,
38,40,false,36,39,0.6667,6,6.6667,-0.6667,7.9013,-11.587129,-10.8982,-0.6889,-2.0487,-22.03994,-30.1527,-23.288438,-19.8775,-25.356443,-18.8917,-27.513368,-20.6953,-30.76013,-23.1118,460.025978,414.3602,1.1102,false,0.000013,0.00007,0.000057,0.8303,1.329024,2.856863,1.378148,1.164484,1.227298,1.088798,0.797204,0.750468,0.361273,0.452264,2.141,0.559687,0.79481,0.235123,-0.851167,-0.178896,-0.000018,0.00184633,1572.897785,716.0888,
38,45,false,36,39,0.6667,6,6,0,7.1286,-10.967133,-9.9262,-1.0409,-2.5804,-21.552748,-24.7901,-22.782735,-18.5618,-24.93305,-18.184,-27.105666,-19.756,-30.37766,-22.3707,463.111388,450.6481,1.0277,false,0.000011,0.000157,0.000146,0.6573,1.326206,3.089236,1.378163,1.266742,1.244432,1.183838,0.831074,0.821357,0.39023,0.509253,2.3194,0.55962,0.816304,0.256684,-0.851099,-0.161665,-0.000018,0.00207533,1559.399371,715.6105,
38,49,false,36,39,0.6667,6,6.6667,-0.6667,7.3389,-10.4863,-9.5469,-0.9394,-2.8764,-21.169407,-23.8561,-22.386496,-18.4533,-24.603282,-17.5889,-26.788105,-19.1424,-30.079703,-21.6797,377.445563,467.3437,1.2382,false,0.00001,0.000238,0.000228,0.7543,1.322605,3.079597,1.37457,1.262393,1.252621,1.169073,0.853286,0.819422,0.410811,0.513909,2.3185,0.559587,0.831583,0.271996,-0.851062,-0.1526,-0.000019,0.00124633,962.747888,716.2013,
38,54,false,36,39,0.6667,6,7.3333,-1.3333,7.4994,-9.897937,-9.0895,-0.8084,-3.011,-20.694279,-23.4001,-21.897852,-17.9636,-24.1973,-17.0613,-26.397574,-18.6173,-29.713095,-21.1643,480.676086,481.0826,1.0008,false,0.000019,0.000326,0.000307,0.7685,1.316869,2.937928,1.366307,1.215719,1.256783,1.124157,0.875508,0.790091,0.433466,0.500789,2.2217,0.559562,0.830356,0.270794,-0.851031,-0.153999,-0.000019,0.00138567,1471.85332,717.0975,
38,61,false,36,39,0.6667,0,8.6667,-8.6667,3.9786,-9.097343,-8.426,-0.6714,-3.1566,-20.038513,-23.0459,-23.187985,-17.3566,-22.646729,-16.475,-25.891311,-17.9654,-29.163965,-20.5432,565.932821,502.5734,1.1261,false,0.000074,0.000482,0.000408,1.7542,1.310803,2.877231,1.358519,1.192989,1.264034,1.100847,0.903125,0.7743,0.46114,0.495455,2.186,0.559496,0.832236,0.27274,-0.850947,-0.15253,-0.000022,0.00157933,1566.911183,722.1011,
38,69,false,36,39,0.6667,0,6.6667,-6.6667,3.5996,-8.203895,-7.7493,-0.4546,-3.0548,-19.262784,-24.5586,-22.444857,-16.8595,-21.95557,-15.9078,-25.261993,-17.4379,-28.584798,-20.0122,758.3187,515.4957,1.471,false,0.000303,0.000636,0.000333,1.7764,1.295876,2.984741,1.330261,1.243313,1.247295,1.136167,0.916322,0.801128,0.483772,0.516389,2.2933,0.559473,0.837571,0.278098,-0.850866,-0.149356,-0.000024,0.002145,1877.904646,725.9954,
38,77,false,36,39,0.6667,0,8.6667,-8.6667,3.8679,-7.348206,-7.2776,-0.0706,-2.91,-18.518442,-22.1077,-21.728151,-16.3106,-21.294202,-15.4875,-24.664579,-16.9853,-28.027318,-19.6067,682.651793,524.7086,1.301,false,0.000206,0.000796,0.00059,1.8726,1.279172,3.058601,1.295707,1.273876,1.218554,1.156428,0.917672,0.820472,0.499778,0.530701,2.3803,0.559606,0.842003,0.282397,-0.850994,-0.147441,-0.000024,0.00216633,1716.266773,730.7346,
38,85,false,36,39,0.6667,0,8.6667,-8.6667,3.9596,-6.518197,-6.6905,0.1723,-2.81,-17.768044,-21.5456,-21.009863,-15.8413,-20.631836,-15.017,-24.065203,-16.4859,-27.460526,-19.1616,649.774712,550.9295,1.1794,true,0.000158,0.001116,0.000958,1.9644,1.260558,2.989084,1.256202,1.261325,1.181749,1.143703,0.910567,0.814239,0.510042,0.526561,2.3604,0.559763,0.851577,0.291814,-0.851129,-0.142886,-0.000024,0.00198133,1667.964083,746.5582,
38,93,false,36,39,0.6667,0,6.6667,-6.6667,3.1864,-5.705933,-6.0768,0.3708,-2.8659,-17.010645,-26.9636,-20.288415,-15.2489,-19.966794,-14.3459,-23.461713,-15.8265,-26.883605,-18.4216,657.618687,582.9728,1.128,true,0.000182,0.001577,0.001395,2.0143,1.240324,3.007869,1.213006,1.263227,1.139258,1.143072,0.897404,0.811554,0.515972,0.526325,2.4137,0.559937,0.862175,0.302238,-0.851267,-0.132422,-0.000025,0.00155,1636.154121,767.4941,
38,101,false,36,39,0.6667,0,9.3333,-9.3333,4.0991,-4.917107,-5.0983,0.1812,-3.5084,-16.253485,-19.8812,-19.570379,-14.3828,-19.30546,-13.2765,-22.859866,-14.5821,-26.302629,-17.2743,869.859272,631.0484,1.3784,true,0.000269,0.002456,0.002187,2.2488,1.218943,2.893412,1.167319,1.219244,1.092941,1.083536,0.879959,0.769663,0.518828,0.504691,2.3625,0.560125,0.864869,0.304744,-0.851408,-0.126724,-0.000026,0.00165567,2326.518931,810.4455,
38,109,false,36,39,0.6667,0,10,-10,3.8258,-4.146925,-4.0134,-0.1335,-3.9036,-15.505538,-18.2201,-18.864214,-13.1772,-18.656117,-12.312,-22.266895,-13.594,-25.725149,-16.2559,829.652401,672.4409,1.2338,true,0.00042,0.003357,0.002937,2.3288,1.196402,2.918674,1.11982,1.229588,1.04428,1.086872,0.859627,0.768666,0.519447,0.507907,2.4276,0.560316,0.872647,0.312331,-0.851546,-0.125307,-0.000027,0.002055,1980.529688,845.3971,
38,117,false,36,39,0.6667,0,8.6667,-8.6667,3.9829,-3.423709,-2.8253,-0.5985,-4.5901,-14.797457,-17.9365,-18.196814,-12.1407,-18.040257,-11.1061,-21.699433,-12.34,-25.167995,-15.0692,962.523387,719.8492,1.3371,true,0.00069,0.004673,0.003983,2.4253,1.175423,2.970042,1.076275,1.253107,0.999743,1.100301,0.840246,0.770474,0.51916,0.51226,2.5139,0.560479,0.892857,0.332378,-0.851648,-0.123506,-0.000028,0.00180733,2201.376416,897.384,
38,124,false,36,39,0.6667,0,9.3333,-9.3333,3.8992,-2.944952,-1.5313,-1.4136,-5.2447,-14.317901,-17.989,-17.734385,-11.0543,-17.595745,-9.9789,-21.273024,-11.259,-24.747403,-13.965,1142.471204,783.4834,1.4582,true,0.001181,0.006338,0.005157,2.3971,1.168394,3.065818,1.062613,1.298287,0.987014,1.138397,0.835247,0.791992,0.519209,0.530063,2.6102,0.560498,0.905317,0.344819,-0.851612,-0.115403,-0.00003,0.00205067,2465.634864,959.997,
39,14,true,39,39,0,6,6,0,4.6544,-15.331527,-17.0291,1.6975,1.5429,-25.105023,-35.9159,-25.402231,-24.7081,-28.157509,-24.2054,-30.233987,-27.0076,-33.3193,-28.7545,555.171986,311.6206,1.7816,false,0.00003,0.000008,0.000022,1.3384,1.49052,1.25497,1.365995,0.544361,1.077797,0.528412,0.525619,0.376117,0.185834,0.221754,2.4821,0.55022,0.701077,0.150857,-0.842696,-0.188986,-0.000307,0.002133,1930.421884,822.506,
39,31,true,39,39,0,4,6,-2,5.727,-12.796094,-14.8983,2.1022,1.3928,-22.988271,-25.8856,-24.277511,-22.5038,-25.957466,-22.1161,-28.076066,-24.6996,-31.722103,-26.3854,519.364207,330.8137,1.57,false,0.00004,0.000009,0.000031,1.9602,1.52404,1.205812,1.478583,0.521174,1.3125,0.506116,0.775468,0.369173,0.341881,0.229397,2.8024,0.548902,0.703623,0.154721,-0.841506,-0.156911,-0.000294,0.002097,1703.801825,746.4349,
39,36,true,39,39,0,4,8,-4,5.2508,-12.128906,-11.7128,-0.4161,-1.2529,-22.447932,-24.5763,-23.712949,-19.5659,-25.445411,-19.3557,-27.626443,-21.6042,-31.282285,-23.6486,469.829094,385.6539,1.2183,false,0.000039,0.000035,0.000004,1.6115,1.52709,1.256181,1.495204,0.560413,1.358669,0.526127,0.836358,0.405655,0.388504,0.269136,2.6388,0.548626,0.734495,0.185869,-0.841258,-0.102375,-0.000289,0.002039,1448.806501,690.3243,
39,40,true,39,39,0,4,4,0,6.3221,-11.617711,-10.7332,-0.8845,-2.0536,-22.034069,-30.2931,-23.279602,-18.753,-25.056237,-18.1971,-27.285476,-20.4626,-30.946913,-22.549,624.967566,404.2173,1.5461,false,0.000041,0.000086,0.000045,1.575,1.528101,1.222624,1.50358,0.556098,1.388574,0.513537,0.879951,0.402822,0.423961,0.274498,2.6737,0.548437,0.729235,0.180798,-0.841086,-0.0955,-0.000286,0.002153,2108.051771,679.3053,
39,45,true,39,39,0,4,4,0,5.5537,-10.997523,-9.971,-1.0266,-2.4784,-21.533876,-23.8585,-22.755297,-17.5421,-24.590623,-17.6462,-26.877549,-19.6299,-30.544002,-21.92,812.929556,444.8022,1.8276,false,0.000046,0.000187,0.000141,1.3763,1.527013,1.305427,1.508769,0.601829,1.41673,0.551181,0.927366,0.437508,0.465609,0.303179,2.5424,0.548236,0.760606,0.21237,-0.840901,-0.069785,-0.000282,0.002124,2692.077906,690.4359,
39,49,true,39,39,0,4,6,-2,5.6334,-10.51028,-9.6483,-0.862,-2.85,-21.142607,-22.6448,-22.347236,-17.514,-24.230846,-17.0383,-26.562142,-18.9429,-30.231718,-21.1421,451.492992,461.7136,1.0226,false,0.000044,0.00028,0.000236,1.4703,1.523601,1.301494,1.508121,0.597493,1.43215,0.540293,0.958961,0.431992,0.495836,0.304512,2.6207,0.5481,0.779555,0.231455,-0.840777,-0.057619,-0.000279,0.002097,1240.01768,695.8532,
39,54,true,39,39,0,4,6,-2,5.6326,-9.913519,-9.2131,-0.7004,-2.895,-20.662091,-22.1946,-21.847285,-17.1213,-23.792623,-16.6393,-26.17723,-18.5129,-29.850553,-20.7307,553.60885,469.0492,1.1803,false,0.000048,0.000341,0.000293,1.4556,1.518637,1.234822,1.503022,0.572494,1.444039,0.519246,0.992113,0.414232,0.529846,0.293507,2.7474,0.547959,0.778058,0.230099,-0.840645,-0.06182,-0.000276,0.002097,1710.523801,696.7971,
39,61,true,39,39,0,4,8,-4,5.8966,-9.106331,-8.5479,-0.5585,-3.0043,-19.995279,-22.3312,-21.158672,-16.6327,-23.191891,-16.0381,-25.646743,-17.8731,-29.326515,-20.0905,595.485426,486.5605,1.2239,false,0.000082,0.000483,0.000401,1.4624,1.508377,1.208678,1.487803,0.565332,1.44756,0.509388,1.026319,0.407607,0.570229,0.290159,2.8063,0.547808,0.78145,0.233642,-0.840499,-0.059237,-0.000274,0.002114,1698.262153,704.0962,
39,69,true,39,39,0,0,6,-6,5.1988,-8.205079,-7.8128,-0.3923,-2.866,-19.232637,-24.0468,-22.296156,-16.0758,-21.843262,-15.5322,-24.992001,-17.3567,-28.483456,-19.602,751.31348,495.1558,1.5173,false,0.000268,0.000599,0.000331,1.3243,1.496427,1.226264,1.468461,0.572109,1.445537,0.514638,1.055361,0.410834,0.608039,0.293714,2.7744,0.547657,0.789149,0.241492,-0.8403,-0.055648,-0.000276,0.002164,1913.963799,707.41,
39,77,true,39,39,0,0,8,-8,4.9113,-7.343537,-7.48,0.1365,-2.5721,-18.488687,-21.3257,-21.577446,-15.6506,-21.178796,-15.2445,-24.39106,-17.0497,-27.92958,-19.3158,665.002382,499.2321,1.3321,false,0.00019,0.000713,0.000523,1.407,1.478369,1.236179,1.433611,0.581665,1.417941,0.519107,1.063944,0.41473,0.634623,0.29713,2.6988,0.547644,0.802198,0.254554,-0.840292,-0.051962,-0.000274,0.002209,1659.723342,712.5319,
39,85,true,39,39,0,0,8,-8,5.0628,-6.513104,-7.0448,0.5317,-2.3198,-17.742306,-20.8532,-20.861037,-15.3897,-20.517725,-14.945,-23.79288,-16.7038,-27.370392,-19.0349,709.575513,521.8413,1.3598,false,0.000158,0.000911,0.000753,1.5164,1.45801,1.268362,1.392366,0.606536,1.379101,0.541305,1.060458,0.431435,0.652304,0.310772,2.5197,0.547681,0.814322,0.266641,-0.84032,-0.046464,-0.000273,0.002191,1931.881072,727.0455,
39,93,true,39,39,0,0,6,-6,7.2847,-5.706943,-6.444,0.737,-2.4295,-16.991295,-29.6554,-20.14393,-14.9373,-19.856255,-14.2182,-23.193522,-15.9947,-26.803153,-18.15,693.006402,558.1194,1.2417,true,0.000191,0.001365,0.001174,1.5607,1.435318,1.327051,1.346088,0.633104,1.332027,0.561564,1.048049,0.443885,0.662933,0.322394,2.348,0.547761,0.834587,0.286826,-0.840378,-0.029517,-0.000275,0.002182,1780.209086,752.7196,
39,101,true,39,39,0,0,10,-10,5.9404,-4.919336,-5.4031,0.4837,-3.1184,-16.241077,-19.4669,-19.430922,-14.1098,-19.19974,-13.2249,-22.596946,-14.7093,-26.232374,-17.0332,923.324529,605.6073,1.5246,true,0.00029,0.00211,0.00182,1.9129,1.411444,1.255681,1.296641,0.611058,1.279601,0.529378,1.029257,0.41919,0.668677,0.307191,2.4214,0.547872,0.847665,0.299793,-0.840458,-0.02195,-0.000276,0.002088,2478.211102,798.3106,
39,109,true,39,39,0,0,12,-12,5.5779,-4.154982,-4.1027,-0.0523,-3.6209,-15.498802,-17.1176,-18.728442,-12.6681,-18.554203,-12.1682,-22.008683,-13.6185,-25.664202,-15.8827,818.682005,647.1663,1.265,true,0.000455,0.00295,0.002495,2.0042,1.38592,1.226217,1.24456,0.595047,1.223508,0.510408,1.006009,0.402007,0.67051,0.2965,2.466,0.548007,0.85551,0.307503,-0.840552,-0.020117,-0.000278,0.002214,1913.893026,836.219,
39,117,true,39,39,0,0,10,-10,6.1682,-3.411715,-2.9582,-0.4535,-4.2236,-14.769635,-17.0526,-18.041968,-11.8399,-17.924735,-11.0618,-21.432987,-12.4401,-25.103766,-14.8053,932.441771,685.2571,1.3607,true,0.000754,0.003784,0.00303,2.13,1.359684,1.250001,1.19146,0.607598,1.166009,0.519187,0.980419,0.402181,0.670379,0.297117,2.4029,0.548133,0.888433,0.3403,-0.840631,-0.016581,-0.00028,0.002357,2067.84526,881.888,
39,124,true,39,39,0,0,10,-10,6.0276,-2.891259,-1.5244,-1.3669,-4.9365,-14.248189,-15.5624,-17.543614,-10.5567,-17.453463,-9.9463,-20.987646,-11.2818,-24.666229,-13.643,1426.782752,755.2882,1.8891,true,0.00132,0.00539,0.00407,2.1987,1.347796,1.288783,1.167314,0.635239,1.141466,0.542738,0.969897,0.415632,0.670741,0.308641,2.3022,0.548149,0.91409,0.365941,-0.840596,-0.005228,-0.000281,0.002373,3202.592163,949.7394,
40,14,false,39,42,0.3333,4,4.6667,-0.6667,8.4635,-15.471408,-18.4384,2.967,2.1204,-25.207972,-40.2041,-25.78863,-27.3898,-28.147941,-25.5225,-30.501107,-27.8523,-33.717062,-29.4924,661.038624,290.4051,2.2763,false,0.000049,0.000006,0.000043,1.5758,1.329479,0.610752,1.188294,0.361529,0.748851,0.331672,0.339665,0.235364,0.130353,0.133741,3.2253,0.533678,0.693433,0.159755,-0.827024,-0.250794,0.000039,0.00152567,2230.014988,868.0674,
40,31,false,39,42,0.3333,4,8,-4,4.2872,-12.882055,-15.2226,2.3405,0.8592,-22.977307,-27.1651,-23.619349,-23.0286,-26.12342,-22.4593,-28.622267,-24.7122,-31.983192,-26.3702,693.344039,314.1575,2.207,false,0.000085,0.000008,0.000077,1.7029,1.367039,0.67096,1.306618,0.382331,0.942285,0.348342,0.532723,0.273465,0.254523,0.171057,3.3559,0.532181,0.72826,0.196079,-0.825602,-0.23653,0.000034,0.001499,2235.576296,739.5161,
40,36,false,39,42,0.3333,4,10,-6,4.161,-12.194028,-12.1928,-0.0012,-1.7478,-22.411505,-25.4898,-23.072393,-20.1688,-25.60966,-19.6436,-28.149596,-21.6325,-31.541073,-23.6112,718.409497,365.4836,1.9656,false,0.000089,0.000034,0.000055,1.4127,1.371977,0.731124,1.326656,0.418493,0.98324,0.365357,0.582957,0.304125,0.294952,0.204742,3.1194,0.531826,0.768641,0.236815,-0.825271,-0.201685,0.000034,0.00145167,2304.072484,683.0803,
40,40,false,39,42,0.3333,4,6.6667,-2.6667,4.4969,-11.663414,-11.1339,-0.5295,-2.504,-21.98073,-28.2216,-22.655588,-19.1981,-25.218724,-18.5235,-27.78999,-20.5167,-31.203605,-22.5694,651.500763,385.5072,1.69,false,0.000091,0.00008,0.000011,1.3609,1.373765,0.746135,1.338034,0.429662,1.010401,0.36957,0.619438,0.311388,0.326706,0.215971,3.0661,0.531575,0.785021,0.253446,-0.825034,-0.197393,0.000033,0.00152333,2063.912973,669.2005,
40,45,false,39,42,0.3333,4,6,-2,4.577,-11.021047,-10.3971,-0.624,-2.9123,-21.462373,-24.5553,-22.155397,-18.1823,-24.750477,-17.8674,-27.359316,-19.6777,-30.798073,-21.842,722.5974,415.6309,1.7386,false,0.000104,0.000161,0.000057,1.2744,1.374713,0.779873,1.347107,0.451587,1.037816,0.38506,0.660493,0.327726,0.364916,0.231543,2.9401,0.531288,0.801568,0.27028,-0.824765,-0.179725,0.000033,0.00149367,2243.255511,672.1561,
40,49,false,39,42,0.3333,4,8.6667,-4.6667,4.3475,-10.522724,-9.722,-0.8008,-3.4139,-21.060752,-22.4918,-21.768581,-17.7917,-24.388957,-17.1471,-27.026682,-18.8435,-30.483859,-20.9604,669.755843,437.8931,1.5295,false,0.000115,0.000269,0.000154,1.3403,1.37329,0.794208,1.350246,0.456068,1.054185,0.384679,0.688855,0.329236,0.393737,0.237336,2.9186,0.531082,0.824295,0.293213,-0.824571,-0.171745,0.000032,0.00148167,2061.137858,677.3071,
40,54,false,39,42,0.3333,4,7.3333,-3.3333,4.2574,-9.916811,-9.2577,-0.6591,-3.5286,-20.570892,-21.9308,-21.297093,-17.2888,-23.949333,-16.6357,-26.622119,-18.3242,-30.100413,-20.4444,652.699047,448.9977,1.4537,false,0.000137,0.000352,0.000215,1.3581,1.370123,0.775574,1.349607,0.445019,1.068549,0.374953,0.719223,0.320383,0.42678,0.232547,2.988,0.530854,0.826538,0.295684,-0.824354,-0.175602,0.000032,0.00148133,1923.67846,679.8818,
40,61,false,39,42,0.3333,4,7.3333,-3.3333,4.9601,-9.097453,-8.5083,-0.5892,-3.6863,-19.896759,-22.3908,-20.651034,-16.7486,-23.348103,-15.9115,-26.069019,-17.6135,-29.574707,-19.6956,667.193299,462.7993,1.4416,false,0.000184,0.00048,0.000296,1.4235,1.362713,0.751326,1.340899,0.432991,1.078047,0.361991,0.752166,0.310547,0.467014,0.22754,3.0495,0.530583,0.814503,0.28392,-0.824094,-0.172851,0.00003,0.00148067,1807.056964,682.6811,
40,69,false,39,42,0.3333,0,7.3333,-7.3333,5.7544,-8.187187,-7.9084,-0.2788,-3.4419,-19.135294,-23.7164,-22.555059,-16.3081,-21.719252,-15.4824,-25.393334,-17.1822,-28.492606,-19.2859,756.813104,470.5601,1.6083,false,0.000324,0.000576,0.000252,1.9743,1.354019,0.759642,1.329026,0.435603,1.083606,0.364189,0.781947,0.312188,0.505824,0.229089,3.005,0.530291,0.820027,0.289736,-0.823786,-0.170381,0.000028,0.00150833,1852.639746,686.3158,
40,77,false,39,42,0.3333,0,9.3333,-9.3333,5.2326,-7.325207,-7.2207,-0.1045,-3.3519,-18.389712,-21.0416,-21.83304,-15.5976,-21.0553,-15.0109,-24.793987,-16.6729,-27.925651,-18.7949,851.908791,489.6409,1.7399,false,0.000215,0.000875,0.00066,2.0767,1.339653,0.788439,1.301317,0.452502,1.068821,0.375269,0.795373,0.323275,0.535107,0.239068,2.8353,0.530153,0.849129,0.318976,-0.823662,-0.1684,0.000027,0.001515,2330.098976,699.9786,
40,85,false,39,42,0.3333,4,8.6667,-4.6667,4.9484,-6.49361,-6.8029,0.3093,-3.1638,-17.639817,-20.5788,-18.511726,-15.3045,-21.374313,-14.6809,-24.259219,-16.3261,-27.843565,-18.4867,810.989412,508.6273,1.5945,true,0.000184,0.001075,0.000891,1.4237,1.318528,0.799678,1.258475,0.463929,1.035076,0.384373,0.793094,0.33126,0.55373,0.246097,2.6765,0.530111,0.855769,0.325658,-0.823632,-0.164587,0.000029,0.00150067,2222.939908,712.3581,
40,93,false,39,42,0.3333,4,8,-4,6.4647,-5.68608,-6.3445,0.6584,-3.1665,-16.894759,-26.3436,-17.812762,-14.9095,-20.731942,-14.0718,-23.667319,-15.7316,-27.270263,-17.7696,818.11736,537.0536,1.5233,true,0.000226,0.00146,0.001234,1.5649,1.29905,0.82168,1.218746,0.475966,1.002079,0.392837,0.787158,0.337127,0.566606,0.251619,2.5285,0.530109,0.866265,0.336156,-0.823623,-0.153146,0.000028,0.00149233,2172.136545,733.8144,
40,101,false,39,42,0.3333,0,10.6667,-10.6667,6.2823,-4.901208,-5.1242,0.223,-3.7938,-16.157494,-19.4661,-19.691124,-14.0381,-19.093092,-12.9392,-23.008506,-14.4455,-26.214877,-16.5846,790.770244,577.7292,1.3688,true,0.000339,0.002198,0.001859,2.4091,1.281806,0.781815,1.184072,0.457477,0.972803,0.371509,0.779905,0.32051,0.575184,0.239845,2.5761,0.530126,0.863509,0.333383,-0.823615,-0.146151,0.000026,0.00140167,1897.793477,774.4011,
40,109,false,39,42,0.3333,0,12.6667,-12.6667,6.2863,-4.140884,-3.8943,-0.2466,-4.2333,-15.421476,-18.3359,-18.990956,-12.7453,-18.453361,-11.8943,-22.421464,-13.4189,-25.645713,-15.519,881.702389,623.2445,1.4147,true,0.00054,0.003188,0.002648,2.4435,1.259713,0.787124,1.138574,0.459736,0.931498,0.369407,0.763705,0.317211,0.578214,0.23829,2.4815,0.53021,0.883098,0.352888,-0.823677,-0.145103,0.000025,0.00148733,2027.673439,815.454,
40,117,false,39,42,0.3333,0,12,-12,6.4325,-3.403631,-2.7933,-0.6103,-4.816,-14.696896,-17.0736,-18.304332,-11.7589,-17.827555,-10.7724,-21.844374,-12.2591,-25.083342,-14.4121,1030.5767,663.1656,1.554,true,0.0009,0.004136,0.003236,2.5302,1.23664,0.796018,1.091724,0.463033,0.888531,0.370902,0.744928,0.314319,0.578521,0.235321,2.399,0.530304,0.89767,0.367366,-0.823739,-0.142845,0.000023,0.00158833,2279.933826,862.6698,
40,124,false,39,42,0.3333,0,10.6667,-10.6667,6.6219,-2.81613,-1.5089,-1.3072,-5.4941,-14.109236,-17.2472,-17.745589,-10.5446,-17.315056,-9.651,-21.365042,-11.1017,-24.613956,-13.2519,1195.792965,723.6275,1.6525,true,0.001578,0.005647,0.004069,2.5993,1.219185,0.802496,1.057388,0.473826,0.857754,0.378103,0.731239,0.316514,0.577865,0.238577,2.3649,0.530331,0.907943,0.377612,-0.823721,-0.133141,0.000022,0.001602,2461.909429,923.8913,
41,14,false,39,42,0.6667,4,3.3333,0.6667,13.6747,-14.383592,-19.8477,5.4641,3.9417,-24.493864,-44.4923,-25.124274,-30.0714,-27.443646,-26.8396,-29.524459,-28.6969,-33.019644,-30.2303,569.993222,270.6339,2.1061,false,0.000085,0.000003,0.000082,1.9618,1.423928,0.297232,1.443228,0.240105,0.961857,0.208183,0.385637,0.147285,0.119512,0.080659,5.8105,0.502195,0.685789,0.183594,-0.796921,-0.312602,-0.000578,0.00091833,1767.913824,916.1526,
41,31,false,39,42,0.6667,4,10,-6,5.8484,-11.561188,-15.5468,3.9856,1.9947,-22.065855,-28.4446,-22.793945,-23.5534,-25.250967,-22.8024,-27.499357,-24.7248,-31.173699,-26.355,694.122581,298.3399,2.3266,false,0.000166,0.000007,0.000159,2.0441,1.473979,0.373348,1.616927,0.280477,1.259411,0.239751,0.650192,0.202569,0.238959,0.127553,5.6009,0.500667,0.752898,0.252231,-0.795338,-0.31615,-0.000546,0.000901,2081.779194,732.6614,
41,36,false,39,42,0.6667,4,12,-8,6.0454,-10.860923,-12.6728,1.8119,-0.5663,-21.455828,-26.4033,-22.208409,-20.7717,-24.702262,-19.9315,-26.996359,-21.6608,-30.707438,-23.5739,520.100582,346.3683,1.5016,false,0.000183,0.000034,0.000149,1.798,1.481277,0.425529,1.648513,0.312513,1.325493,0.253714,0.722345,0.228007,0.281718,0.155754,5.1425,0.500338,0.802786,0.302448,-0.794999,-0.300995,-0.00054,0.00086433,1226.168741,675.9124,
41,40,false,39,42,0.6667,4,9.3333,-5.3333,5.6201,-10.324335,-11.5347,1.2103,-1.2763,-20.993207,-26.1502,-21.764634,-19.6431,-24.287122,-18.8499,-26.616242,-20.5707,-30.353829,-22.5898,559.596452,367.6632,1.522,false,0.0002,0.000075,0.000125,1.7185,1.485411,0.455347,1.668043,0.331972,1.37087,0.265963,0.776342,0.240709,0.316626,0.169923,5.0038,0.500105,0.840806,0.340701,-0.794759,-0.299286,-0.000534,0.00089367,1402.318908,659.2461,
41,45,false,39,42,0.6667,4,8,-4,6.5098,-9.683507,-10.8232,1.1397,-1.6694,-20.44173,-25.2521,-21.235876,-18.8225,-23.793216,-18.0885,-26.16426,-19.7255,-29.932288,-21.764,516.571126,388.3728,1.3301,false,0.000221,0.000135,0.000086,1.7295,1.488082,0.465902,1.685295,0.338852,1.417896,0.269007,0.837975,0.245491,0.359765,0.176833,5.1178,0.499846,0.842529,0.342683,-0.794492,-0.289666,-0.000527,0.00086333,1116.138767,654.3602,
41,49,false,39,42,0.6667,4,11.3333,-7.3333,5.9381,-9.194235,-9.7957,0.6014,-2.3046,-20.017915,-22.3389,-20.830064,-18.0694,-23.414759,-17.2559,-25.817904,-18.7441,-29.608262,-20.7787,873.177113,415.3014,2.1025,false,0.000256,0.000258,0.000002,1.7557,1.48904,0.484648,1.694093,0.348118,1.44812,0.273885,0.882328,0.250923,0.393371,0.18498,5.1363,0.499659,0.869034,0.369375,-0.794299,-0.285872,-0.000522,0.00086633,2555.950153,659.2552,
41,54,false,39,42,0.6667,4,8.6667,-4.6667,5.7149,-8.601459,-9.3024,0.701,-2.4951,-19.50541,-21.667,-20.339705,-17.4563,-22.958098,-16.6322,-25.399923,-18.1356,-29.215919,-20.1582,590.339056,429.8034,1.3735,false,0.000316,0.000363,0.000047,1.7934,1.487195,0.487126,1.698241,0.345928,1.476431,0.270758,0.93051,0.247796,0.432693,0.184248,5.2944,0.499449,0.875018,0.375569,-0.79408,-0.289383,-0.000513,0.00086567,1352.848586,663.3771,
41,61,false,39,42,0.6667,4,6.6667,-2.6667,6.7951,-7.798899,-8.4687,0.6698,-2.7121,-18.809822,-22.4504,-19.675585,-16.8645,-22.341023,-15.785,-24.835172,-17.3538,-28.683504,-19.3007,970.488522,440.1986,2.2047,false,0.000428,0.000477,0.000049,1.9014,1.482057,0.467031,1.694131,0.33163,1.500251,0.257245,0.985242,0.236599,0.48253,0.178435,5.6512,0.499196,0.847557,0.348361,-0.793815,-0.286465,-0.000503,0.00084733,2670.074666,661.9174,
41,69,false,39,42,0.6667,0,8.6667,-8.6667,6.1469,-6.92858,-8.0041,1.0755,-2.6898,-18.033817,-23.3861,-20.123468,-16.5405,-20.937248,-15.4326,-24.466733,-17.0076,-27.799142,-18.9698,784.006632,447.186,1.7532,false,0.000619,0.000552,0.000067,1.9545,1.474485,0.470581,1.685108,0.331668,1.517598,0.257722,1.035349,0.237228,0.531436,0.178684,5.7059,0.498902,0.850904,0.352002,-0.793494,-0.285115,-0.000496,0.00085267,1744.469994,665.8505,
41,77,false,39,42,0.6667,4,10.6667,-6.6667,6.6381,-6.087836,-6.9615,0.8736,-2.5468,-17.273887,-20.7574,-18.219792,-15.5447,-20.997544,-14.7772,-23.612064,-16.296,-27.527927,-18.2739,834.69053,480.2339,1.7381,true,0.000418,0.001037,0.000619,1.9379,1.45678,0.50287,1.645297,0.352021,1.493331,0.271287,1.056673,0.251987,0.568632,0.192351,5.3445,0.498817,0.89606,0.397243,-0.793416,-0.284837,-0.000487,0.000821,2110.914231,687.6465,
41,85,false,39,42,0.6667,4,9.3333,-5.3333,6.7381,-5.281855,-6.5611,1.2792,-2.3097,-16.52585,-20.3045,-17.517081,-15.2193,-20.353436,-14.4167,-23.027432,-15.9484,-26.972109,-17.9386,733.963127,495.7479,1.4805,true,0.000314,0.001238,0.000924,1.9545,1.439402,0.504182,1.605272,0.354852,1.46377,0.272939,1.067379,0.254344,0.596946,0.194882,5.2088,0.49874,0.897217,0.398477,-0.793334,-0.282709,-0.000481,0.00081033,1776.62727,697.9675,
41,93,false,39,42,0.6667,4,10,-6,7.6097,-4.505301,-6.245,1.7397,-2.2099,-15.782353,-23.0317,-16.821609,-14.8818,-19.716626,-13.9254,-22.447568,-15.4684,-26.417057,-17.3892,742.736624,516.7829,1.4372,true,0.000326,0.001556,0.00123,2.0486,1.419477,0.508765,1.557761,0.357829,1.421563,0.274806,1.064672,0.256046,0.615832,0.196381,5.0265,0.49873,0.897943,0.399213,-0.793319,-0.276774,-0.000478,0.00080267,1740.710015,715.384,
41,101,false,39,42,0.6667,4,11.3333,-7.3333,7.7541,-3.759964,-4.8454,1.0854,-2.9223,-15.044295,-19.4654,-16.134394,-13.9665,-19.088027,-12.6534,-21.873299,-14.1817,-25.86399,-16.1359,918.536019,551.1344,1.6666,true,0.000432,0.002287,0.001855,2.0364,1.397613,0.486775,1.504944,0.342496,1.37014,0.26072,1.051616,0.245061,0.627078,0.187263,5.098,0.498778,0.879352,0.380574,-0.793363,-0.270352,-0.000477,0.00071533,2265.527835,751.2076,
41,109,false,39,42,0.6667,0,13.3333,-13.3333,6.9052,-3.044863,-3.6858,0.641,-3.5673,-14.316841,-19.5543,-16.55453,-12.8225,-17.755956,-11.6204,-21.555753,-13.2192,-25.021328,-15.1553,929.263377,600.2068,1.5482,true,0.000633,0.003427,0.002794,2.201,1.378557,0.505265,1.45957,0.355194,1.325485,0.267358,1.037896,0.250301,0.634173,0.191508,4.815,0.49881,0.910686,0.411876,-0.79337,-0.27009,-0.000477,0.00076067,2102.307307,795.2046,
41,117,false,39,42,0.6667,0,14,-14,6.6164,-2.359375,-2.6285,0.2691,-4.1507,-13.597989,-17.0945,-15.879319,-11.6779,-17.15097,-10.4829,-20.997984,-12.078,-24.481612,-14.0188,1019.650977,641.7863,1.5888,true,0.001018,0.004487,0.003469,2.252,1.353976,0.506916,1.400726,0.352864,1.264184,0.264969,1.012286,0.245651,0.635296,0.186378,4.6339,0.498921,0.906908,0.407987,-0.793462,-0.269108,-0.000478,0.00081967,2141.32786,843.8704,
41,124,false,39,42,0.6667,0,11.3333,-11.3333,7.1313,-1.785237,-1.4934,-0.2919,-4.8269,-12.97789,-18.9319,-15.298652,-10.5326,-16.633104,-9.3556,-20.517768,-10.9215,-24.015772,-12.8607,1214.38599,693.294,1.7516,true,0.001753,0.005904,0.004151,2.3187,1.33143,0.499696,1.348037,0.353428,1.209568,0.263409,0.987832,0.241033,0.634074,0.184417,4.4606,0.498994,0.901796,0.402802,-0.793504,-0.261054,-0.00048,0.000831,2433.431517,898.7466,
42,14,true,42,42,0,4,2,2,18.1385,-12.865642,-21.257,8.3913,5.8704,-23.505951,-48.7805,-23.728414,-32.753,-25.446303,-28.1567,-28.440449,-29.5416,-31.937376,-30.9682,506.46894,252.2088,2.0081,false,0.000105,0.000001,0.000104,2.0703,2.100556,0.144653,1.880391,0.159462,1.28665,0.130672,0.403185,0.092167,0.154554,0.048646,13.647,0.467399,0.678145,0.210746,-0.762365,-0.37441,-0.000045,0.000311,1310.494325,966.9014,
42,31,true,42,42,0,4,12,-8,5.8591,-9.812062,-15.871,6.059,3.2455,-20.902939,-29.7241,-21.115461,-24.0783,-22.901952,-23.1456,-26.261125,-24.7374,-29.820351,-26.3399,569.742837,283.3187,2.011,false,0.000215,0.000006,0.000209,1.9567,2.190604,0.207745,2.151224,0.205757,1.767179,0.165012,0.73729,0.150053,0.291576,0.095114,10.1546,0.466097,0.777535,0.311438,-0.760878,-0.395769,-0.000054,0.000303,1376.337655,725.8702,
42,36,true,42,42,0,4,14,-10,6.2265,-9.064643,-13.1529,4.0882,0.7436,-20.25173,-27.3168,-20.466778,-21.3746,-22.286206,-20.2194,-25.714697,-21.689,-29.296322,-23.5365,610.186245,328.2527,1.8589,false,0.000254,0.000033,0.000221,1.9589,2.205711,0.247667,2.203368,0.233372,1.878744,0.176186,0.833717,0.17094,0.347769,0.118488,10.1444,0.465845,0.836932,0.371087,-0.760587,-0.400305,-0.000057,0.000277,1510.988531,668.8197,
42,40,true,42,42,0,4,12,-8,4.9406,-8.528718,-11.9354,3.4067,0.0912,-19.759911,-24.0787,-19.978807,-20.0882,-21.826679,-19.1764,-25.302873,-20.6247,-28.903364,-22.6102,552.843491,350.6451,1.5766,false,0.00028,0.000069,0.000211,2.0278,2.214525,0.277886,2.236757,0.256494,1.956747,0.191402,0.907209,0.186072,0.395305,0.133693,9.7653,0.465669,0.896592,0.430923,-0.760383,-0.401179,-0.000059,0.000264,1138.290061,649.4398,
42,45,true,42,42,0,4,10,-6,6.5437,-7.918608,-11.2494,3.3307,-0.2735,-19.176413,-25.9488,-19.402247,-19.4627,-21.287313,-18.3096,-24.816111,-19.7734,-28.440463,-21.6861,639.604817,362.9024,1.7625,false,0.000313,0.000109,0.000204,2.065,2.222278,0.278334,2.268752,0.25426,2.040229,0.187931,0.993063,0.183891,0.456274,0.13505,10.3583,0.465475,0.883491,0.418016,-0.760154,-0.399606,-0.000059,0.000233,1569.140891,637.0355,
42,49,true,42,42,0,4,14,-10,5.5711,-7.443229,-9.8694,2.4261,-1.0324,-18.730802,-22.1859,-18.963715,-18.3471,-20.879399,-17.3646,-24.446321,-18.6447,-28.089684,-20.597,591.29057,393.8754,1.5012,false,0.000339,0.000247,0.000092,2.2869,2.22521,0.295746,2.286347,0.265719,2.095314,0.195001,1.055721,0.191237,0.504797,0.144173,10.2698,0.465336,0.913774,0.448438,-0.759992,-0.399998,-0.000062,0.000251,1255.163465,641.6845,
42,54,true,42,42,0,4,10,-6,5.1613,-6.858352,-9.3471,2.4887,-1.2889,-18.195637,-21.4032,-18.439595,-17.6237,-20.393632,-16.6286,-24.005035,-17.9469,-27.671247,-19.8719,579.83419,411.4296,1.4093,false,0.000388,0.000374,0.000014,2.2931,2.225611,0.305957,2.299496,0.268902,2.149949,0.195517,1.125863,0.191655,0.563745,0.145981,10.5098,0.46518,0.923498,0.458318,-0.759804,-0.403165,-0.000064,0.00025,1123.2626,647.2731,
42,61,true,42,42,0,4,6,-2,6.5709,-6.079123,-8.4291,2.35,-1.5548,-17.477293,-22.51,-17.74026,-16.9803,-19.747803,-15.6584,-23.418202,-17.0941,-27.113844,-18.9058,670.135931,418.7016,1.6005,false,0.00055,0.000474,0.000076,2.2347,2.220931,0.290311,2.302554,0.253997,2.201475,0.182808,1.207873,0.18026,0.640523,0.139927,11.4698,0.464984,0.88061,0.415626,-0.759572,-0.400079,-0.000067,0.000214,1366.177901,641.7853,
42,69,true,42,42,0,4,10,-6,7.1928,-5.236011,-8.0997,2.8637,-1.1777,-16.684578,-23.0557,-16.974593,-16.7728,-19.043054,-15.3828,-22.780005,-16.8331,-26.506585,-18.6537,787.418108,424.973,1.8529,false,0.0008,0.000529,0.000271,2.2867,2.208524,0.291514,2.286194,0.252532,2.227259,0.18238,1.277911,0.180267,0.716731,0.139369,11.6294,0.464796,0.881782,0.416986,-0.759346,-0.399848,-0.000071,0.000197,1687.623938,645.9955,
42,77,true,42,42,0,4,12,-8,6.3062,-4.4103,-6.7022,2.2919,-1.4937,-15.916205,-20.4732,-16.240854,-15.4917,-18.374116,-14.5436,-22.1821,-15.9191,-25.940434,-17.753,747.15014,471.0077,1.5863,true,0.000733,0.001199,0.000466,2.4325,2.190435,0.320732,2.252139,0.273852,2.221886,0.196117,1.325087,0.196419,0.782461,0.154764,10.8282,0.464669,0.942991,0.478322,-0.759193,-0.401275,-0.00007,0.000127,1506.380091,675.5317,
42,85,true,42,42,0,4,10,-6,6.4164,-3.614134,-6.3193,2.7051,-1.2667,-15.164012,-20.0301,-15.528574,-15.1341,-17.728024,-14.1526,-21.606709,-15.5707,-25.395125,-17.3905,753.363951,483.1946,1.5591,true,0.000671,0.001402,0.000731,2.4605,2.167108,0.317877,2.203266,0.27142,2.188996,0.19381,1.349029,0.195288,0.831989,0.154325,10.7894,0.464598,0.938664,0.474066,-0.759104,-0.400832,-0.000069,0.00012,1556.725161,683.8676,
42,93,true,42,42,0,4,12,-8,6.6418,-2.845094,-6.1455,3.3004,-1.0712,-14.421465,-19.7199,-14.83052,-14.854,-17.097571,-13.7791,-21.045649,-15.2052,-24.862234,-17.0088,768.901311,497.2773,1.5462,true,0.000674,0.001651,0.000977,2.522,2.139329,0.315016,2.142508,0.269015,2.134024,0.192238,1.35323,0.194465,0.866447,0.15327,10.6015,0.464577,0.929621,0.465044,-0.759071,-0.400403,-0.00007,0.000113,1573.388513,697.4165,
42,101,true,42,42,0,4,12,-8,7.5546,-2.102554,-4.5665,2.464,-1.8097,-13.687311,-19.4646,-14.145001,-13.8949,-16.481111,-12.3676,-20.496836,-13.9179,-24.339636,-15.6873,826.760447,525.7639,1.5725,true,0.000764,0.002375,0.001611,2.4655,2.10807,0.303077,2.072718,0.256414,2.062398,0.182969,1.341593,0.187372,0.88805,0.146209,10.7395,0.464602,0.895196,0.430594,-0.759089,-0.394553,-0.000072,0.000029,1700.595122,728.7088,
42,109,true,42,42,0,4,14,-10,8.3274,-1.389896,-3.4774,2.0875,-2.1722,-12.963427,-20.7726,-13.473604,-12.8997,-15.87996,-11.3465,-19.961081,-13.0196,-23.827737,-14.7916,917.413798,578.0208,1.5872,true,0.000964,0.003665,0.002701,2.4081,2.074133,0.324336,1.996498,0.274425,1.978852,0.1935,1.3178,0.197505,0.899237,0.153911,9.7732,0.464666,0.938274,0.473608,-0.75915,-0.395076,-0.000073,0.000034,1886.55627,775.4581,
42,117,true,42,42,0,0,16,-16,7.7938,-0.704427,-2.4636,1.7592,-2.3496,-12.252746,-17.1155,-12.837093,-11.5969,-15.962599,-10.1935,-19.0158,-11.8969,-23.043442,-13.6256,1046.205357,621.0963,1.6844,true,0.00134,0.004839,0.003499,2.299,2.045161,0.322811,1.932099,0.268907,1.909073,0.189291,1.29515,0.191985,0.905573,0.147614,9.6295,0.464759,0.916145,0.451386,-0.759208,-0.395372,-0.000077,0.000051,2110.810188,825.4807,
42,124,true,42,42,0,0,12,-12,8.6321,-0.128355,-1.4779,1.3495,-3.0519,-11.638367,-20.6166,-12.273875,-10.5205,-15.459553,-9.0603,-18.562609,-10.7414,-22.613473,-12.4695,1213.831056,664.2321,1.8274,true,0.002081,0.006161,0.00408,2.3227,2.012025,0.311149,1.860697,0.263623,1.826877,0.183506,1.262639,0.183552,0.90349,0.142553,9.4926,0.464823,0.895649,0.430826,-0.759252,-0.388967,-0.000078,0.00006,2342.141409,874.2863,
43,14,false,42,45,0.3333,4,4,0,13.7391,-11.574772,-21.7177,10.1429,7.9186,-22.634284,-48.8825,-22.681723,-31.8004,-24.301005,-29.1599,-27.256613,-30.406,-30.950683,-31.6027,491.729819,274.8279,1.7892,false,0.00012,0.000001,0.000119,2.4974,1.941772,0.248251,2.267178,0.197429,0.997828,0.135796,0.359672,0.095128,0.160823,0.044209,10.9781,0.438471,0.584089,0.145618,-0.731783,-0.315668,0.000664,0.00095,1114.794266,1040.9761,
43,31,false,42,45,0.3333,4,10,-6,4.7534,-8.379646,-16.1331,7.7534,5.3251,-19.90032,-30.2749,-19.910182,-24.0818,-21.681069,-24.1988,-24.854403,-25.4102,-28.729191,-26.8457,556.38832,304.2857,1.8285,false,0.000259,0.000006,0.000253,2.4394,2.043893,0.330474,2.665049,0.256294,1.453253,0.176383,0.717673,0.160175,0.259459,0.100711,10.0455,0.437141,0.668602,0.231461,-0.730025,-0.314467,0.000591,0.000779,1130.701761,782.9278,
43,36,false,42,45,0.3333,4,12.6667,-8.6667,5.0352,-7.581454,-13.6694,6.088,3.3191,-19.217465,-27.6126,-19.222944,-21.6678,-21.035771,-21.5739,-24.26648,-22.8163,-28.184213,-24.3919,543.751383,343.049,1.5851,false,0.000314,0.00003,0.000284,2.3421,2.062274,0.371932,2.745954,0.28351,1.563842,0.18576,0.828287,0.176925,0.308753,0.124022,9.3896,0.436911,0.713887,0.276976,-0.729701,-0.321035,0.000575,0.00072933,916.458995,722.2882,
43,40,false,42,45,0.3333,4,11.3333,-7.3333,3.9465,-6.989518,-12.2204,5.2309,2.5899,-18.702606,-24.3043,-18.70663,-20.2889,-20.552279,-20.3679,-23.826953,-21.6475,-27.776471,-23.2803,571.640224,367.8357,1.5541,false,0.000366,0.000066,0.0003,2.3168,2.073746,0.401557,2.799399,0.30616,1.642763,0.198269,0.914434,0.188258,0.352709,0.139422,8.886,0.436752,0.755981,0.319229,-0.729473,-0.3236,0.000564,0.00070367,1022.866985,694.6685,
43,45,false,42,45,0.3333,4,10.6667,-6.6667,5.1242,-6.306387,-11.437,5.1306,2.2478,-18.093081,-25.4193,-18.097744,-19.5576,-19.983731,-19.5351,-23.311221,-20.7897,-27.297813,-22.4089,589.089289,381.8757,1.5426,false,0.000421,0.000103,0.000318,2.3675,2.084344,0.405399,2.852835,0.309458,1.728928,0.198087,1.016993,0.188774,0.411312,0.144036,8.9615,0.436578,0.751329,0.314751,-0.729224,-0.322678,0.000551,0.00068967,1083.69695,680.8037,
43,49,false,42,45,0.3333,4,13.3333,-9.3333,4.5935,-5.796841,-10.331,4.5342,1.647,-17.62913,-23.0902,-17.636306,-18.6294,-19.554048,-18.6882,-22.922204,-19.8,-26.936485,-21.4543,582.716244,406.128,1.4348,false,0.000456,0.000208,0.000248,2.36,2.089996,0.418319,2.885261,0.318091,1.787638,0.201555,1.093581,0.191947,0.459719,0.150913,8.8246,0.436454,0.77293,0.336476,-0.729045,-0.327355,0.000542,0.000697,978.612756,679.9809,
43,54,false,42,45,0.3333,4,10.6667,-6.6667,4.2415,-5.216349,-9.6203,4.404,1.3114,-17.074315,-21.7707,-17.086921,-17.8177,-19.04385,-17.8619,-22.460941,-19.0031,-26.507515,-20.6403,612.361397,429.6886,1.4251,false,0.000507,0.000333,0.000174,2.4094,2.093854,0.430757,2.913671,0.325203,1.848215,0.204849,1.181192,0.191829,0.520417,0.154406,8.7221,0.436314,0.783558,0.347244,-0.728843,-0.328289,0.000533,0.00069733,1044.468177,685.0299,
43,61,false,42,45,0.3333,4,7.3333,-3.3333,5.2467,-4.483995,-8.9143,4.4303,1.2735,-16.334981,-23.242,-16.359506,-17.3122,-18.370683,-17.2186,-21.853312,-18.3576,-25.941504,-19.9652,644.054013,433.6629,1.4851,false,0.000588,0.000407,0.000181,2.4806,2.093831,0.417411,2.932486,0.313645,1.909733,0.195985,1.286673,0.184531,0.602274,0.150059,9.3198,0.436142,0.755761,0.319619,-0.728597,-0.326096,0.000521,0.00067867,1178.433617,677.798,
43,69,false,42,45,0.3333,4,10,-6,5.9674,-3.680694,-8.4339,4.7532,1.5356,-15.528042,-23.8499,-15.572057,-16.8928,-17.645,-16.7926,-21.198564,-17.9649,-25.328843,-19.5478,772.430649,445.0797,1.7355,false,0.000898,0.000496,0.000402,2.5473,2.086638,0.419909,2.926887,0.315742,1.949035,0.197042,1.38104,0.184296,0.686982,0.151242,9.462,0.43597,0.758732,0.322762,-0.728354,-0.325093,0.000509,0.00067233,1475.978047,681.6549,
43,77,false,42,45,0.3333,4,11.3333,-7.3333,5.293,-2.891382,-7.4318,4.5405,1.4071,-14.750215,-20.9452,-14.821204,-15.9611,-16.958957,-16.0291,-20.584503,-17.2223,-24.755808,-18.7911,756.768677,478.1947,1.5826,false,0.000966,0.000953,0.000013,2.6025,2.072758,0.445404,2.896218,0.331945,1.959062,0.205804,1.449535,0.19463,0.763148,0.161714,9.1243,0.435845,0.799312,0.363467,-0.72818,-0.327666,0.0005,0.000614,1408.321092,699.4995,
43,85,false,42,45,0.3333,4,10.6667,-6.6667,5.2103,-2.131904,-6.6997,4.5678,1.3126,-13.994086,-20.2501,-14.098508,-15.3353,-16.303048,-15.3656,-19.999781,-16.5431,-24.209001,-18.1298,763.469343,500.0843,1.5267,true,0.001025,0.001242,0.000217,2.6225,2.053474,0.447173,2.844194,0.33847,1.94188,0.207538,1.490121,0.194393,0.823225,0.165709,8.9726,0.435769,0.803314,0.367545,-0.728072,-0.327416,0.000492,0.00060333,1429.225093,710.4528,
43,93,false,42,45,0.3333,4,11.3333,-7.3333,5.4585,-1.404985,-6.4554,5.0505,1.4468,-13.252272,-20.3455,-13.39575,-14.9622,-15.668928,-14.9769,-19.435624,-16.1131,-23.679842,-17.7088,816.749087,511.2943,1.5974,true,0.001175,0.00147,0.000295,2.6486,2.029557,0.440255,2.774764,0.334358,1.902351,0.204769,1.505748,0.191491,0.866864,0.163548,8.9042,0.435739,0.798108,0.362369,-0.728024,-0.330156,0.000487,0.00059867,1536.827467,719.0194,
43,101,false,42,45,0.3333,4,12,-8,6.1691,-0.689726,-4.6401,3.9504,0.4716,-12.521757,-18.8622,-12.709407,-13.6529,-15.053027,-13.2451,-18.888676,-14.591,-23.165307,-16.15,914.07137,560.5667,1.6306,true,0.001412,0.00254,0.001128,2.7176,2.001884,0.433342,2.691775,0.333768,1.845403,0.202298,1.50073,0.184714,0.895717,0.161585,8.7396,0.435748,0.786766,0.351018,-0.728024,-0.329409,0.000485,0.00053367,1791.656817,762.5867,
43,109,false,42,45,0.3333,4,13.3333,-9.3333,6.8041,0.021706,-3.7438,3.7655,0.2009,-11.802821,-20.044,-12.039254,-12.793,-14.454923,-12.3644,-18.35815,-13.7898,-22.664407,-15.359,988.029735,604.7254,1.6338,true,0.001757,0.003608,0.001851,2.737,1.971178,0.452449,2.598843,0.349319,1.775684,0.209687,1.479587,0.190034,0.912145,0.166712,8.1283,0.435792,0.816882,0.38109,-0.728067,-0.333159,0.000484,0.000543,1881.291816,800.8314,
43,117,false,42,45,0.3333,4,14,-10,6.3948,0.573774,-2.6169,3.1907,-0.4925,-11.1168,-16.9726,-11.394084,-11.5232,-13.874432,-11.1167,-17.843105,-12.5813,-22.175795,-14.1302,1111.315431,646.7969,1.7182,true,0.002314,0.004763,0.002449,2.7838,1.937989,0.446667,2.498924,0.344529,1.697597,0.205459,1.446742,0.182102,0.91851,0.161454,7.9254,0.435649,0.80186,0.366211,-0.727889,-0.340138,0.000485,0.00056233,2095.477134,848.902,
43,124,false,42,45,0.3333,0,12,-12,7.2283,0.899407,-1.4987,2.3981,-1.4796,-10.566799,-20.0209,-10.864228,-10.3882,-13.38632,-9.8791,-17.5638,-11.3149,-21.458151,-12.8784,1271.227986,694.9957,1.8291,true,0.00313,0.006204,0.003074,2.7417,1.913868,0.445142,2.429811,0.346906,1.645206,0.204932,1.423294,0.177077,0.92075,0.158872,7.7011,0.435051,0.792381,0.35733,-0.727135,-0.334137,0.000485,0.00056733,2346.816493,903.8462,
44,14,false,42,45,0.6667,4,6,-2,9.7764,-10.921322,-22.1785,11.2571,9.5019,-21.931907,-48.9845,-22.150632,-30.8477,-23.622007,-30.1631,-26.537718,-31.2704,-30.253712,-32.2371,451.963016,299.4755,1.5092,false,0.000132,0.000002,0.00013,2.7492,2.045534,0.426043,1.969415,0.244435,0.822194,0.141121,0.229616,0.098183,0.173298,0.040177,7.7797,0.416576,0.490034,0.073458,-0.706928,-0.256925,0.000666,0.001589,694.976422,1120.7256,
44,31,false,42,45,0.6667,4,8,-4,3.8629,-7.623276,-16.3951,8.7718,6.6424,-19.09329,-30.8257,-19.383544,-24.0853,-20.990989,-25.2521,-24.209956,-26.0831,-28.064054,-27.3515,542.796928,326.8044,1.6609,false,0.000317,0.000007,0.00031,2.5857,2.174255,0.525708,2.385094,0.319243,1.282997,0.188538,0.494456,0.17098,0.218624,0.106638,7.2745,0.413877,0.559669,0.145792,-0.703246,-0.233166,0.000597,0.001255,890.246946,844.4706,
44,36,false,42,45,0.6667,4,11.3333,-7.3333,3.9763,-6.791112,-14.186,7.3949,5.0593,-18.384967,-27.9084,-18.692489,-21.961,-20.322309,-22.9284,-23.653572,-23.9436,-27.524231,-25.2473,551.951693,358.5123,1.5396,false,0.000393,0.000028,0.000365,2.5669,2.198549,0.558546,2.472984,0.34442,1.400005,0.195855,0.583711,0.18312,0.252931,0.129815,7.0058,0.413305,0.590842,0.177537,-0.70244,-0.241765,0.000581,0.00118167,805.347749,780.0313,
44,40,false,42,45,0.6667,4,10.6667,-6.6667,3.0165,-6.158599,-12.5055,6.3469,4.1988,-17.851228,-24.5298,-18.171423,-20.4896,-19.817053,-21.5595,-23.240807,-22.6703,-27.11965,-23.9504,568.483083,385.8692,1.4733,false,0.000463,0.000062,0.000401,2.5988,2.214155,0.580268,2.53229,0.365443,1.484924,0.205383,0.655072,0.190469,0.28624,0.145397,6.9408,0.412902,0.615371,0.202469,-0.701867,-0.24602,0.000571,0.00114333,837.94857,743.0471,
44,45,false,42,45,0.6667,4,11.3333,-7.3333,3.6861,-5.417452,-11.6246,6.2072,3.8169,-17.220068,-24.8898,-17.554745,-19.6526,-19.220395,-20.7606,-22.758497,-21.8061,-26.64368,-23.1316,601.52096,401.8411,1.4969,false,0.000566,0.000097,0.000469,2.5596,2.22926,0.590473,2.593216,0.376639,1.579317,0.208792,0.742048,0.193786,0.333533,0.15362,7.2641,0.412459,0.619168,0.206709,-0.701233,-0.245749,0.000559,0.00114633,958.824175,727.5789,
44,49,false,42,45,0.6667,4,12.6667,-8.6667,3.5361,-4.863773,-10.7927,5.9289,3.3295,-16.740469,-23.9945,-17.0858,-18.9116,-18.769241,-20.0118,-22.395072,-20.9553,-26.283957,-22.3116,618.160622,418.7618,1.4762,false,0.000642,0.00017,0.000472,2.6824,2.238054,0.591694,2.631802,0.380786,1.645009,0.208328,0.808445,0.192659,0.374498,0.157969,7.5804,0.412147,0.632086,0.219939,-0.700784,-0.254712,0.00055,0.001143,982.343032,720.5628,
44,54,false,42,45,0.6667,4,11.3333,-7.3333,3.1738,-4.218139,-9.8935,5.6754,2.865,-16.168234,-22.1382,-16.525951,-18.0118,-18.235126,-19.0952,-21.96359,-20.0593,-25.856984,-21.4087,618.108603,448.7578,1.3774,false,0.000707,0.000292,0.000415,2.7644,2.245334,0.606462,2.668058,0.393293,1.714559,0.214627,0.885875,0.192003,0.427821,0.163317,7.6774,0.411808,0.643617,0.231809,-0.700294,-0.253412,0.00054,0.00114467,939.946756,724.9891,
44,61,false,42,45,0.6667,4,8.6667,-4.6667,3.696,-3.386986,-9.3996,6.0126,2.9979,-15.409273,-23.974,-15.783164,-17.644,-17.535586,-18.7788,-21.392365,-19.621,-25.29315,-21.0245,681.294802,449.1588,1.5168,false,0.000804,0.00034,0.000464,3.0146,2.249197,0.600156,2.698055,0.387302,1.788866,0.210112,0.981687,0.188903,0.502945,0.160925,8.1725,0.411413,0.630913,0.2195,-0.699721,-0.252114,0.000529,0.00114333,1163.491611,715.8316,
44,69,false,42,45,0.6667,4,10,-6,4.4506,-2.535159,-8.7681,6.2329,3.0928,-14.587562,-24.6442,-14.979707,-17.0128,-16.791298,-18.2024,-20.773186,-19.0967,-24.685705,-20.442,711.674389,466.1376,1.5267,false,0.00093,0.000462,0.000468,3.0876,2.245577,0.604854,2.70533,0.394773,1.841941,0.212882,1.070308,0.188414,0.584126,0.164125,8.3091,0.411066,0.635682,0.224616,-0.699216,-0.250339,0.000518,0.00114767,1242.111598,719.2827,
44,77,false,42,45,0.6667,4,10.6667,-6.6667,3.9447,-1.755617,-8.1615,6.4059,3.1137,-13.800087,-21.4172,-14.214225,-16.4305,-16.091952,-17.5146,-20.18116,-18.5255,-24.107406,-19.8293,764.705776,485.4914,1.5751,true,0.001215,0.000706,0.000509,3.0783,2.234297,0.618537,2.687654,0.402362,1.8651,0.215969,1.139027,0.192857,0.660004,0.168976,8.298,0.410805,0.655633,0.244828,-0.698836,-0.254058,0.000509,0.001101,1331.154512,724.3177,
44,85,false,42,45,0.6667,4,11.3333,-7.3333,3.6415,-1.003067,-7.0802,6.0771,2.6734,-13.039444,-20.4701,-13.479745,-15.5365,-15.428769,-16.5786,-19.611467,-17.5155,-23.554066,-18.8692,811.278698,517.5644,1.5675,true,0.001459,0.001082,0.000377,3.2458,2.216437,0.629059,2.648101,0.422084,1.859927,0.222239,1.184027,0.193501,0.722305,0.177932,8.0517,0.410644,0.667965,0.257321,-0.698596,-0.254001,0.000503,0.00108667,1441.291014,738.0715,
44,93,false,42,45,0.6667,4,10.6667,-6.6667,3.8957,-0.261356,-6.7654,6.504,2.7323,-12.297276,-20.9711,-12.76889,-15.0704,-14.792186,-16.1746,-19.058078,-17.0211,-23.018629,-18.4088,826.464442,525.7063,1.5721,true,0.001685,0.001289,0.000396,3.4194,2.193246,0.615285,2.590648,0.415572,1.830927,0.218118,1.207187,0.188563,0.769928,0.174516,8.0701,0.410567,0.666596,0.256029,-0.698476,-0.259908,0.000498,0.00108433,1439.321644,741.2915,
44,101,false,42,45,0.6667,4,12,-8,4.3886,0.402421,-4.7137,5.1162,1.5157,-11.577769,-18.2598,-12.077953,-13.4109,-14.176642,-14.1226,-18.517622,-15.2641,-22.496567,-16.6126,890.385104,597.6733,1.4898,true,0.001993,0.002704,0.000711,3.1996,2.1656,0.619596,2.518929,0.434458,1.782878,0.223668,1.21179,0.182094,0.803455,0.178579,7.6728,0.410506,0.678335,0.267829,-0.698381,-0.264264,0.000495,0.00103833,1619.836264,798.0396,
44,109,false,42,45,0.6667,4,12.6667,-8.6667,4.8337,0.839602,-4.0102,4.8498,1.34,-10.921268,-19.3154,-11.42017,-12.6863,-13.579886,-13.3822,-17.98932,-14.56,-21.986484,-15.9265,966.75057,632.6637,1.5281,true,0.002431,0.003551,0.00112,3.2316,2.134194,0.631167,2.436216,0.444654,1.720316,0.227227,1.201309,0.182846,0.824246,0.180577,7.2939,0.410041,0.69549,0.285449,-0.697768,-0.271241,0.000494,0.001052,1752.658205,827.035,
44,117,false,42,45,0.6667,4,12,-8,4.6582,1.137941,-2.7703,3.9082,0.5621,-10.323077,-16.8297,-10.809883,-11.4495,-13.000688,-12.04,-17.472884,-13.2657,-21.487734,-14.6348,1076.863478,673.5611,1.5988,true,0.00306,0.004687,0.001627,3.2465,2.099641,0.618045,2.34547,0.441418,1.647722,0.223007,1.179433,0.172728,0.834061,0.176593,7.1145,0.409029,0.687574,0.278545,-0.696412,-0.284904,0.000494,0.00107367,1950.804525,872.9879,
44,124,false,42,45,0.6667,4,12,-8,5.4441,1.331422,-1.5195,2.8509,-0.3723,-9.836522,-19.4251,-10.318158,-10.2559,-12.507531,-10.698,-17.029931,-11.8884,-21.059917,-13.2872,1216.236855,727.1841,1.6725,true,0.003916,0.006248,0.002332,3.3321,2.06695,0.636838,2.261197,0.456501,1.579358,0.228859,1.153857,0.170831,0.834797,0.17706,6.654,0.407694,0.689112,0.281418,-0.694557,-0.279307,0.000495,0.00107467,2184.961896,934.4056,
45,14,true,45,45,0,4,8,-4,6.2391,-10.400116,-22.6392,12.2391,10.9888,-21.318088,-49.0864,-21.101825,-29.895,-22.80847,-31.1663,-25.915271,-32.1348,-29.269179,-32.8716,453.15814,326.3336,1.3886,false,0.000134,0.000002,0.000132,2.6171,2.763499,0.731167,1.638289,0.302633,0.703634,0.146655,0.190812,0.101337,0.198384,0.036513,5.2723,0.395223,0.395978,0.000755,-0.680449,-0.198183,-0.000287,0.002228,653.777634,1206.5848,
45,31,true,45,45,0,4,6,-2,3.5828,-7.005332,-16.6571,9.6518,7.955,-18.292618,-31.3766,-17.978374,-24.0889,-20.495571,-26.3053,-23.570316,-26.756,-27.09802,-27.8573,533.719978,350.9896,1.5206,false,0.000341,0.000007,0.000334,2.624,2.970574,0.836279,2.060838,0.397654,1.200834,0.20153,0.407228,0.182513,0.203202,0.112914,5.7242,0.391225,0.450736,0.059511,-0.674893,-0.151864,-0.00027,0.001731,738.885589,910.8509,
45,36,true,45,45,0,4,10,-6,3.6873,-6.145759,-14.7026,8.5568,6.8507,-17.525968,-28.2043,-17.200496,-22.2542,-19.932988,-24.283,-22.989431,-25.0709,-26.560673,-26.1027,560.160075,374.6725,1.4951,false,0.000434,0.000025,0.000409,2.5394,3.011219,0.838792,2.153986,0.418416,1.33491,0.206498,0.491274,0.189532,0.220613,0.135879,6.2121,0.390181,0.467797,0.077616,-0.67342,-0.162495,-0.000266,0.001634,774.496794,842.3906,
45,40,true,45,45,0,4,10,-6,3.0009,-5.501223,-12.7905,7.2893,5.909,-16.94536,-24.7554,-16.624448,-20.6904,-19.506942,-22.751,-22.553344,-23.6931,-26.157266,-24.6204,579.581947,404.7867,1.4318,false,0.000518,0.000059,0.000459,2.6766,3.037935,0.838512,2.218071,0.436205,1.434267,0.212752,0.560959,0.192706,0.240459,0.151628,6.4837,0.389404,0.47476,0.085356,-0.672321,-0.168441,-0.000263,0.001583,814.72491,794.7948,
45,45,true,45,45,0,4,12,-8,3.3495,-4.73411,-11.8123,7.0782,5.5518,-16.256065,-24.3602,-15.958201,-19.7475,-18.997847,-21.9861,-22.039962,-22.8225,-25.682131,-23.8544,600.407205,422.8502,1.4199,false,0.000635,0.000091,0.000544,2.6102,3.064642,0.860036,2.28544,0.458405,1.546946,0.220075,0.64848,0.198932,0.271885,0.163841,6.7671,0.388513,0.487006,0.098493,-0.671054,-0.168821,-0.000261,0.001603,841.013725,777.568,
45,49,true,45,45,0,4,12,-8,3.7263,-4.148141,-11.2543,7.1062,5.2281,-15.730854,-24.8988,-15.464248,-19.1938,-18.605858,-21.3355,-21.651789,-22.1106,-25.322486,-23.1689,619.341031,431.7886,1.4344,false,0.000743,0.000131,0.000612,2.6123,3.081009,0.836925,2.329423,0.455838,1.627006,0.21533,0.717104,0.193374,0.301464,0.165354,7.2649,0.387865,0.491242,0.103377,-0.670131,-0.182069,-0.000259,0.001589,880.551113,763.5667,
45,54,true,45,45,0,4,12,-8,3.5246,-3.457623,-10.1668,6.7092,4.6936,-15.103368,-22.5057,-14.887778,-18.2058,-18.132986,-20.3286,-21.191175,-21.1155,-24.895208,-22.1771,655.088828,468.6734,1.3978,false,0.000885,0.000251,0.000634,2.6424,3.095791,0.853837,2.372654,0.475639,1.71391,0.224872,0.799137,0.192177,0.34247,0.172743,7.3398,0.387138,0.503677,0.116539,-0.669093,-0.178536,-0.000257,0.001592,969.772316,767.2792,
45,61,true,45,45,0,4,10,-6,3.7744,-2.565382,-9.8848,7.3194,5.0682,-14.271869,-24.706,-14.143166,-17.9758,-17.498862,-20.339,-20.585494,-20.8844,-24.33275,-22.0839,667.327781,465.2084,1.4345,true,0.001006,0.000273,0.000733,2.5478,3.106739,0.862909,2.412619,0.478255,1.810367,0.225258,0.903608,0.193379,0.403889,0.172578,7.7377,0.386275,0.506064,0.119789,-0.667859,-0.178131,-0.000255,0.001608,991.719512,755.9993,
45,69,true,45,45,0,4,10,-6,4.7567,-1.638045,-9.1022,7.4642,5.0609,-13.377049,-25.4385,-13.359522,-17.1328,-16.806918,-19.6122,-19.93689,-20.2285,-23.728498,-21.3362,737.725474,488.1919,1.5111,true,0.001152,0.000429,0.000723,2.6839,3.106902,0.871256,2.431716,0.493586,1.885517,0.229996,1.004404,0.192625,0.474505,0.178107,7.8981,0.385496,0.512632,0.127136,-0.666742,-0.175584,-0.000254,0.001623,1198.348294,758.9875,
45,77,true,45,45,0,4,10,-6,4.5662,-0.776757,-8.8911,8.1144,5.275,-12.529121,-21.8891,-12.625218,-16.8999,-16.143331,-19.0001,-19.323011,-19.8287,-23.154504,-20.8674,747.10818,492.8995,1.5157,true,0.001351,0.00046,0.000891,2.7928,3.096075,0.858969,2.426294,0.487717,1.926824,0.226637,1.084944,0.191101,0.543692,0.176564,8.1848,0.384903,0.511954,0.127051,-0.66589,-0.180449,-0.000253,0.001588,1191.441559,750.0165,
45,85,true,45,45,0,4,12,-8,4.1451,0.017758,-7.4607,7.4784,4.5202,-11.721299,-20.6901,-11.926752,-15.7376,-15.504772,-17.7916,-18.737063,-18.4879,-22.603784,-19.6085,770.366269,535.6555,1.4382,true,0.001619,0.000922,0.000697,2.7462,3.075434,0.884927,2.399183,0.526353,1.935777,0.237981,1.141804,0.192614,0.603952,0.191057,7.8465,0.384497,0.532615,0.148118,-0.665302,-0.180585,-0.000253,0.00157,1231.602233,766.7639,
45,93,true,45,45,0,4,10,-6,4.4616,0.606146,-7.0753,7.6815,4.5271,-10.96482,-21.5967,-11.252913,-15.1785,-14.886076,-17.3724,-18.171255,-17.929,-22.069121,-19.1087,854.119231,540.5246,1.5802,true,0.002025,0.001108,0.000917,2.7285,3.046711,0.859901,2.354087,0.516512,1.917375,0.232336,1.176096,0.185679,0.652578,0.186219,7.9533,0.384109,0.535083,0.150974,-0.664741,-0.189661,-0.000253,0.00157,1427.537084,764.2534,
45,101,true,45,45,0,4,12,-8,4.7378,0.981652,-4.7873,5.769,3.0849,-10.282658,-17.6574,-10.611331,-13.1689,-14.284292,-15.0001,-17.621505,-15.9371,-21.547676,-17.0752,933.915595,637.2362,1.4656,true,0.002493,0.002869,0.000376,2.7881,3.011064,0.885903,2.294196,0.565524,1.876244,0.247296,1.190123,0.179511,0.688737,0.197359,7.331,0.383339,0.569905,0.186566,-0.663634,-0.19912,-0.000253,0.001543,1590.216547,835.1407,
45,109,true,45,45,0,4,12,-8,5.0159,1.247131,-4.2765,5.5237,3.0136,-9.659812,-18.5868,-10.016513,-12.5796,-13.698107,-14.4001,-17.086001,-15.3303,-21.038213,-16.4939,1011.315749,661.8929,1.5279,true,0.003002,0.003494,0.000492,2.7886,2.969618,0.880478,2.222828,0.566006,1.817495,0.246235,1.187394,0.175929,0.713065,0.195596,7.1321,0.382031,0.574098,0.192067,-0.661703,-0.209324,-0.000253,0.001561,1747.995523,854.0959,
45,117,true,45,45,0,4,10,-6,5.1313,1.443415,-2.9236,4.367,2.1557,-9.081611,-16.6867,-9.473772,-11.3758,-13.127167,-12.9632,-16.563605,-13.95,-20.539817,-15.1394,1104.644741,701.4327,1.5748,true,0.003619,0.004611,0.000992,2.7869,2.923217,0.855177,2.142772,0.565554,1.745964,0.242055,1.171529,0.163837,0.72671,0.19315,6.9666,0.380203,0.573289,0.193086,-0.658888,-0.22967,-0.000254,0.001585,1930.115544,897.7571,
45,124,true,45,45,0,4,12,-8,5.9303,1.577456,-1.5403,3.1178,1.1149,-8.600772,-18.8294,-9.037006,-10.1236,-12.643007,-11.5169,-16.116174,-12.4618,-20.112428,-13.6961,1221.504351,760.8633,1.6054,true,0.004373,0.006291,0.001918,2.762,2.878831,0.911085,2.067323,0.600718,1.676666,0.25558,1.149814,0.164805,0.730642,0.197329,6.6349,0.378242,0.585844,0.207602,-0.655723,-0.224477,-0.000255,0.001582,2141.248814,965.9982,
46,14,false,45,48,0.3333,4,9.3333,-5.3333,6.1556,-10.107416,-22.129,12.0216,10.9115,-20.321845,-45.1192,-20.042178,-29.8819,-22.527029,-30.0391,-25.357082,-31.4993,-28.887585,-33.6893,459.445522,313.8,1.4641,false,0.000145,0.000002,0.000143,1.3698,1.939849,0.616458,1.366689,0.250692,0.497058,0.075183,0.156099,0.068238,0.178422,0.034196,5.9526,0.363277,0.431767,0.06849,-0.637399,-0.318889,-0.000427,0.00158767,630.940847,1136.9147,
46,31,false,45,48,0.3333,4,8,-4,4.4221,-6.572834,-16.6066,10.0337,8.3152,-17.158013,-31.1167,-17.070273,-24.4144,-19.664573,-25.3212,-22.909614,-26.4555,-26.68209,-28.863,543.142596,332.845,1.6318,false,0.000351,0.000005,0.000346,2.1107,2.112921,0.693372,1.797486,0.318028,0.937797,0.102287,0.294457,0.108964,0.165862,0.088027,8.4409,0.359963,0.470319,0.110356,-0.632745,-0.286695,-0.0004,0.001489,749.192218,872.473,
46,36,false,45,48,0.3333,4,12.6667,-8.6667,3.6897,-5.682168,-14.4744,8.7922,7.1851,-16.375939,-27.8193,-16.33006,-22.048,-18.959211,-23.1931,-22.29634,-24.7121,-26.128879,-26.7781,567.422689,358.791,1.5815,false,0.000454,0.000019,0.000435,1.8181,2.148223,0.72122,1.897065,0.343778,1.065323,0.110679,0.359218,0.116286,0.167854,0.109397,8.9106,0.358919,0.485479,0.12656,-0.631255,-0.296677,-0.000393,0.00156867,779.83257,805.222,
46,40,false,45,48,0.3333,4,10,-6,3.6127,-5.005885,-12.6616,7.6557,6.3057,-15.791466,-25.149,-15.772775,-20.621,-18.432818,-21.6755,-21.833962,-23.3704,-25.711494,-25.2425,590.273928,383.6132,1.5387,false,0.000553,0.000045,0.000508,2.0055,2.171906,0.728276,1.967082,0.357292,1.162146,0.110999,0.415813,0.117749,0.173289,0.121137,9.6872,0.358098,0.492392,0.134294,-0.630074,-0.303442,-0.000388,0.00169167,818.616529,763.0735,
46,45,false,45,48,0.3333,4,13.3333,-9.3333,3.421,-4.210593,-11.7793,7.5687,6.017,-15.106045,-24.4576,-15.114972,-19.6386,-17.816966,-20.9298,-21.288525,-22.5362,-25.218343,-24.4366,614.224813,400.2185,1.5347,false,0.000686,0.000071,0.000615,2.0295,2.19621,0.744521,2.042524,0.372159,1.274487,0.114849,0.489957,0.121178,0.185286,0.129786,10.2883,0.357125,0.500985,0.14386,-0.628672,-0.303765,-0.000383,0.00173933,852.22001,750.3249,
46,49,false,45,48,0.3333,4,12.6667,-8.6667,4.4833,-3.609633,-11.3233,7.7137,5.8417,-14.589248,-25.8074,-14.616795,-19.5661,-17.35419,-20.3498,-20.876147,-21.9485,-24.844501,-23.8286,633.487451,407.7173,1.5537,false,0.000798,0.0001,0.000698,2.0883,2.211723,0.732242,2.093395,0.371795,1.356217,0.110848,0.550163,0.119943,0.198888,0.131042,11.3052,0.356392,0.505999,0.149607,-0.627613,-0.313881,-0.000379,0.00177133,886.212597,737.1882,
46,54,false,45,48,0.3333,4,12,-8,4.2286,-2.891863,-10.2678,7.376,5.3359,-13.976407,-23.4365,-14.025982,-18.5292,-16.808526,-19.3834,-20.387854,-20.9545,-24.400335,-22.8541,656.365622,438.8129,1.4958,false,0.000954,0.000192,0.000762,2.1129,2.226547,0.743375,2.145425,0.38396,1.447006,0.110471,0.624385,0.121434,0.220264,0.13584,12.0942,0.355546,0.51412,0.158574,-0.626386,-0.311886,-0.000375,0.00178033,917.666918,739.4021,
46,61,false,45,48,0.3333,4,10.6667,-6.6667,4.0769,-1.953685,-9.5901,7.6364,5.3939,-13.167467,-23.82,-13.252077,-17.6142,-16.096818,-18.9645,-19.749148,-20.3738,-23.816505,-22.3537,703.363769,449.4689,1.5649,true,0.001183,0.00024,0.000943,2.243,2.239595,0.755463,2.197961,0.39002,1.551694,0.103098,0.722446,0.12368,0.256099,0.136691,13.8083,0.354505,0.516646,0.162141,-0.624875,-0.3118,-0.00037,0.001821,1026.332661,739.5486,
46,69,false,45,48,0.3333,4,12,-8,4.3417,-0.981767,-8.8103,7.8285,5.4346,-12.29385,-24.0761,-12.433307,-16.8456,-15.344148,-18.3353,-19.073777,-19.7391,-23.195516,-21.6337,725.749156,469.9817,1.5442,true,0.001353,0.00037,0.000983,2.3258,2.24477,0.763411,2.231181,0.401772,1.638633,0.107838,0.820896,0.122732,0.301202,0.140935,13.9907,0.353534,0.523242,0.169708,-0.623461,-0.309736,-0.000366,0.001782,1075.826078,745.1455,
46,77,false,45,48,0.3333,4,11.3333,-7.3333,4.2072,-0.093513,-8.4731,8.3796,5.614,-11.457288,-21.5222,-11.670801,-16.49,-14.640624,-17.7448,-18.443446,-19.2882,-22.611198,-21.133,778.759611,479.2428,1.625,true,0.001601,0.000424,0.001177,2.323,2.241099,0.759528,2.239418,0.401374,1.693091,0.101578,0.902749,0.123473,0.347842,0.14058,15.2637,0.352767,0.524976,0.172209,-0.622343,-0.314454,-0.000362,0.00181133,1189.962805,742.7394,
46,85,false,45,48,0.3333,4,13.3333,-9.3333,3.8827,0.582798,-7.4331,8.0159,5.2483,-10.662775,-20.6035,-10.962723,-15.5961,-13.976949,-16.8727,-17.850314,-18.3293,-22.057635,-20.2219,798.696881,507.8581,1.5727,true,0.00183,0.000742,0.001088,2.4167,2.229739,0.77534,2.225555,0.422037,1.71656,0.100518,0.964315,0.125637,0.390726,0.148085,15.6224,0.352008,0.538737,0.186729,-0.621226,-0.314672,-0.000359,0.00182133,1223.821591,755.5483,
46,93,false,45,48,0.3333,4,11.3333,-7.3333,4.2872,0.986807,-6.9018,7.8886,5.1351,-9.938141,-21.0171,-10.324801,-15.0294,-13.344793,-16.2648,-17.286104,-17.6519,-21.527335,-19.6283,826.128816,519.9803,1.5888,true,0.002105,0.000924,0.001181,2.5542,2.211792,0.759116,2.192847,0.418406,1.712758,0.103493,1.005581,0.122055,0.427097,0.145505,15.1795,0.350667,0.539842,0.189175,-0.619195,-0.318253,-0.000357,0.00182,1289.387416,761.0212,
46,101,false,45,48,0.3333,4,12.6667,-8.6667,4.7031,1.259245,-5.072,6.3312,4.0913,-9.272924,-18.1811,-9.757757,-13.4346,-12.738404,-14.4018,-16.744236,-16.0662,-21.014647,-18.0017,895.16924,591.5113,1.5134,true,0.002521,0.002187,0.000334,2.3414,2.1882,0.778427,2.144597,0.447405,1.686128,0.105511,1.02817,0.121604,0.455642,0.152012,14.6837,0.348685,0.564975,0.21629,-0.61605,-0.322494,-0.000356,0.00178733,1450.536715,818.2695,
46,109,false,45,48,0.3333,4,14,-10,4.8178,1.457316,-4.3496,5.8069,3.856,-8.652548,-18.3634,-9.249667,-12.6575,-12.159818,-13.6346,-16.220831,-15.3075,-20.516806,-17.2689,980.880354,624.5618,1.5705,true,0.00306,0.002758,0.000302,2.3881,2.159835,0.783543,2.083878,0.453177,1.641295,0.107796,1.034595,0.121145,0.475995,0.152466,14.0183,0.346178,0.571485,0.225307,-0.611837,-0.331203,-0.000355,0.00186333,1632.020873,847.7379,
46,117,false,45,48,0.3333,4,12,-8,4.6537,1.583625,-2.9649,4.5485,2.9936,-8.067802,-16.4028,-8.785595,-11.3817,-11.613929,-12.1747,-15.71381,-13.9382,-20.032537,-15.9761,1078.679592,670.3018,1.6092,true,0.003707,0.003758,0.000051,2.3364,2.127454,0.779634,2.013547,0.459614,1.582959,0.103935,1.027884,0.11815,0.488309,0.151475,13.9812,0.343275,0.573243,0.229968,-0.606632,-0.345539,-0.000354,0.001957,1823.466888,900.0665,
46,124,false,45,48,0.3333,2,13.3333,-11.3333,5.4718,1.583625,-1.5497,3.1334,2.3273,-8.971878,-17.3186,-7.839615,-10.1352,-11.492929,-10.736,-15.010979,-12.569,-19.310309,-14.6417,1183.528433,727.1667,1.6276,true,0.004349,0.005123,0.000774,2.2266,2.100229,0.826723,1.955048,0.486905,1.533493,0.108812,1.017577,0.120501,0.493372,0.155787,12.9911,0.340459,0.583077,0.242618,-0.601181,-0.340633,-0.000354,0.001926,2017.160116,970.8712,
47,14,false,45,48,0.6667,4,10.6667,-6.6667,7.9918,-9.782046,-21.6188,11.8368,10.5479,-20.021707,-41.1521,-19.828206,-29.8688,-22.21933,-28.9118,-25.085228,-30.8638,-28.851324,-34.5069,466.847556,301.7477,1.5471,false,0.00016,0.000001,0.000159,0.9139,1.723507,0.519744,1.090242,0.207665,0.265627,0.038543,0.136931,0.045949,0.19899,0.032027,5.678,0.32036,0.467556,0.147196,-0.57506,-0.439594,0.000095,0.00094733,631.136132,1071.2675,
47,31,false,45,48,0.6667,2,10,-8,4.9208,-6.093246,-16.556,10.4628,8.5014,-17.82855,-30.8568,-16.348252,-24.7399,-19.212324,-24.3371,-22.42297,-26.1551,-26.410539,-29.8687,545.22445,315.6385,1.7274,false,0.000361,0.000004,0.000357,1.3926,1.908981,0.574885,1.517052,0.254346,0.559441,0.051916,0.195819,0.065053,0.190169,0.068625,9.197,0.320559,0.489901,0.169342,-0.575566,-0.421525,0.000091,0.001247,742.373743,835.7121,
47,36,false,45,48,0.6667,2,15.3333,-13.3333,3.4447,-5.16853,-14.2462,9.0776,7.3657,-17.052382,-27.4344,-15.534973,-21.8417,-18.491906,-22.1032,-21.757007,-24.3534,-25.811198,-27.4535,571.882502,343.5827,1.6645,false,0.000461,0.000012,0.000449,1.0149,1.947792,0.620128,1.619675,0.282454,0.652285,0.059321,0.234113,0.071346,0.1866,0.088076,9.5538,0.320326,0.503161,0.182835,-0.575261,-0.430858,0.000089,0.00150333,783.481227,769.6935,
47,40,false,45,48,0.6667,2,10,-8,4.0636,-4.476035,-12.5328,8.0567,6.5589,-16.468027,-25.5426,-14.927647,-20.5516,-17.949211,-20.6001,-21.258144,-23.0477,-25.361843,-25.8645,591.471264,363.5473,1.6269,false,0.000565,0.00003,0.000535,1.2869,1.974338,0.632533,1.693303,0.292656,0.72481,0.057911,0.270571,0.071948,0.185806,0.096778,10.8201,0.320075,0.510023,0.189948,-0.574913,-0.438444,0.000088,0.00180033,803.656444,732.6183,
47,45,false,45,48,0.6667,2,14.6667,-12.6667,3.4493,-3.663104,-11.7463,8.0832,6.3458,-15.778586,-24.5549,-14.216568,-19.5297,-17.309614,-19.8736,-20.673467,-22.25,-24.83317,-25.0187,621.190459,378.798,1.6399,false,0.000721,0.00005,0.000671,1.391,2.002244,0.644521,1.774424,0.30214,0.811193,0.059935,0.3216,0.073815,0.188501,0.10281,11.7422,0.319708,0.514965,0.195257,-0.57439,-0.438708,0.000087,0.00187567,853.263722,724.0362,
47,49,false,45,48,0.6667,2,13.3333,-11.3333,5.2953,-3.045498,-11.3924,8.3469,6.3217,-15.25649,-26.716,-13.682021,-19.9383,-16.826531,-19.3642,-20.234071,-21.7865,-24.434405,-24.4882,640.636953,384.988,1.664,false,0.000855,0.00007,0.000785,1.4986,2.020618,0.640652,1.830539,0.303247,0.875625,0.057063,0.365273,0.074396,0.194054,0.10385,13.2059,0.319387,0.520755,0.201368,-0.573924,-0.445694,0.000087,0.00195367,876.219172,711.7211,
47,54,false,45,48,0.6667,2,12,-10,5.1105,-2.314506,-10.3689,8.0544,5.8461,-14.636429,-24.3673,-13.051616,-18.8527,-16.255323,-18.4382,-19.716687,-20.7935,-23.963352,-23.5311,667.060012,410.8549,1.6236,true,0.001021,0.000132,0.000889,1.509,2.038992,0.647203,1.889794,0.309953,0.949007,0.05427,0.421435,0.076732,0.205354,0.10682,14.9214,0.318973,0.524562,0.205589,-0.573317,-0.445237,0.000086,0.00196867,921.720348,712.5379,
47,61,false,45,48,0.6667,2,11.3333,-9.3333,4.7239,-1.367712,-9.2954,7.9277,5.5878,-13.820696,-22.9341,-12.229824,-17.2525,-15.510026,-17.59,-19.04462,-19.8632,-23.348925,-22.6234,698.052376,434.2619,1.6074,true,0.00127,0.000206,0.001064,1.5441,2.056901,0.661396,1.953149,0.318065,1.036607,0.047187,0.499235,0.079103,0.228489,0.108267,18.3015,0.318398,0.527228,0.20883,-0.572465,-0.44547,0.000085,0.002034,961.310244,723.4558,
47,69,false,45,48,0.6667,2,14,-12,4.4493,-0.354886,-8.5184,8.1635,5.6795,-12.949569,-22.7137,-11.362552,-16.5584,-14.724642,-17.0584,-18.339493,-19.2497,-22.701208,-21.9312,755.816116,452.4508,1.6705,true,0.001581,0.000312,0.001269,1.6803,2.067457,0.668916,1.999345,0.327037,1.113421,0.050562,0.581475,0.078199,0.262415,0.111521,18.5499,0.317792,0.533853,0.216061,-0.57156,-0.443889,0.000084,0.001941,1106.102243,731.556,
47,77,false,45,48,0.6667,2,12.6667,-10.6667,4.5304,0.481099,-8.0551,8.5362,5.8283,-12.129308,-21.1552,-10.560398,-16.0801,-13.996643,-16.4896,-17.688657,-18.7477,-22.101102,-21.3985,764.804927,465.9646,1.6413,true,0.001826,0.000387,0.001439,1.7616,2.068853,0.671599,2.020359,0.330317,1.165668,0.045527,0.652492,0.079777,0.300548,0.11193,21.1729,0.317193,0.537997,0.220804,-0.570653,-0.448458,0.000084,0.00203467,1079.337989,735.533,
47,85,false,45,48,0.6667,2,14.6667,-12.6667,4.4248,0.959334,-7.4055,8.3648,5.8589,-11.390629,-20.517,-9.836471,-15.4546,-13.315268,-15.9538,-17.081081,-18.1707,-21.537651,-20.8354,812.635884,481.5032,1.6877,true,0.002127,0.000562,0.001565,1.7919,2.062377,0.679324,2.01923,0.338394,1.194536,0.042457,0.709169,0.081949,0.3385,0.114779,22.9623,0.316021,0.54486,0.228839,-0.568799,-0.448758,0.000083,0.00207267,1183.690286,744.4969,
47,93,false,45,48,0.6667,2,12.6667,-10.6667,5.0458,1.25965,-6.7283,7.988,5.636,-10.742339,-20.4375,-9.195001,-14.8804,-12.671651,-15.1572,-16.508091,-17.3748,-21.003626,-20.1478,863.600111,500.2169,1.7265,true,0.002452,0.000739,0.001713,1.7225,2.049138,0.670143,1.999085,0.338935,1.20236,0.0461,0.750408,0.080232,0.372747,0.113693,21.6107,0.313997,0.544601,0.230604,-0.56541,-0.446846,0.000082,0.00207,1302.523783,757.8026,
47,101,false,45,48,0.6667,2,13.3333,-11.3333,5.7219,1.468059,-5.3566,6.8246,5.0012,-10.155328,-18.7047,-8.622506,-13.7002,-12.065108,-13.8034,-15.963395,-16.1953,-20.493692,-18.9282,894.987308,549.0675,1.63,true,0.002743,0.001505,0.001238,1.7974,2.030046,0.683989,1.962789,0.353957,1.192199,0.045017,0.776701,0.082376,0.401171,0.117084,21.8513,0.311291,0.560044,0.248753,-0.560586,-0.445869,0.000082,0.00203167,1385.481385,801.7391,
47,109,false,45,48,0.6667,2,16,-14,5.7719,1.583625,-4.4227,6.0063,4.6118,-9.607063,-18.14,-8.099471,-12.7353,-11.49968,-12.869,-15.442229,-15.2848,-20.003097,-18.0438,927.520408,589.3363,1.5738,true,0.003054,0.002022,0.001032,1.8018,2.005978,0.697281,1.913314,0.362839,1.167549,0.047191,0.789675,0.08342,0.422758,0.118847,20.5899,0.308113,0.568871,0.260758,-0.554503,-0.453082,0.000081,0.00216567,1477.634297,841.4271,
47,117,false,45,48,0.6667,2,14,-12,5.3994,1.583625,-3.0062,4.5898,3.7542,-9.094238,-16.1189,-7.616412,-11.3876,-10.975921,-11.3862,-14.941398,-13.9263,-19.528857,-16.8128,987.597874,640.5526,1.5418,true,0.003444,0.002906,0.000538,1.701,1.977667,0.710763,1.853388,0.373519,1.131765,0.044629,0.791448,0.085202,0.437247,0.118792,20.9005,0.304595,0.573196,0.268601,-0.547139,-0.461408,0.000081,0.002329,1629.968775,902.3818,
47,124,false,45,48,0.6667,2,14.6667,-12.6667,6.1582,1.583625,-1.5591,3.1428,2.9269,-8.664625,-15.8078,-7.220637,-10.1469,-10.550849,-9.9551,-14.518459,-12.6761,-19.12649,-15.5873,1070.257829,694.9624,1.54,true,0.003877,0.003955,0.000078,1.6968,1.949826,0.750172,1.794241,0.394656,1.093805,0.046326,0.785603,0.088108,0.444163,0.12299,19.5967,0.301356,0.580309,0.278953,-0.539755,-0.45679,0.00008,0.00227,1816.553366,975.7688,
48,14,true,48,48,0,2,12,-10,7.5463,-11.305041,-21.1086,9.8036,9.3928,-22.226627,-37.1849,-20.781298,-29.8558,-23.118147,-27.7846,-25.604791,-30.2284,-29.056781,-35.3246,434.220552,290.1583,1.4965,false,0.000102,0.000001,0.000101,1.6443,1.822755,0.438204,1.012126,0.172023,0.16881,0.019759,0.114371,0.030941,0.185616,0.029995,6.0086,0.270326,0.503345,0.233019,-0.497467,-0.5603,-0.000671,0.000307,548.465921,1009.4109,
48,31,true,48,48,0,2,12,-10,7.9915,-7.538613,-16.5055,8.9669,7.7333,-18.919219,-30.5969,-17.598292,-25.0654,-20.108725,-23.353,-22.890646,-25.8547,-26.567393,-30.8743,508.216508,299.3214,1.6979,false,0.000254,0.000002,0.000252,1.3429,2.060951,0.476646,1.507128,0.203416,0.407645,0.02635,0.142009,0.038838,0.193577,0.0535,11.4895,0.273117,0.509484,0.236367,-0.50147,-0.556356,-0.0006,0.001005,649.938632,800.5001,
48,36,true,48,48,0,2,18,-16,5.6071,-6.593553,-14.018,7.4244,6.5359,-18.075329,-27.0494,-16.805952,-21.6355,-19.347732,-21.0133,-22.228107,-23.9947,-25.953624,-28.129,531.632818,329.019,1.6158,false,0.000331,0.000006,0.000325,0.4088,2.113722,0.533206,1.63406,0.232069,0.491862,0.031795,0.168476,0.043774,0.189322,0.070911,12.0077,0.273733,0.520843,0.24711,-0.502386,-0.56504,-0.000583,0.001438,682.250066,735.7325,
48,40,true,48,48,0,2,10,-8,6.7455,-5.885799,-12.4039,6.5181,5.7572,-17.435971,-25.9362,-16.21189,-20.4822,-18.770722,-19.5246,-21.737137,-22.725,-25.494235,-26.4866,550.351865,344.5309,1.5974,false,0.000402,0.000016,0.000386,0.234,2.150755,0.549376,1.72753,0.239712,0.560008,0.030214,0.195667,0.043962,0.186256,0.077317,14.1744,0.274142,0.527655,0.253513,-0.502996,-0.573445,-0.000571,0.001909,708.159675,703.3786,
48,45,true,48,48,0,2,16,-14,5.453,-5.052164,-11.7133,6.6611,5.5666,-16.677659,-24.6523,-15.514353,-19.4209,-18.086794,-18.8173,-21.166436,-21.9638,-24.955122,-25.6009,571.568198,358.524,1.5942,false,0.000507,0.00003,0.000477,0.1516,2.190931,0.557952,1.833566,0.245294,0.643986,0.031278,0.236227,0.044964,0.184255,0.081441,15.8435,0.274549,0.528944,0.254395,-0.503608,-0.573652,-0.000558,0.002012,732.787126,698.6687,
48,49,true,48,48,0,2,14,-12,7.8637,-4.424097,-11.4614,7.0373,5.6536,-16.101082,-27.6247,-14.988958,-20.3106,-17.567854,-18.3785,-20.740092,-21.6244,-24.548822,-25.1478,592.888571,363.5258,1.6309,false,0.000612,0.000039,0.000573,0.2854,2.21845,0.560519,1.909409,0.247337,0.708796,0.029375,0.272933,0.046145,0.184933,0.0823,18.2551,0.274799,0.535512,0.260713,-0.503985,-0.577506,-0.000549,0.002136,765.167813,687.1337,
48,54,true,48,48,0,2,12,-10,7.4733,-3.681952,-10.4699,6.788,5.162,-15.414457,-25.2981,-14.36855,-19.1761,-16.952172,-17.4931,-20.239764,-20.6325,-24.068689,-24.2082,618.70398,384.6782,1.6084,false,0.000763,0.000073,0.00069,0.2532,2.247493,0.563473,1.992854,0.25021,0.78527,0.026661,0.322485,0.048486,0.189283,0.084,21.6925,0.27503,0.535005,0.259975,-0.504331,-0.578587,-0.000538,0.002157,800.689453,686.6498,
48,61,true,48,48,0,2,12,-10,6.486,-2.718264,-9.0008,6.2825,4.5315,-14.510092,-22.0482,-13.559143,-16.8908,-16.147472,-16.2155,-19.590334,-19.3526,-23.441886,-22.8931,651.908773,419.5694,1.5538,false,0.000984,0.000173,0.000811,0.311,2.278902,0.579042,2.088533,0.259384,0.881255,0.021597,0.395068,0.050592,0.202281,0.085753,28.207,0.27523,0.53781,0.26258,-0.504628,-0.579139,-0.000526,0.002247,849.619534,707.7132,
48,69,true,48,48,0,2,16,-14,5.3003,-1.696139,-8.2265,6.5304,4.6239,-13.546727,-21.3514,-12.704455,-16.2712,-15.301368,-15.7814,-18.905681,-18.7603,-22.779913,-22.2287,686.158664,435.5738,1.5753,true,0.001262,0.000253,0.001009,0.6254,2.302922,0.586117,2.168706,0.266203,0.972076,0.023707,0.476651,0.049825,0.225878,0.088246,29.1357,0.275327,0.544463,0.269136,-0.504766,-0.578041,-0.000515,0.0021,895.322645,718.2142,
48,77,true,48,48,0,2,14,-12,5.281,-0.765046,-7.637,6.872,4.7086,-12.646131,-20.7883,-11.909362,-15.6702,-14.522408,-15.2343,-18.267825,-18.2072,-22.164844,-21.664,732.874921,453.0542,1.6176,true,0.001575,0.000351,0.001224,0.7726,2.315846,0.59385,2.219869,0.271839,1.040939,0.020405,0.550906,0.051545,0.255702,0.089119,34.5647,0.275333,0.551019,0.275686,-0.504764,-0.582463,-0.000506,0.002258,989.556774,728.3965,
48,85,true,48,48,0,2,16,-14,5.2026,0.111686,-7.3778,7.4895,5.1152,-11.797305,-20.4304,-11.160313,-15.3131,-13.798578,-15.0348,-17.666166,-18.0121,-21.587929,-21.4488,757.907687,456.516,1.6602,true,0.001846,0.000382,0.001464,0.8903,2.31908,0.595199,2.24475,0.271329,1.087724,0.017933,0.613559,0.053453,0.287791,0.088963,39.2985,0.275289,0.550982,0.275693,-0.504686,-0.582845,-0.0005,0.002324,1030.657613,733.607,
48,93,true,48,48,0,2,14,-12,5.9465,0.712811,-6.5549,7.2677,4.7742,-11.009186,-19.8578,-10.461054,-14.7313,-13.119135,-14.0496,-17.092788,-17.0977,-21.040987,-20.6673,776.241959,481.2046,1.6131,true,0.002096,0.000555,0.001541,0.9256,2.313906,0.591599,2.246486,0.274558,1.113795,0.020535,0.662445,0.05274,0.318735,0.088836,36.8035,0.274898,0.54936,0.274462,-0.504023,-0.575438,-0.000496,0.00232,1065.903202,754.5976,
48,101,true,48,48,0,2,14,-12,6.8144,1.081822,-5.6412,6.723,4.5518,-10.307361,-19.2284,-9.824611,-13.9658,-12.475432,-13.205,-16.541884,-16.3244,-20.517346,-19.8547,827.831864,509.6692,1.6243,true,0.00239,0.000823,0.001567,0.9471,2.301502,0.601009,2.228191,0.280027,1.121239,0.019207,0.697114,0.055803,0.346047,0.090182,38.7318,0.273694,0.555114,0.28142,-0.501893,-0.569243,-0.000493,0.002276,1199.267373,785.5427,
48,109,true,48,48,0,2,18,-16,6.7436,1.330392,-4.4958,5.8261,4.0215,-9.670099,-17.9166,-9.252602,-12.8132,-11.862469,-12.1035,-16.009836,-15.262,-20.013153,-18.8188,885.050013,556.0975,1.5915,true,0.002696,0.001286,0.00141,0.9888,2.282926,0.620515,2.193075,0.29051,1.112787,0.020659,0.718252,0.057443,0.367978,0.092641,36.6218,0.271714,0.566258,0.294544,-0.498182,-0.574961,-0.000492,0.002468,1343.773364,835.1634,
48,117,true,48,48,0,2,16,-14,6.133,1.50917,-3.0475,4.5566,3.1891,-9.077667,-15.8349,-8.730742,-11.3934,-11.283729,-10.5976,-15.494658,-13.9144,-19.52612,-17.6495,942.673102,612.1237,1.54,true,0.002976,0.002053,0.000923,0.8941,2.258986,0.647977,2.143942,0.303551,1.091247,0.019163,0.727351,0.061443,0.383835,0.093161,37.7618,0.26913,0.57315,0.30402,-0.49301,-0.577277,-0.000492,0.002701,1491.089251,904.7031,
48,124,true,48,48,0,2,16,-14,6.8746,1.583625,-1.5686,3.1522,2.4955,-8.586026,-14.2971,-8.304442,-10.1585,-10.807914,-9.1743,-15.057048,-12.7832,-19.113156,-16.533,997.374833,664.1844,1.5017,true,0.00319,0.002787,0.000403,0.6401,2.234264,0.680709,2.091696,0.319884,1.064055,0.019723,0.727068,0.064422,0.392679,0.097098,36.1355,0.26652,0.577542,0.311022,-0.487409,-0.572946,-0.000493,0.002614,1630.25724,980.6912,
49,14,false,48,51,0.3333,2,11.3333,-9.3333,6.2776,-11.902393,-20.5755,8.6731,9.1078,-22.050238,-38.5823,-21.052159,-29.3536,-22.580321,-27.7012,-25.440051,-29.7786,-29.059771,-33.9396,435.828722,317.7257,1.3717,false,0.000104,0.000002,0.000102,0.7823,1.733061,0.471503,0.715817,0.216215,0.131763,0.041561,0.111621,0.038177,0.149862,0.033734,3.6553,0.226481,0.459282,0.232801,-0.426284,-0.241991,0.00067,0.00011567,553.7551,959.66,
49,31,false,48,51,0.3333,2,12,-10,6.0522,-8.136311,-16.2989,8.1626,7.827,-18.647519,-30.1762,-17.958834,-24.9327,-19.654036,-23.7003,-22.784914,-25.8426,-26.621661,-29.9893,513.246641,336.3682,1.5258,false,0.000272,0.000011,0.000261,0.9885,1.995324,0.51724,1.140338,0.252334,0.337363,0.054065,0.109576,0.04801,0.178589,0.056391,5.422,0.227958,0.470992,0.243034,-0.427538,-0.237364,0.0006,0.00057233,663.687873,791.9804,
49,36,false,48,51,0.3333,2,16,-14,4.6481,-7.18765,-13.6038,6.4162,6.3193,-17.79625,-27.5832,-17.183362,-21.8156,-18.929403,-21.1856,-22.131513,-23.6816,-26.022907,-27.192,535.40616,368.8139,1.4517,false,0.000356,0.000039,0.000317,0.7061,2.054346,0.563533,1.252858,0.281997,0.417626,0.063177,0.120881,0.054074,0.177335,0.073114,5.8437,0.228514,0.483367,0.254853,-0.428179,-0.241712,0.000581,0.00084633,690.553287,728.1928,
49,40,false,48,51,0.3333,2,11.3333,-9.3333,5.4418,-6.47499,-11.8928,5.4178,5.3094,-17.157534,-25.5799,-16.598628,-20.2969,-18.385742,-19.5244,-21.642503,-22.1826,-25.574909,-25.408,556.054525,392.6925,1.416,false,0.000437,0.000099,0.000338,0.707,2.09606,0.579773,1.336631,0.291928,0.484526,0.062028,0.135396,0.055417,0.174994,0.07973,6.8658,0.228953,0.493558,0.264605,-0.42871,-0.2463,0.000566,0.00114933,722.53506,705.6295,
49,45,false,48,51,0.3333,2,14.6667,-12.6667,4.6956,-5.636466,-11.214,5.5775,5.1573,-16.406995,-24.5032,-15.907808,-19.3772,-17.746358,-18.8392,-21.068995,-21.457,-25.048496,-24.5954,579.765334,407.405,1.4231,false,0.000546,0.00014,0.000406,0.8411,2.141675,0.587206,1.432654,0.296221,0.569031,0.063753,0.159096,0.056619,0.171707,0.082677,7.851,0.229476,0.49649,0.267014,-0.429365,-0.244647,0.00055,0.00121833,755.998932,703.487,
49,49,false,48,51,0.3333,2,13.3333,-11.3333,6.3548,-5.001822,-10.8536,5.8518,5.1688,-15.840886,-26.4612,-15.384384,-19.867,-17.263694,-18.369,-20.637057,-21.0366,-24.651384,-24.1119,596.758717,413.7952,1.4422,false,0.000642,0.000189,0.000453,0.939,2.173205,0.591508,1.502052,0.29879,0.635677,0.061384,0.181976,0.058049,0.169644,0.083128,9.0451,0.229864,0.501471,0.271607,-0.429863,-0.248224,0.000538,0.00129667,772.551079,697.6796,
49,54,false,48,51,0.3333,2,12,-10,6.3166,-4.253302,-10.0638,5.8105,4.9156,-15.170538,-24.942,-14.763198,-19.0197,-16.692276,-17.6484,-20.12648,-20.2728,-24.181557,-23.3729,623.522183,431.4436,1.4452,false,0.000786,0.000233,0.000553,0.955,2.206799,0.593429,1.579208,0.302243,0.715863,0.057672,0.214464,0.060259,0.168675,0.084743,10.7262,0.230304,0.50297,0.272666,-0.430437,-0.247307,0.000525,0.00131367,815.016887,699.1592,
49,61,false,48,51,0.3333,2,12,-10,5.8562,-3.274627,-8.9411,5.6665,4.571,-14.290079,-22.7882,-13.94923,-17.3443,-15.944238,-16.6408,-19.458961,-19.2606,-23.566803,-22.3388,659.033595,460.6651,1.4306,true,0.001031,0.000334,0.000697,1.0297,2.243703,0.605775,1.669026,0.309225,0.818928,0.050116,0.264636,0.062087,0.171479,0.085519,13.7888,0.230829,0.505577,0.274748,-0.431133,-0.246039,0.000509,0.00137033,864.756725,714.8799,
49,69,false,48,51,0.3333,2,15.3333,-13.3333,5.1669,-2.247308,-8.124,5.8767,4.6506,-13.347679,-21.5638,-13.088747,-16.5836,-15.151581,-16.1152,-18.752159,-18.6335,-22.915093,-21.6496,696.121681,479.2499,1.4525,true,0.001356,0.00046,0.000896,1.1468,2.272779,0.614138,1.746086,0.315539,0.919224,0.053592,0.323895,0.062125,0.181161,0.087757,14.6122,0.231305,0.511198,0.279893,-0.431773,-0.246901,0.000495,0.00126867,919.054069,728.722,
49,77,false,48,51,0.3333,2,12.6667,-10.6667,5.2583,-1.290802,-7.5396,6.2488,4.7556,-12.454832,-21.108,-12.291319,-16.0043,-14.412745,-15.5635,-18.093406,-18.0797,-22.306181,-21.0949,738.717968,497.5404,1.4847,true,0.001733,0.000589,0.001144,1.1976,2.289515,0.622593,1.797315,0.32132,0.997792,0.04874,0.380049,0.063763,0.196622,0.088297,17.1569,0.231658,0.51591,0.284252,-0.432251,-0.250885,0.000484,0.00137267,994.305045,742.0774,
49,85,false,48,51,0.3333,2,14.6667,-12.6667,5.257,-0.397078,-7.2999,6.9028,5.1695,-11.598857,-20.8389,-11.545199,-15.7672,-13.716861,-15.3629,-17.472888,-17.8731,-21.730789,-20.8839,787.243355,499.9663,1.5746,true,0.00213,0.000636,0.001494,1.2472,2.295465,0.622466,1.824917,0.320339,1.053607,0.044774,0.429091,0.065554,0.215415,0.088685,19.4182,0.231907,0.515975,0.284068,-0.432589,-0.252895,0.000476,0.00141433,1098.180671,746.3378,
49,93,false,48,51,0.3333,2,13.3333,-11.3333,5.8692,0.382548,-6.634,7.0165,5.0087,-10.779086,-20.2139,-10.841166,-15.1853,-13.055445,-14.5595,-16.88325,-17.1226,-21.182535,-20.2122,811.127639,524.3909,1.5468,true,0.002458,0.000802,0.001656,1.2647,2.292144,0.621797,1.831544,0.322664,1.087337,0.049113,0.468513,0.065031,0.234831,0.089172,18.5633,0.232003,0.515633,0.28363,-0.432695,-0.247362,0.00047,0.00141,1145.796542,765.6662,
49,101,false,48,51,0.3333,2,13.3333,-11.3333,6.628,0.874182,-5.4315,6.3056,4.5693,-10.02995,-19.888,-10.193143,-14.2706,-12.421956,-13.5049,-16.318472,-16.1185,-20.655624,-19.1745,833.450534,559.1152,1.4907,true,0.002736,0.001263,0.001473,1.2829,2.280883,0.632558,1.819975,0.330351,1.100887,0.047482,0.497417,0.068114,0.252819,0.089874,19.3259,0.231352,0.521376,0.290024,-0.431485,-0.244248,0.000466,0.001381,1203.693875,806.3379,
49,109,false,48,51,0.3333,2,16.6667,-14.6667,6.5773,1.192212,-4.4521,5.6443,4.1509,-9.346425,-18.4639,-9.611202,-13.273,-11.811671,-12.5114,-15.773827,-15.1554,-20.145574,-18.2374,887.54733,603.0905,1.4717,true,0.003024,0.001722,0.001302,1.3181,2.262827,0.647805,1.793159,0.338987,1.09717,0.050194,0.516183,0.069812,0.267867,0.091199,18.3932,0.229792,0.53035,0.300558,-0.428476,-0.24697,0.000464,0.00151133,1352.465653,852.3273,
49,117,false,48,51,0.3333,2,14.6667,-12.6667,6.2157,1.411674,-3.0354,4.447,3.3747,-8.712388,-16.9745,-9.08344,-11.9277,-11.227292,-11.1298,-15.246664,-13.8521,-19.650348,-17.0328,956.073613,655.3918,1.4588,true,0.003315,0.002504,0.000811,1.2971,2.238872,0.669511,1.753648,0.349728,1.079168,0.04787,0.525872,0.073766,0.279167,0.091611,18.821,0.227512,0.535192,0.30768,-0.42377,-0.250877,0.000463,0.00167,1523.204369,915.3506,
49,124,false,48,51,0.3333,2,15.3333,-13.3333,6.6625,1.556595,-1.5683,3.1249,2.627,-8.188997,-15.2898,-8.651603,-10.6563,-10.741372,-9.7154,-14.798838,-12.6566,-19.228783,-15.8503,1022.590748,706.0955,1.4482,true,0.003548,0.003355,0.000193,1.2362,2.213803,0.695683,1.710707,0.362645,1.054232,0.04893,0.528076,0.07671,0.285727,0.093492,18.0592,0.225114,0.540968,0.315854,-0.418445,-0.245877,0.000462,0.00161533,1680.475257,986.6971,
50,14,false,48,51,0.6667,2,10.6667,-8.6667,6.5205,-12.203909,-20.0425,7.8385,8.5003,-22.276008,-39.9797,-21.009114,-28.8514,-22.431566,-27.6177,-25.59787,-29.3289,-29.011931,-32.5546,444.966258,347.9122,1.279,false,0.000114,0.000004,0.00011,1.4551,1.718932,0.507333,0.532312,0.27176,0.093581,0.08742,0.129397,0.047106,0.112157,0.03794,3.342,0.210827,0.41522,0.204393,-0.401558,0.076317,0.00003,-0.00007567,548.640988,912.3611,
50,31,false,48,51,0.6667,2,12,-10,5.3813,-8.386361,-16.0923,7.7059,7.7288,-18.72858,-29.7555,-17.820644,-24.7999,-19.380232,-24.0476,-22.871015,-25.8306,-26.507021,-29.1042,521.984416,378.0003,1.3809,false,0.000302,0.000021,0.000281,1.7078,2.021064,0.561292,0.91716,0.313017,0.236958,0.110931,0.116089,0.059348,0.158321,0.059438,3.5552,0.209915,0.432501,0.222586,-0.398781,0.081628,0.000027,0.00013967,652.934639,783.5513,
50,36,false,48,51,0.6667,2,14,-12,4.8327,-7.38506,-13.1897,5.8046,5.9344,-17.742938,-28.117,-17.061477,-21.9957,-18.62189,-21.3578,-22.20331,-23.3684,-25.896087,-26.2551,545.505368,413.4219,1.3195,false,0.000393,0.000072,0.000321,1.5707,2.089805,0.595586,1.023134,0.342666,0.300295,0.125533,0.118459,0.066799,0.161834,0.075386,3.4674,0.20992,0.44589,0.23597,-0.39844,0.081617,0.000026,0.00025467,686.168772,720.7304,
50,40,false,48,51,0.6667,2,12.6667,-10.6667,5.1731,-6.631965,-11.3818,4.7498,4.7065,-16.9676,-25.2236,-16.505799,-20.1116,-18.053708,-19.5241,-21.702914,-21.6402,-25.439477,-24.3295,563.276099,447.5864,1.2585,false,0.000475,0.000181,0.000294,1.5331,2.138571,0.611851,1.102979,0.355519,0.355074,0.12734,0.123285,0.069856,0.162274,0.082219,3.4551,0.209994,0.459461,0.249467,-0.398302,0.080845,0.000025,0.00038967,705.721474,707.8877,
50,45,false,48,51,0.6667,2,13.3333,-11.3333,4.8342,-5.746828,-10.7147,4.9679,4.6044,-16.019871,-24.3541,-15.868599,-19.3334,-17.386676,-18.8611,-21.115001,-20.9502,-24.903826,-23.5899,588.878809,462.9504,1.272,false,0.000589,0.00025,0.000339,1.6393,2.192099,0.617993,1.195494,0.357722,0.426366,0.129944,0.135329,0.071295,0.160907,0.083931,3.5066,0.210153,0.464037,0.253884,-0.398271,0.084357,0.000024,0.00042467,744.960152,708.3385,
50,49,false,48,51,0.6667,2,12.6667,-10.6667,5.6329,-5.075377,-10.2458,5.1704,4.5464,-15.284587,-25.2977,-15.398249,-19.4234,-16.884548,-18.3594,-20.671625,-20.4488,-24.500146,-23.076,607.485855,471.0161,1.2897,false,0.000689,0.000338,0.000351,1.6977,2.229247,0.624209,1.263047,0.360946,0.484006,0.128273,0.150224,0.073025,0.159043,0.083964,3.5727,0.21032,0.46743,0.25711,-0.398336,0.081059,0.000023,0.00045733,767.980582,708.3874,
50,54,false,48,51,0.6667,2,12,-10,5.8187,-4.285653,-9.6577,5.3721,4.535,-14.402226,-24.586,-14.849501,-18.8634,-16.292599,-17.8038,-20.147276,-19.913,-24.022629,-22.5376,629.815062,483.8943,1.3016,false,0.000827,0.000394,0.000433,1.7454,2.26903,0.624977,1.338914,0.365097,0.554822,0.124755,0.173069,0.074891,0.156676,0.085493,4.1915,0.21056,0.470936,0.260376,-0.398497,0.083974,0.000022,0.00047033,794.505795,711.8966,
50,61,false,48,51,0.6667,2,12,-10,5.7256,-3.255471,-8.8814,5.6259,4.4762,-13.248951,-23.5282,-14.132474,-17.7978,-15.524153,-17.0661,-19.461808,-19.1687,-23.397473,-21.7844,663.603592,505.7861,1.312,true,0.001062,0.000495,0.000567,1.835,2.313175,0.633742,1.428535,0.368644,0.648082,0.116294,0.211035,0.076193,0.154793,0.085286,5.2107,0.210918,0.473344,0.262426,-0.398814,0.087062,0.000021,0.00049367,842.929413,722.1191,
50,69,false,48,51,0.6667,2,14.6667,-12.6667,5.3842,-2.174068,-8.0215,5.8474,4.5391,-12.057678,-21.7762,-13.352072,-16.8959,-14.721943,-16.449,-18.736816,-18.5066,-22.734287,-21.0706,702.912811,527.3054,1.333,true,0.001406,0.000667,0.000739,1.9572,2.348699,0.643499,1.507188,0.374018,0.741367,0.121152,0.258924,0.07746,0.156268,0.08727,5.729,0.211318,0.477934,0.266616,-0.399227,0.084239,0.000019,0.00043733,904.103559,739.3836,
50,77,false,48,51,0.6667,2,11.3333,-9.3333,5.4729,-1.190326,-7.4422,6.2519,4.6588,-10.994532,-21.4278,-12.58933,-16.3384,-13.986761,-15.8927,-18.062718,-17.9522,-22.115168,-20.5258,737.712301,546.3947,1.3501,true,0.001828,0.000826,0.001002,2.0164,2.370165,0.652728,1.561451,0.379807,0.816623,0.116421,0.306705,0.078878,0.162022,0.087482,6.5387,0.211672,0.480802,0.26913,-0.399624,0.080693,0.000018,0.00048733,953.159328,756.0153,
50,85,false,48,51,0.6667,2,13.3333,-11.3333,5.4657,-0.260516,-7.2219,6.9613,5.0737,-10.039105,-21.2475,-11.838787,-16.2214,-13.302753,-15.691,-17.42981,-17.7342,-21.531163,-20.3189,781.906684,547.5521,1.428,true,0.00231,0.000891,0.001419,2.0839,2.379403,0.650982,1.59319,0.378202,0.872092,0.111788,0.350207,0.080394,0.171092,0.088407,7.2428,0.211963,0.480968,0.269005,-0.399968,0.077055,0.000018,0.00050467,1033.94642,759.2895,
50,93,false,48,51,0.6667,2,12.6667,-10.6667,5.8723,0.487177,-6.7131,7.2003,5.0862,-9.176063,-20.5699,-11.104207,-15.6393,-12.656769,-15.0695,-16.830707,-17.1476,-20.975979,-19.757,829.783923,571.453,1.4521,true,0.002776,0.00105,0.001726,2.0958,2.378075,0.653536,1.604753,0.379198,0.907788,0.117463,0.386556,0.080186,0.181789,0.089509,7.2004,0.212097,0.481906,0.269809,-0.400083,0.080714,0.000017,0.0005,1140.554758,776.8971,
50,101,false,48,51,0.6667,2,12.6667,-10.6667,6.4532,0.927135,-5.2218,6.1489,4.4221,-8.429309,-20.5476,-10.408166,-14.5753,-12.039095,-13.8048,-16.259797,-15.9126,-20.444961,-18.4944,855.581991,613.3582,1.3949,true,0.003148,0.001703,0.001445,2.1129,2.36759,0.665762,1.598599,0.389718,0.924938,0.11738,0.414303,0.083141,0.192501,0.089568,7.3397,0.211382,0.487639,0.276257,-0.39869,0.080746,0.000017,0.000486,1197.376173,827.6836,
50,109,false,48,51,0.6667,2,15.3333,-13.3333,6.3758,1.216656,-4.4084,5.625,4.1057,-7.779186,-19.0113,-9.769794,-13.7328,-11.444567,-12.9193,-15.712401,-15.0488,-19.933999,-17.6561,872.838396,654.0548,1.3345,true,0.003435,0.002159,0.001276,2.1383,2.349319,0.676296,1.577522,0.395553,0.925944,0.121956,0.433322,0.084845,0.201968,0.089779,7.0929,0.209658,0.494443,0.284785,-0.395278,0.081021,0.000016,0.00055467,1248.674873,869.844,
50,117,false,48,51,0.6667,2,13.3333,-11.3333,6.2362,1.42629,-3.0232,4.4495,3.3736,-7.194038,-18.1141,-9.185353,-12.462,-10.875238,-11.662,-15.185324,-13.7897,-19.440347,-16.4162,901.699465,701.7183,1.285,true,0.003671,0.002956,0.000715,2.1824,2.324382,0.691761,1.544075,0.402929,0.913557,0.11958,0.444415,0.088562,0.209477,0.090087,7.1273,0.20718,0.497234,0.290054,-0.390024,0.075523,0.000016,0.000639,1341.150851,926.1234,
50,124,false,48,51,0.6667,2,14.6667,-12.6667,6.3754,1.564354,-1.5681,3.1325,2.5598,-6.718244,-16.2826,-8.710249,-11.1542,-10.399761,-10.2565,-14.739401,-12.5299,-19.021623,-15.1676,941.161289,750.6512,1.2538,true,0.003845,0.003923,0.000078,2.0663,2.297951,0.710985,1.506703,0.411121,0.894116,0.12139,0.448582,0.091341,0.214126,0.090019,6.8812,0.204615,0.504394,0.299779,-0.384138,0.081193,0.000016,0.00061667,1457.393787,992.7398,
51,14,true,51,51,0,2,10,-8,6.6504,-12.628386,-19.5094,6.881,7.5682,-21.932393,-41.3772,-21.229594,-28.3492,-23.50603,-27.5342,-26.080231,-28.8791,-29.705726,-31.1696,455.594371,380.9667,1.1959,false,0.00014,0.000005,0.000135,1.335,1.326027,0.545885,0.426013,0.341575,0.078875,0.18388,0.142908,0.058122,0.10112,0.04267,2.4034,0.204958,0.371157,0.166199,-0.392155,0.394626,0.000018,-0.000267,558.245042,867.3935,
51,31,true,51,51,0,2,12,-10,4.7671,-8.55045,-15.8857,7.3352,7.3666,-17.643142,-29.3348,-18.196299,-24.6672,-20.347137,-24.3949,-23.221207,-25.8185,-27.115842,-28.2192,537.023018,424.7852,1.2642,false,0.00038,0.00003,0.00035,1.494,1.597233,0.609095,0.807612,0.388292,0.166929,0.227608,0.125265,0.073363,0.16817,0.062649,2.5961,0.202013,0.394009,0.191996,-0.385982,0.40062,0.000016,-0.000293,667.196147,775.2119,
51,36,true,51,51,0,2,12,-10,5.1222,-7.506688,-12.7756,5.2689,5.316,-16.583131,-28.6507,-17.434067,-22.1759,-19.546201,-21.53,-22.508617,-23.0553,-26.472036,-25.3182,561.342471,463.4253,1.2113,false,0.000484,0.000105,0.000379,1.7006,1.659798,0.629461,0.91762,0.416388,0.213222,0.249435,0.122704,0.082517,0.177232,0.077729,2.6113,0.201306,0.408414,0.207108,-0.384429,0.404945,0.000015,-0.000337,699.965444,713.3445,
51,40,true,51,51,0,2,14,-12,5.0322,-6.715846,-10.8707,4.1548,3.8913,-15.808526,-24.8673,-16.843372,-19.9264,-18.944009,-19.5238,-21.975739,-21.0977,-25.989401,-23.251,579.879727,510.154,1.1367,false,0.000576,0.000264,0.000312,1.8604,1.704426,0.645705,1.001653,0.432961,0.255514,0.261422,0.123622,0.088058,0.181097,0.084785,2.6146,0.200834,0.425364,0.22453,-0.383356,0.40799,0.000015,-0.00037,721.906744,710.1531,
51,45,true,51,51,0,2,12,-10,5.1077,-5.788544,-10.2154,4.4269,3.8587,-14.926859,-24.2051,-16.123536,-19.2897,-18.233237,-18.883,-21.353973,-20.4434,-25.422733,-22.5844,605.160042,526.0688,1.1503,false,0.000705,0.00036,0.000345,1.9277,1.753692,0.650395,1.100214,0.431991,0.31295,0.264859,0.128987,0.089775,0.182622,0.085205,2.6707,0.200362,0.431583,0.231221,-0.382235,0.413362,0.000014,-0.000369,757.965638,713.2235,
51,49,true,51,51,0,2,12,-10,5.0341,-5.088146,-9.638,4.5499,3.7403,-14.283447,-24.1342,-15.562695,-18.9799,-17.693863,-18.3499,-20.889909,-19.8609,-24.995994,-22.0401,623.923235,536.1496,1.1637,false,0.000821,0.000488,0.000333,1.9269,1.788102,0.658719,1.172999,0.436032,0.360992,0.26805,0.136736,0.091863,0.181996,0.084809,2.6889,0.200077,0.433389,0.233312,-0.381511,0.410341,0.000013,-0.000382,781.717881,719.2595,
51,54,true,51,51,0,2,12,-10,5.4133,-4.259504,-9.2516,4.9921,3.9758,-13.544127,-24.2299,-14.883562,-18.707,-17.052648,-17.9591,-20.346728,-19.5533,-24.492137,-21.7023,648.135057,542.7214,1.1942,false,0.000988,0.000554,0.000434,1.9964,1.825219,0.658203,1.255613,0.441021,0.421651,0.269866,0.150515,0.093076,0.180008,0.08625,2.8061,0.199823,0.438901,0.239078,-0.380804,0.415254,0.000012,-0.000373,814.965558,724.8661,
51,61,true,51,51,0,2,12,-10,5.6288,-3.189929,-8.8217,5.6318,4.2008,-12.601563,-24.2682,-13.982838,-18.2514,-16.210857,-17.4914,-19.645276,-19.0768,-23.834527,-21.2301,682.390277,555.3265,1.2288,true,0.00127,0.000656,0.000614,2.036,1.866909,0.663001,1.354599,0.43948,0.503948,0.26986,0.176355,0.093504,0.176915,0.085053,3.036,0.199622,0.441111,0.241489,-0.380123,0.420162,0.000011,-0.000383,863.8262,729.4317,
51,69,true,51,51,0,2,14,-12,5.5604,-2.073461,-7.9189,5.8455,4.2365,-11.617785,-21.9885,-13.029893,-17.2083,-15.321001,-16.7827,-18.912598,-18.3798,-23.139101,-20.4916,717.91144,580.1797,1.2374,true,0.001651,0.000874,0.000777,2.1147,1.901231,0.674264,1.443231,0.443335,0.58884,0.273878,0.212225,0.096582,0.175301,0.086786,3.2056,0.19955,0.444669,0.245119,-0.379679,0.415379,0.00001,-0.000394,916.354669,750.2011,
51,77,true,51,51,0,2,10,-8,5.5755,-1.04912,-7.3448,6.2957,4.3567,-10.704216,-21.7476,-12.152335,-16.6725,-14.49993,-16.2219,-18.237392,-17.8248,-22.491969,-19.9567,755.393024,600.0461,1.2589,true,0.002127,0.001064,0.001063,2.1346,1.922967,0.684321,1.506249,0.448941,0.659436,0.278085,0.250643,0.097576,0.177072,0.086675,3.3038,0.199578,0.445693,0.246115,-0.37947,0.412271,0.000009,-0.000398,978.848405,770.215,
51,85,true,51,51,0,2,12,-10,5.5025,-0.128424,-7.1439,7.0154,4.7581,-9.843424,-21.6561,-11.338654,-16.6755,-13.738534,-16.0191,-17.606463,-17.5952,-21.885793,-19.754,792.869459,599.667,1.3222,true,0.002682,0.001145,0.001537,2.2918,1.933721,0.680804,1.545275,0.446517,0.713253,0.279105,0.287539,0.098594,0.182097,0.088131,3.4068,0.199656,0.445961,0.246305,-0.379407,0.407005,0.000008,-0.000405,1042.994027,772.466,
51,93,true,51,51,0,2,12,-10,5.6552,0.58798,-6.7923,7.3803,4.9313,-9.036973,-20.9259,-10.576878,-16.0933,-13.028107,-15.5794,-17.010552,-17.1726,-21.314956,-19.3018,840.499443,622.7387,1.3497,true,0.003265,0.001297,0.001968,2.3893,1.934964,0.686896,1.56263,0.445638,0.749704,0.280933,0.31985,0.098873,0.189301,0.089847,3.4515,0.199624,0.448179,0.248555,-0.379195,0.40879,0.000008,-0.00041,1143.96971,788.2928,
51,101,true,51,51,0,2,12,-10,6.0298,1.015662,-5.0121,6.0277,4.0326,-8.316261,-21.2072,-9.870964,-14.8801,-12.360784,-14.1046,-16.443423,-15.7067,-20.773913,-17.8143,886.887545,672.8637,1.3181,true,0.003813,0.002143,0.00167,2.4805,1.927981,0.70071,1.560916,0.459755,0.769588,0.290177,0.34579,0.101484,0.197331,0.089262,3.3441,0.198823,0.453901,0.255078,-0.377595,0.405741,0.000008,-0.000409,1246.22364,849.5944,
51,109,true,51,51,0,2,14,-12,5.9073,1.293756,-4.3647,5.6584,3.8108,-7.675765,-19.5586,-9.230034,-14.1926,-11.729743,-13.3271,-15.900684,-14.9422,-20.258306,-17.0747,930.244702,709.3257,1.3114,true,0.004279,0.002595,0.001684,2.5558,1.913975,0.706039,1.543032,0.461558,0.774772,0.296312,0.364693,0.103115,0.204916,0.088381,3.3125,0.197044,0.458535,0.261491,-0.374004,0.409012,0.000008,-0.000402,1352.194397,887.7207,
51,117,true,51,51,0,2,12,-10,5.9767,1.487253,-3.0111,4.4984,3.1172,-7.092305,-19.2537,-8.650872,-12.9963,-11.132316,-12.1941,-15.379361,-13.7273,-19.764799,-15.7995,975.430084,751.3194,1.2983,true,0.004663,0.003407,0.001256,2.7139,1.893931,0.71475,1.51169,0.464224,0.767625,0.298716,0.376909,0.106324,0.211287,0.088588,3.3261,0.194515,0.459276,0.264761,-0.368541,0.401923,0.000007,-0.000392,1471.825894,937.0231,
51,124,true,51,51,0,2,14,-12,5.7993,1.583625,-1.5679,3.1516,2.2333,-6.615635,-17.2753,-8.183952,-11.652,-10.639509,-10.7977,-14.939202,-12.4032,-19.349182,-14.485,1021.550745,798.0185,1.2801,true,0.004958,0.004491,0.000467,2.6942,1.872207,0.726625,1.475466,0.466078,0.75345,0.301154,0.382827,0.108763,0.215523,0.086676,3.3077,0.191896,0.46782,0.275924,-0.36239,0.408262,0.000007,-0.000382,1594.990362,998.8196,
52,14,false,51,54,0.3333,2,10.6667,-8.6667,4.7558,-12.900256,-20.0067,7.1065,8.7557,-21.199231,-38.0656,-22.288257,-28.6158,-23.706174,-28.6354,-26.431911,-30.4183,-30.026331,-32.6016,453.888927,442.0343,1.0268,false,0.000131,0.000013,0.000118,1.4111,0.979656,1.097437,0.250184,0.680079,0.073839,0.340181,0.129014,0.128376,0.07192,0.09226,4.1768,0.204367,0.711265,0.506898,-0.391456,0.194131,0.000183,0.00042767,566.260919,1004.2168,
52,31,false,51,54,0.3333,2,11.3333,-9.3333,4.0837,-8.785614,-16.5128,7.7271,8.2557,-17.49382,-29.3017,-19.016762,-25.041,-20.573145,-25.2706,-23.633236,-27.1196,-27.509724,-29.3533,541.255594,481.5249,1.124,false,0.000362,0.000047,0.000315,1.6428,1.214297,1.385699,0.53361,0.864553,0.108209,0.498748,0.127186,0.193206,0.146963,0.155784,4.3038,0.202076,0.710677,0.508601,-0.386615,0.185109,0.000185,0.001131,679.597891,871.8239,
52,36,false,51,54,0.3333,2,11.3333,-9.3333,4.4018,-7.738321,-13.8173,6.0789,6.4034,-16.599614,-28.211,-18.145218,-22.7873,-19.772,-22.7461,-22.924375,-24.5585,-26.875553,-26.7932,566.974337,514.602,1.1018,false,0.000473,0.000197,0.000276,1.7165,1.269313,1.422742,0.62022,0.899012,0.13259,0.547393,0.123211,0.217036,0.162196,0.189343,3.9091,0.201143,0.722203,0.52106,-0.3847,0.187712,0.000184,0.001297,713.439334,797.106,
52,40,false,51,54,0.3333,2,12.6667,-10.6667,4.963,-6.948974,-12.0834,5.1345,4.9749,-15.920471,-26.0482,-17.488665,-20.8153,-19.167138,-20.7516,-22.390419,-22.5961,-26.398246,-24.8248,587.650352,555.8192,1.0573,false,0.000577,0.00044,0.000137,1.7791,1.308798,1.437968,0.687459,0.910748,0.157166,0.572415,0.121132,0.227168,0.170964,0.205124,3.484,0.200395,0.732691,0.532296,-0.383165,0.189532,0.000183,0.00148633,739.414817,776.2507,
52,45,false,51,54,0.3333,2,14,-12,4.4786,-6.014918,-11.2376,5.2227,4.8006,-15.108523,-24.24,-16.719479,-19.9018,-18.453503,-20.0695,-21.761529,-21.7929,-25.836106,-24.007,613.221304,581.8265,1.054,false,0.000724,0.000726,0.000002,1.8605,1.352662,1.452393,0.767418,0.899591,0.193129,0.582432,0.120783,0.232251,0.177948,0.209639,2.9165,0.199502,0.73954,0.540038,-0.381321,0.192099,0.000182,0.00148667,771.042494,774.8524,
52,49,false,51,54,0.3333,2,12.6667,-10.6667,4.7566,-5.312325,-10.2749,4.9626,4.316,-14.486624,-24.0205,-16.142728,-19.25,-17.914472,-19.1515,-21.287153,-20.8339,-25.411838,-23.085,635.041556,602.5955,1.0538,true,0.000852,0.001349,0.000497,1.8736,1.383508,1.435651,0.827204,0.892176,0.224948,0.581596,0.122681,0.238194,0.180849,0.206563,2.518,0.198841,0.741223,0.542382,-0.379946,0.192563,0.000181,0.001397,803.369282,773.3157,
52,54,false,51,54,0.3333,2,12,-10,5.1481,-4.488265,-9.6481,5.1599,4.3632,-13.743937,-23.7771,-15.464274,-18.8054,-17.277479,-18.5897,-20.727118,-20.3211,-24.910385,-22.5357,657.908106,610.1371,1.0783,true,0.001023,0.001819,0.000796,1.9686,1.417024,1.470967,0.895833,0.916718,0.266855,0.602234,0.127959,0.247429,0.182005,0.215125,2.2114,0.1981,0.74125,0.54315,-0.378386,0.195507,0.00018,0.00141733,828.161637,772.6052,
52,61,false,51,54,0.3333,2,11.3333,-9.3333,5.8228,-3.411969,-9.1788,5.7668,4.5267,-12.769936,-24.2061,-14.580899,-18.458,-16.447823,-17.9816,-19.998147,-19.7556,-24.255902,-21.957,694.778073,624.8982,1.1118,true,0.001306,0.002294,0.000988,2.0563,1.455118,1.483128,0.979246,0.913004,0.326187,0.60529,0.140648,0.250008,0.180935,0.214326,1.8302,0.19723,0.742275,0.545045,-0.376525,0.19886,0.000178,0.00134733,884.193707,779.5667,
52,69,false,51,54,0.3333,2,14,-12,5.3607,-2.298934,-8.4981,6.1992,4.7093,-11.747108,-21.5492,-13.647161,-17.5188,-15.576887,-17.4996,-19.232986,-19.173,-23.565875,-21.3454,734.216736,645.0937,1.1382,true,0.001677,0.002696,0.001019,2.1605,1.48714,1.511739,1.05533,0.921827,0.389916,0.615112,0.161398,0.258544,0.178687,0.219169,1.5668,0.196469,0.742941,0.546472,-0.374851,0.19658,0.000175,0.001317,942.247467,792.9413,
52,77,false,51,54,0.3333,2,9.3333,-7.3333,5.8775,-1.265612,-7.8949,6.6293,4.8262,-10.806872,-22.1327,-12.779039,-16.9148,-14.774963,-16.9034,-18.528057,-18.585,-22.926717,-20.7439,769.809682,665.0899,1.1575,true,0.002083,0.003087,0.001004,2.2398,1.508237,1.53491,1.110812,0.928186,0.444818,0.625208,0.18613,0.266986,0.177572,0.222989,1.4123,0.195923,0.745738,0.549815,-0.373606,0.194504,0.000173,0.00120767,1002.073247,808.7696,
52,85,false,51,54,0.3333,2,12,-10,5.6582,-0.344382,-7.4642,7.1198,5.0845,-9.931386,-21.2422,-11.966095,-16.7144,-14.029504,-16.4927,-17.87183,-18.1871,-22.328152,-20.3492,802.393086,673.262,1.1918,true,0.002567,0.003819,0.001252,2.2942,1.519775,1.545655,1.146678,0.933553,0.48817,0.635748,0.211746,0.273132,0.178563,0.227236,1.2962,0.19555,0.745576,0.550026,-0.372717,0.192175,0.000171,0.00117567,1054.168315,815.3575,
52,93,false,51,54,0.3333,2,12,-10,5.777,0.460669,-6.9433,7.404,5.1877,-9.111708,-20.4282,-11.198965,-16.0713,-13.330275,-15.9967,-17.25515,-17.6736,-21.76219,-19.8018,845.815678,699.5772,1.209,true,0.003139,0.004491,0.001352,2.3789,1.523029,1.552417,1.164596,0.935489,0.518917,0.638623,0.235569,0.273146,0.181542,0.224495,1.2423,0.195252,0.744673,0.549421,-0.37201,0.193957,0.000169,0.001054,1144.03584,832.9436,
52,101,false,51,54,0.3333,2,12,-10,6.1948,0.926796,-5.5263,6.4531,4.5305,-8.372662,-20.4347,-10.472945,-15.0453,-12.669314,-14.7397,-16.671213,-16.4324,-21.222973,-18.5306,896.013239,746.9479,1.1996,true,0.00375,0.005823,0.002073,2.4536,1.519115,1.600358,1.166561,0.967751,0.537272,0.66677,0.255793,0.284957,0.185819,0.227886,1.2366,0.19454,0.74895,0.55441,-0.370564,0.193095,0.000168,0.00093533,1253.52883,879.4415,
52,109,false,51,54,0.3333,2,14,-12,6.1278,1.216962,-4.8336,6.0506,4.2704,-7.716858,-18.7437,-9.802426,-14.3332,-12.04034,-13.9538,-16.114849,-15.6159,-20.70623,-17.7232,949.312727,783.9383,1.211,true,0.004344,0.007198,0.002854,2.4841,1.509089,1.634011,1.154956,0.981487,0.544461,0.689146,0.271494,0.293319,0.190511,0.229053,1.2609,0.193008,0.749461,0.556453,-0.367464,0.196439,0.000166,0.00075867,1373.142813,915.4752,
52,117,false,51,54,0.3333,2,11.3333,-9.3333,6.2482,1.424504,-3.3535,4.778,3.3784,-7.119766,-18.0557,-9.196727,-12.9253,-11.439333,-12.5638,-15.58233,-14.1914,-20.208965,-16.2471,1005.026745,831.7117,1.2084,true,0.004894,0.009199,0.004305,2.571,1.493829,1.665075,1.132068,0.983343,0.542222,0.698738,0.282591,0.302487,0.194946,0.226533,1.2834,0.190748,0.744053,0.553305,-0.362587,0.193355,0.000165,0.00046433,1504.179479,970.124,
52,124,false,51,54,0.3333,2,14,-12,6.3898,1.567136,-1.554,3.1211,2.2201,-6.630622,-16.3184,-8.713428,-11.3459,-10.93818,-10.8938,-15.133908,-12.5847,-19.78825,-14.6627,1059.609941,891.6155,1.1884,true,0.005349,0.01217,0.006821,2.5764,1.476842,1.646436,1.104645,0.97054,0.534156,0.685114,0.288829,0.305344,0.198268,0.211129,1.2774,0.188358,0.745488,0.55713,-0.356967,0.200439,0.000163,0.000295,1634.386155,1044.9446,
53,14,false,51,54,0.6667,2,11.3333,-9.3333,1.6716,-13.196831,-20.504,7.3072,10.3791,-21.406548,-34.754,-22.380819,-28.8824,-23.269282,-29.7365,-26.34764,-31.9575,-29.944475,-34.0336,452.150912,512.8907,1.1343,false,0.000138,0.000022,0.000116,1.5207,1.175081,2.206268,0.175854,1.354044,0.090795,0.629342,0.120066,0.28355,0.054245,0.199483,7.3393,0.203027,1.051373,0.848346,-0.389032,-0.006365,0.00006,0.00112233,559.182117,1162.6227,
53,31,false,51,54,0.6667,2,10.6667,-8.6667,2.1676,-9.075089,-17.1398,8.0647,9.6357,-17.763081,-29.2687,-19.044161,-25.4147,-20.147475,-26.1463,-23.554323,-28.4207,-27.442595,-30.4874,539.324255,545.8435,1.0121,false,0.000394,0.000065,0.000329,1.8216,1.507775,3.152482,0.416659,1.924976,0.103823,1.092885,0.134633,0.508819,0.131423,0.387376,9.6895,0.20353,1.027344,0.823814,-0.389525,-0.030401,0.000058,0.002555,671.862906,980.4765,
53,36,false,51,54,0.6667,2,10.6667,-8.6667,2.5381,-8.031509,-14.859,6.8275,7.9692,-16.818129,-27.7712,-18.214219,-23.3988,-19.36639,-23.9622,-22.861682,-26.0616,-26.821976,-28.2682,566.618718,571.4302,1.0085,false,0.000513,0.000288,0.000225,1.7538,1.58724,3.215757,0.496009,1.941033,0.121492,1.201269,0.131323,0.570848,0.152897,0.461228,9.2117,0.20317,1.035992,0.832822,-0.388719,-0.029522,0.000056,0.002931,709.957326,890.7029,
53,40,false,51,54,0.6667,2,11.3333,-9.3333,3.8405,-7.245131,-13.2962,6.051,6.5209,-16.109712,-27.2291,-17.585458,-21.7043,-18.779634,-21.9794,-22.342781,-24.0944,-26.356836,-26.3987,587.229315,605.572,1.0312,false,0.000622,0.000615,0.000007,1.7097,1.64467,3.202316,0.558984,1.915788,0.140541,1.25337,0.129473,0.586036,0.167215,0.496267,8.3922,0.202777,1.040018,0.837241,-0.387876,-0.028925,0.000055,0.00334267,733.665527,848.5003,
53,45,false,51,54,0.6667,2,16,-14,2.9139,-6.321585,-12.2599,5.9383,6.1778,-15.280974,-24.275,-16.838027,-20.5138,-18.089631,-21.256,-21.733811,-23.1424,-25.810526,-25.4295,615.266056,643.494,1.0459,true,0.000778,0.001091,0.000313,1.7896,1.708922,3.243331,0.635316,1.873336,0.170328,1.280781,0.12747,0.600844,0.181028,0.515797,7.158,0.202196,1.047498,0.845302,-0.386644,-0.029165,0.000053,0.00334233,772.476945,841.8066,
53,49,false,51,54,0.6667,2,13.3333,-11.3333,3.6322,-5.621781,-10.9119,5.2901,5.3008,-14.658434,-23.9067,-16.269159,-19.5201,-17.569432,-19.9532,-21.275368,-21.8069,-25.398795,-24.1299,635.626993,677.2761,1.0655,true,0.000921,0.002209,0.001288,1.8523,1.754447,3.12894,0.693381,1.825504,0.198268,1.261905,0.126687,0.617619,0.188861,0.503111,6.1071,0.201688,1.049056,0.847368,-0.385573,-0.025215,0.000051,0.003176,793.707492,831.4344,
53,54,false,51,54,0.6667,2,12,-10,4.1349,-4.793215,-10.0447,5.2515,5.1237,-13.924959,-23.3244,-15.591796,-18.9038,-16.955084,-19.2204,-20.734392,-21.0888,-24.912245,-23.3691,664.848849,685.9269,1.0317,true,0.001122,0.003085,0.001963,1.9109,1.804319,3.28735,0.761073,1.905514,0.236919,1.343949,0.127236,0.657755,0.195148,0.536563,5.4834,0.201027,1.043599,0.842572,-0.384181,-0.024241,0.000048,0.00320767,839.740523,823.4883,
53,61,false,51,54,0.6667,2,10.6667,-8.6667,5.3793,-3.726086,-9.5359,5.8099,5.1742,-12.970374,-24.1439,-14.701154,-18.6646,-16.154394,-18.4718,-20.02951,-20.4344,-24.276705,-22.684,695.625531,703.1858,1.0109,true,0.001445,0.003931,0.002486,1.9976,1.86173,3.317746,0.844948,1.896733,0.294545,1.357652,0.131419,0.668462,0.199006,0.540085,4.7975,0.200112,1.04344,0.843328,-0.382243,-0.022443,0.000045,0.00307767,869.069019,833.1476,
53,69,false,51,54,0.6667,2,14,-12,4.6067,-2.604072,-9.0773,6.4733,5.4487,-11.965476,-21.1098,-13.756136,-17.8293,-15.311522,-18.2166,-19.286795,-19.9662,-23.604184,-22.1992,741.132879,717.2708,1.0333,true,0.00191,0.004518,0.002608,2.2256,1.911012,3.389405,0.923383,1.916757,0.359629,1.381501,0.141199,0.692107,0.199374,0.553488,4.6436,0.199145,1.041213,0.842068,-0.380177,-0.02222,0.000041,0.003028,943.423129,838.1165,
53,77,false,51,54,0.6667,2,8.6667,-6.6667,5.6692,-1.581313,-8.445,6.8637,5.5159,-11.034836,-22.5178,-12.877314,-17.157,-14.531892,-17.5849,-18.598614,-19.3452,-22.977814,-21.5311,780.428853,737.1844,1.0587,true,0.002442,0.005109,0.002667,2.3064,1.944661,3.442755,0.982404,1.919026,0.418152,1.405632,0.155275,0.730521,0.198374,0.573684,4.4805,0.198309,1.045782,0.847473,-0.378374,-0.023263,0.000038,0.00281333,1002.87902,849.2541,
53,85,false,51,54,0.6667,2,12,-10,5.3211,-0.610152,-7.7845,7.1744,5.5942,-10.163122,-20.8283,-12.053664,-16.7534,-13.803143,-16.9664,-17.954049,-18.7789,-22.387909,-20.9445,812.058514,755.8891,1.0743,true,0.002986,0.006492,0.003506,2.3384,1.964577,3.509157,1.022448,1.95182,0.466206,1.448114,0.171923,0.756651,0.197884,0.585903,4.2142,0.197633,1.04519,0.847557,-0.376898,-0.022655,0.000035,0.00275633,1055.094116,860.6306,
53,93,false,51,54,0.6667,2,12,-10,5.4071,0.234623,-7.0943,7.3289,5.5997,-9.339022,-19.9306,-11.275896,-16.0494,-13.115284,-16.414,-17.344273,-18.1747,-21.826545,-20.3018,840.503005,785.8966,1.0695,true,0.003545,0.007685,0.00414,2.4683,1.97255,3.508534,1.044899,1.963789,0.501903,1.45173,0.19006,0.754593,0.198673,0.560932,3.8218,0.197106,1.041168,0.844062,-0.375735,-0.020876,0.000032,0.002518,1109.423731,880.1235,
53,101,false,51,54,0.6667,2,12,-10,5.858,0.787087,-6.0405,6.8276,5.1649,-8.580869,-19.6622,-10.538454,-15.2105,-12.460621,-15.3748,-16.762551,-17.1581,-21.28773,-19.2468,882.092879,829.189,1.0638,true,0.004145,0.009502,0.005357,2.5186,1.970086,3.655071,1.051603,2.037045,0.524941,1.532109,0.206402,0.800133,0.200748,0.581795,3.7436,0.196386,1.043999,0.847613,-0.37424,-0.019552,0.00003,0.00227967,1197.864321,910.3371,
53,109,false,51,54,0.6667,2,14,-12,5.8359,1.150073,-5.3026,6.4526,4.8548,-7.906174,-17.9288,-9.854434,-14.4738,-11.833235,-14.5804,-16.204107,-16.2896,-20.767723,-18.3716,933.773128,866.3991,1.0778,true,0.004765,0.011801,0.007036,2.6617,1.958706,3.781648,1.044877,2.087096,0.536274,1.602777,0.219894,0.834371,0.203646,0.593626,3.6729,0.19495,1.040386,0.845436,-0.371278,-0.016134,0.000029,0.00191933,1312.126164,944.0975,
53,117,false,51,54,0.6667,2,10.6667,-8.6667,5.9895,1.391094,-3.6959,5.087,3.759,-7.294663,-16.8578,-9.235894,-12.8543,-11.229446,-12.9334,-15.665819,-14.6556,-20.264326,-16.6946,990.756231,920.7062,1.0761,true,0.00537,0.014992,0.009622,2.7142,1.939688,3.878944,1.026961,2.082967,0.537546,1.634443,0.230175,0.860559,0.206888,0.579281,3.6247,0.192804,1.02883,0.836026,-0.366561,-0.015213,0.000028,0.00132067,1440.553543,1004.3942,
53,124,false,51,54,0.6667,2,14,-12,6.4303,1.547727,-1.5401,3.0878,2.3257,-6.794925,-15.3616,-8.742191,-11.0398,-10.722522,-10.9899,-15.209805,-12.7662,-19.836515,-14.8403,1045.808139,996.1901,1.0498,true,0.005878,0.01985,0.013972,2.7109,1.917745,3.730608,1.003943,2.021007,0.532058,1.558607,0.236566,0.857232,0.209699,0.514278,3.5172,0.190533,1.023155,0.832622,-0.361103,-0.007384,0.000027,0.000972,1566.098138,1093.1997,
54,14,true,54,54,0,2,12,-10,2.8244,-13.474825,-21.0014,7.5266,11.859,-21.686946,-31.4424,-22.089249,-29.149,-23.222223,-30.8377,-26.406896,-33.4967,-30.045481,-35.4657,462.702584,595.1052,1.2862,false,0.000151,0.00003,0.000121,1.6696,0.995368,4.43544,0.121438,2.695915,0.104976,1.164294,0.111218,0.626287,0.037574,0.431317,20.587,0.198512,1.391481,1.192969,-0.379795,-0.20686,0,0.001817,553.187982,1346.0156,
54,31,true,54,54,0,2,10,-8,2.1346,-9.353783,-17.7669,8.4131,11.0508,-17.989453,-29.2356,-18.341133,-25.7885,-20.043029,-27.022,-23.440305,-29.7219,-27.338567,-31.6215,548.363117,618.7533,1.1284,false,0.000419,0.000082,0.000337,1.9986,1.32891,7.171936,0.316212,4.286064,0.093914,2.394792,0.155886,1.340006,0.095528,0.963257,23.1421,0.200308,1.344012,1.143704,-0.382567,-0.245912,0.000003,0.003979,669.848186,1102.67,
54,36,true,54,54,0,2,10,-8,2.1082,-8.307579,-15.9007,7.5931,9.6149,-17.069715,-27.3314,-17.381808,-24.0103,-19.267089,-25.1783,-22.719132,-27.5648,-26.679725,-29.7432,573.337991,634.534,1.1067,false,0.000536,0.00038,0.000156,1.7822,1.409943,7.268426,0.388129,4.190831,0.102299,2.636221,0.156913,1.501443,0.117235,1.123522,23.5641,0.200351,1.349781,1.14943,-0.382533,-0.246755,0.000003,0.004565,699.210462,995.29,
54,40,true,54,54,0,2,10,-8,3.4793,-7.515943,-14.5089,6.993,8.1803,-16.377395,-28.41,-16.664401,-22.5932,-18.687386,-23.2072,-22.181715,-25.5927,-26.19007,-27.9726,595.90506,659.7784,1.1072,false,0.000646,0.000791,0.000145,1.6285,1.468823,7.131472,0.446783,4.029922,0.112771,2.744403,0.155528,1.511828,0.133437,1.200643,22.4353,0.200269,1.347345,1.147076,-0.382297,-0.247383,0.000003,0.005199,733.998169,927.4745,
54,45,true,54,54,0,2,18,-16,2.1755,-6.585409,-13.2821,6.6967,7.7073,-15.560506,-24.31,-15.828276,-21.1258,-18.006606,-22.4424,-21.55385,-24.4919,-25.619623,-26.852,620.43187,711.6977,1.1471,true,0.000807,0.001457,0.00065,1.7056,1.535023,7.242663,0.51944,3.901092,0.13069,2.81647,0.15256,1.554406,0.151,1.269071,20.0901,0.200046,1.355455,1.155409,-0.381783,-0.250428,0.000002,0.005198,760.579266,914.5463,
54,49,true,54,54,0,2,14,-12,2.678,-5.865807,-11.5488,5.683,6.466,-14.942159,-23.793,-15.204916,-19.7902,-17.492204,-20.7549,-21.083151,-22.7798,-25.192871,-25.1748,643.064704,761.2119,1.1837,true,0.000961,0.00307,0.002109,1.7147,1.582159,6.819395,0.575739,3.735209,0.148818,2.737993,0.15017,1.60144,0.162428,1.225393,17.3028,0.199789,1.35689,1.157101,-0.381225,-0.242993,0.000002,0.004955,794.289546,893.9211,
54,54,true,54,54,0,2,12,-10,2.9689,-5.015333,-10.4412,5.4259,6.0961,-14.208733,-22.8717,-14.477349,-19.0021,-16.881845,-19.851,-20.529718,-21.8566,-24.691822,-24.2025,668.981573,771.1312,1.1527,true,0.001184,0.00435,0.003166,1.8161,1.634043,7.346643,0.64241,3.960853,0.175594,2.999162,0.148136,1.748549,0.173336,1.338294,16.2137,0.199392,1.345948,1.146556,-0.380382,-0.243988,0.000001,0.004998,826.711443,877.7225,
54,61,true,54,54,0,2,10,-8,4.3725,-3.898589,-9.8931,5.9945,6.071,-13.247325,-24.0818,-13.542582,-18.8712,-16.080286,-18.962,-19.811501,-21.1132,-24.04193,-23.4109,705.704522,791.2813,1.1213,true,0.001563,0.005569,0.004006,1.9327,1.694169,7.421773,0.726563,3.940394,0.218445,3.045184,0.148283,1.78731,0.182994,1.360969,13.3738,0.198743,1.344604,1.145861,-0.379016,-0.243745,0,0.004808,879.166631,890.4111,
54,69,true,54,54,0,2,14,-12,2.9095,-2.73354,-9.6565,6.923,6.4708,-12.228713,-20.6705,-12.571616,-18.1399,-15.229707,-18.9335,-19.05791,-20.7594,-23.359187,-23.0531,743.600997,797.5234,1.0725,true,0.002074,0.00634,0.004266,2.0077,1.74633,7.59924,0.806955,3.985517,0.270115,3.102759,0.153426,1.852729,0.188127,1.397775,11.398,0.197943,1.339485,1.141542,-0.37733,-0.241019,-0.000001,0.004739,930.583697,885.8654,
54,77,true,54,54,0,2,8,-6,4.2393,-1.662605,-8.9951,7.3325,6.5129,-11.281189,-22.9029,-11.679957,-17.3993,-14.439799,-18.2664,-18.361789,-20.1055,-22.726429,-22.3184,782.875256,817.0937,1.0437,true,0.002643,0.007132,0.004489,2.1517,1.782589,7.721989,0.868952,3.967588,0.319081,3.160229,0.163302,1.998838,0.189728,1.475917,11.5915,0.197161,1.345827,1.148666,-0.375674,-0.24103,-0.000002,0.004419,991.750322,891.7651,
54,85,true,54,54,0,2,12,-10,3.5715,-0.686474,-8.1049,7.4184,6.429,-10.391756,-20.4145,-10.848845,-16.7923,-13.701213,-17.4401,-17.711078,-19.3708,-22.132235,-21.5398,827.063558,848.6567,1.0261,true,0.003248,0.009166,0.005918,2.2522,1.804821,7.966971,0.912473,4.080755,0.361092,3.298529,0.176359,2.09613,0.19004,1.510685,11.3015,0.196456,1.344805,1.148349,-0.374171,-0.237485,-0.000003,0.004337,1073.522634,908.4174,
54,93,true,54,54,0,2,12,-10,3.4973,0.245605,-7.2453,7.4909,6.3482,-9.550489,-19.4329,-10.065546,-16.0275,-13.0053,-16.8313,-17.096816,-18.6757,-21.568707,-20.8017,861.757392,882.8668,1.0245,true,0.003827,0.010879,0.007052,2.3459,1.814826,7.929451,0.938536,4.12241,0.393703,3.300101,0.190675,2.084637,0.190358,1.401565,10.438,0.195861,1.337662,1.141801,-0.372894,-0.235709,-0.000004,0.003982,1137.906479,929.9758,
54,101,true,54,54,0,2,12,-10,3.885,0.817412,-6.5548,7.3722,6.1409,-8.774408,-18.8896,-9.330722,-15.3758,-12.344636,-16.0099,-16.51226,-17.8839,-21.030099,-19.963,891.640171,920.4852,1.0324,true,0.004358,0.013182,0.008824,2.4387,1.814237,8.347847,0.948809,4.287833,0.416088,3.520489,0.204567,2.246696,0.191214,1.485325,10.5174,0.194995,1.339048,1.144053,-0.3711,-0.232198,-0.000004,0.003624,1202.072865,942.3182,
54,109,true,54,54,0,2,14,-12,3.8358,1.166579,-5.7715,6.9381,5.7803,-8.083096,-17.1139,-8.656058,-14.6144,-11.713043,-15.2071,-15.952271,-16.9633,-20.51214,-19.0201,924.853974,957.5339,1.0353,true,0.004858,0.016404,0.011546,2.5031,1.804627,8.751999,0.945492,4.438135,0.428705,3.727648,0.216811,2.373437,0.192677,1.538475,10.5085,0.193364,1.331312,1.137948,-0.367624,-0.228707,-0.000005,0.00308,1284.816974,973.6146,
54,117,true,54,54,0,2,10,-8,3.9851,1.401858,-4.0383,5.4401,4.4756,-7.45902,-15.6598,-8.044546,-12.7833,-11.106228,-13.303,-15.41343,-15.1197,-20.012225,-17.1422,969.262646,1019.2232,1.0515,true,0.005338,0.020784,0.015446,2.5763,1.787295,9.036354,0.930809,4.412248,0.432802,3.823187,0.226822,2.448249,0.194586,1.481313,10.3802,0.191061,1.313607,1.122546,-0.362295,-0.223781,-0.000006,0.002177,1401.193232,1039.8751,
54,124,true,54,54,0,2,14,-12,4.7143,1.556857,-1.5262,3.083,2.7593,-6.951307,-14.4047,-7.555254,-10.7337,-10.59619,-11.086,-14.957707,-12.9478,-19.588668,-15.018,1015.760148,1113.0299,1.0958,true,0.005737,0.027529,0.021792,2.5607,1.766782,8.453065,0.910509,4.208453,0.430761,3.54577,0.233557,2.406616,0.19644,1.252702,9.9222,0.18872,1.300823,1.112103,-0.356271,-0.215207,-0.000007,0.001649,1521.18521,1143.6832,
55,14,false,54,57,0.3333,2,8.6667,-6.6667,2.8369,-13.792457,-23.5051,9.7126,13.0062,-21.923778,-39.6831,-22.064631,-31.421,-23.818778,-32.7564,-26.783092,-35.02,-30.412228,-36.6406,471.182824,563.7891,1.1965,false,0.00014,0.000023,0.000117,2.0085,0.794786,2.081758,0.103358,0.933906,0.120598,0.27533,0.085236,0.163651,0.034589,0.121005,8.3268,0.188348,1.434719,1.246371,-0.358786,-0.129588,-0.000555,0.00122233,574.478718,1512.4194,
55,31,false,54,57,0.3333,2,8.6667,-6.6667,2.513,-9.604334,-19.89,10.2857,11.9331,-18.317554,-31.8743,-18.439509,-27.412,-20.463766,-28.8543,-23.877122,-31.0409,-27.761465,-32.6929,560.500251,578.5348,1.0322,false,0.000397,0.000056,0.000341,2.2324,1.112319,3.173427,0.267767,1.393155,0.100185,0.719523,0.14921,0.355334,0.079931,0.332786,6.6209,0.189641,1.401479,1.211838,-0.359368,-0.134151,-0.000525,0.00266333,694.98762,1245.715,
55,36,false,54,57,0.3333,2,10,-8,2.1852,-8.531109,-17.0676,8.5365,9.896,-17.398472,-28.0615,-17.519665,-24.9064,-19.618235,-26.3254,-23.142173,-28.2689,-27.099182,-30.1568,587.768773,589.8892,1.0036,false,0.00052,0.000256,0.000264,2.0691,1.191186,3.386851,0.338336,1.340424,0.101336,1.047697,0.156001,0.493422,0.102224,0.479139,9.5,0.189726,1.399206,1.20948,-0.359211,-0.11311,-0.000513,0.00305233,728.559715,1084.5777,
55,40,false,54,57,0.3333,2,9.3333,-7.3333,3.4759,-7.721792,-15.2708,7.549,8.3343,-16.701835,-28.241,-16.825543,-23.1443,-18.982964,-24.2006,-22.588754,-26.1538,-26.602536,-28.1999,610.258497,620.8238,1.0173,false,0.000633,0.000557,0.000076,1.9677,1.248904,3.441566,0.398085,1.283056,0.105181,1.223521,0.157925,0.55966,0.120836,0.552792,10.7094,0.189717,1.400951,1.211234,-0.359002,-0.10929,-0.000504,0.003478,759.796594,992.2528,
55,45,false,54,57,0.3333,2,16,-14,2.4884,-6.762614,-13.8934,7.1308,7.7788,-15.875392,-25.1534,-16.005989,-21.7045,-18.236001,-23.2105,-21.937482,-24.947,-26.019579,-26.9907,638.034364,669.4416,1.0492,true,0.000795,0.001062,0.000267,2.0384,1.314234,3.525153,0.474288,1.232592,0.113583,1.317209,0.157242,0.611278,0.143195,0.601653,10.7394,0.189623,1.403612,1.213989,-0.35865,-0.107569,-0.000493,0.00347933,796.097254,967.5149,
55,49,false,54,57,0.3333,2,13.3333,-11.3333,2.9825,-6.03605,-12.0835,6.0474,6.7128,-15.247059,-23.813,-15.386007,-20.45,-17.672803,-21.7044,-21.446973,-23.3905,-25.580911,-25.483,659.606094,715.8733,1.0853,true,0.000942,0.002275,0.001333,2.0881,1.361054,3.417522,0.534759,1.136823,0.123251,1.343597,0.155245,0.668195,0.159297,0.606657,10.1583,0.189492,1.401691,1.212199,-0.358304,-0.099871,-0.000485,0.00331933,822.864387,937.3371,
55,54,false,54,57,0.3333,2,11.3333,-9.3333,3.2771,-5.176463,-11.1734,5.9969,6.5135,-14.49927,-23.1167,-14.65195,-19.7857,-17.007569,-20.9176,-20.869154,-22.6134,-25.063722,-24.6829,687.713657,727.9093,1.0584,true,0.001153,0.003207,0.002054,2.1658,1.412927,3.6026,0.607814,1.163603,0.139016,1.442011,0.152205,0.724542,0.176381,0.646971,9.744,0.189271,1.395991,1.20672,-0.357798,-0.099994,-0.000475,0.00334467,861.954646,922.7545,
55,61,false,54,57,0.3333,2,10.6667,-8.6667,4.267,-4.056348,-10.4769,6.4205,6.4139,-13.515971,-23.8583,-13.693379,-19.3757,-16.140967,-19.9593,-20.11971,-21.7643,-24.391053,-23.8215,725.962683,756.7814,1.0425,true,0.0015,0.00429,0.00279,2.2141,1.473592,3.663584,0.702134,1.152946,0.167114,1.506343,0.148912,0.769865,0.194149,0.668877,8.5614,0.188878,1.395447,1.206569,-0.356977,-0.098384,-0.000462,0.00322067,915.638104,928.3824,
55,69,false,54,57,0.3333,2,13.3333,-11.3333,3.3642,-2.851846,-9.9254,7.0735,6.5992,-12.471977,-21.0881,-12.684338,-18.5494,-15.231379,-19.5784,-19.336052,-21.166,-23.684097,-23.2407,768.62203,770.7503,1.0028,true,0.001984,0.005168,0.003184,2.517,1.526963,3.740589,0.79455,1.176949,0.204602,1.561188,0.148535,0.809579,0.206661,0.68719,7.3214,0.188354,1.389349,1.200995,-0.355925,-0.096205,-0.000449,0.00317,976.186867,921.6906,
55,77,false,54,57,0.3333,2,8.6667,-6.6667,4.4898,-1.746274,-9.1415,7.3952,6.6032,-11.500392,-22.8697,-11.753616,-17.7374,-14.395589,-18.7994,-18.616104,-20.45,-23.030613,-22.4727,805.299373,795.2333,1.0127,true,0.002516,0.006124,0.003608,2.5699,1.564867,3.793726,0.867754,1.174726,0.242948,1.612656,0.152279,0.872592,0.213167,0.717748,6.415,0.187805,1.392958,1.205153,-0.354835,-0.098948,-0.000438,0.002956,1024.521007,925.9998,
55,85,false,54,57,0.3333,2,12,-10,3.9262,-0.715974,-7.8552,7.1392,6.1837,-10.589138,-20.1386,-10.888081,-16.7644,-13.62161,-17.6521,-17.947028,-19.3615,-22.419561,-21.3744,841.922913,855.8009,1.0165,true,0.003088,0.00897,0.005882,2.616,1.589037,3.911129,0.920892,1.185743,0.277818,1.717486,0.159395,0.974471,0.216273,0.741045,6.002,0.187283,1.383423,1.19614,-0.353793,-0.09879,-0.000429,0.002907,1090.644613,950.8496,
55,93,false,54,57,0.3333,2,12,-10,3.9663,0.201022,-7.1405,7.3416,6.2325,-9.728467,-19.4814,-10.076563,-16.1146,-12.898638,-17.1312,-17.318907,-18.7821,-21.842454,-20.7694,881.669153,880.0072,1.0019,true,0.00372,0.010497,0.006777,2.7694,1.601248,3.908207,0.954655,1.188211,0.306403,1.734839,0.168568,0.991002,0.21792,0.709471,5.6057,0.186817,1.378873,1.192056,-0.352857,-0.100802,-0.000422,0.00267133,1155.620592,967.9832,
55,101,false,54,57,0.3333,2,12.6667,-10.6667,4.2044,0.799981,-6.0736,6.8736,5.7716,-8.934626,-18.593,-9.320232,-15.1103,-12.217805,-16.0444,-16.724652,-17.727,-21.293793,-19.714,927.809186,929.4277,1.0017,true,0.004369,0.013783,0.009414,2.8243,1.603094,4.094323,0.970637,1.240472,0.32737,1.85878,0.178437,1.092402,0.219201,0.741153,5.8502,0.186032,1.374481,1.188449,-0.35126,-0.102357,-0.000417,0.00243633,1256.276098,994.5736,
55,109,false,54,57,0.3333,2,14,-12,4.0943,1.17904,-5.2953,6.4743,5.5218,-8.224377,-17.1718,-8.629106,-14.3082,-11.572003,-15.3209,-16.158623,-16.9111,-20.769487,-18.8943,971.122989,971.0828,1,true,0.00501,0.016505,0.011495,2.9964,1.596114,4.263027,0.971173,1.269766,0.340655,1.970345,0.187856,1.142552,0.220624,0.747938,5.8252,0.184486,1.361845,1.177359,-0.347886,-0.102018,-0.000413,0.00207233,1347.343894,1026.425,
55,117,false,54,57,0.3333,2,10.6667,-8.6667,4.2152,1.426222,-3.5467,4.9729,4.3803,-7.585008,-15.5342,-8.003199,-12.5985,-10.955979,-13.5772,-15.61666,-15.2277,-20.266332,-17.2145,1018.4858,1040.6666,1.0218,true,0.005645,0.021315,0.01567,3.0102,1.581611,4.33955,0.958763,1.261652,0.347078,1.999316,0.196165,1.213955,0.222299,0.724302,5.9368,0.182281,1.345526,1.163245,-0.342543,-0.09943,-0.000411,0.00146733,1447.397947,1092.2917,
55,124,false,54,57,0.3333,2,14,-12,4.7901,1.582387,-1.5097,3.0921,3.035,-7.067493,-14.6737,-7.502424,-10.8674,-10.440925,-11.7008,-15.159941,-13.4256,-19.841705,-15.4577,1069.051589,1123.7382,1.0512,true,0.006202,0.027156,0.020954,2.9942,1.563725,4.163024,0.939419,1.257261,0.348118,1.924627,0.202212,1.237367,0.223937,0.640226,5.8779,0.180059,1.329004,1.148945,-0.336492,-0.097315,-0.00041,0.001115,1557.78246,1179.7809,
56,14,false,54,57,0.6667,2,5.3333,-3.3333,4.4176,-14.476007,-26.0088,11.5328,14.5932,-22.260707,-47.9237,-22.330504,-33.6931,-23.842442,-34.675,-26.719348,-36.5433,-30.333143,-37.8155,463.639983,534.1211,1.152,false,0.000155,0.000016,0.000139,2.3416,0.625684,0.977065,0.079476,0.323519,0.120479,0.06511,0.053219,0.042763,0.027641,0.033948,3.7275,0.174208,1.477957,1.303749,-0.330629,-0.052316,-0.000207,0.00062767,576.139419,1699.3951,
56,31,false,54,57,0.6667,2,7.3333,-5.3333,2.6757,-10.148117,-22.0131,11.865,13.0277,-18.665352,-34.5129,-18.98438,-29.0355,-20.690429,-30.6866,-24.10155,-32.36,-27.958365,-33.7642,556.904421,540.9305,1.0295,false,0.000472,0.000031,0.000441,2.4526,0.928082,1.404173,0.168452,0.452835,0.096055,0.216183,0.121567,0.094225,0.052313,0.114971,2.5936,0.172094,1.458947,1.286853,-0.322481,-0.022389,-0.000202,0.00134767,698.969554,1407.3167,
56,36,false,54,57,0.6667,2,10,-8,1.8305,-9.028673,-18.2345,9.2058,10.3062,-17.73605,-28.7917,-18.104269,-25.8025,-19.869637,-27.4724,-23.436195,-28.9731,-27.35353,-30.5704,587.157927,548.3855,1.0707,false,0.000619,0.000132,0.000487,2.32,1.005186,1.578163,0.217095,0.42873,0.090768,0.416379,0.135098,0.162154,0.067631,0.204335,4.2313,0.171601,1.44863,1.277029,-0.320666,0.020534,-0.000196,0.00153967,740.669976,1181.8754,
56,40,false,54,57,0.6667,2,8.6667,-6.6667,2.5769,-8.179876,-16.0327,7.8529,8.5534,-17.029658,-28.072,-17.430884,-23.6953,-19.24667,-25.1939,-22.930773,-26.7149,-26.895286,-28.4272,610.681565,584.1691,1.0454,false,0.000759,0.000322,0.000437,2.2523,1.062104,1.66086,0.260911,0.408502,0.089661,0.545475,0.142509,0.207179,0.081938,0.254513,5.5736,0.171259,1.454556,1.283297,-0.319433,0.028802,-0.00019,0.001757,768.641886,1061.5554,
56,45,false,54,57,0.6667,2,14,-12,2.2583,-7.178743,-14.5047,7.3259,7.8424,-16.190049,-25.9968,-16.625841,-22.2833,-18.508601,-23.9787,-22.329065,-25.4022,-26.351587,-27.1295,639.680172,629.6945,1.0159,false,0.00096,0.000668,0.000292,2.3969,1.127045,1.715765,0.319303,0.38945,0.092299,0.616033,0.147999,0.240388,0.100997,0.285237,6.1196,0.170891,1.45177,1.280879,-0.318148,0.03529,-0.000184,0.00176067,805.698687,1023.5514,
56,49,false,54,57,0.6667,2,12.6667,-10.6667,2.3385,-6.41489,-12.6181,6.2032,6.9006,-15.550925,-23.833,-16.010036,-21.1098,-17.949206,-22.654,-21.869719,-24.0011,-25.937892,-25.7912,663.167297,673.235,1.0152,true,0.001152,0.001481,0.000329,2.5734,1.173958,1.712682,0.367217,0.345996,0.097357,0.659335,0.150017,0.278802,0.116108,0.300339,6.2347,0.170641,1.446491,1.27585,-0.317303,0.04325,-0.000179,0.00168367,835.161195,982.8616,
56,54,false,54,57,0.6667,2,10.6667,-8.6667,2.6457,-5.519244,-11.9055,6.3863,6.8185,-14.789802,-23.3618,-15.274097,-20.5692,-17.286468,-21.9843,-21.320934,-23.3702,-25.445041,-25.1633,692.528141,687.11,1.0079,true,0.001434,0.002065,0.000631,2.6485,1.226342,1.76662,0.426623,0.341839,0.106879,0.693325,0.150575,0.300226,0.133636,0.312765,6.0176,0.170373,1.446033,1.27566,-0.316438,0.044001,-0.000174,0.00169133,873.018331,970.097,
56,61,false,54,57,0.6667,2,11.3333,-9.3333,3.2746,-4.35036,-11.0607,6.7103,6.5886,-13.788799,-23.6349,-14.303677,-19.8801,-16.421446,-20.9565,-20.596189,-22.4155,-24.795637,-24.2321,732.626201,723.7858,1.0122,true,0.001921,0.003011,0.00109,2.7158,1.28829,1.808442,0.505471,0.337348,0.125253,0.745134,0.149656,0.331611,0.154153,0.328734,5.5831,0.170059,1.446291,1.276232,-0.3155,0.046976,-0.000167,0.00163333,924.752387,967.973,
56,69,false,54,57,0.6667,2,12.6667,-10.6667,3.0253,-3.117725,-10.1942,7.0765,6.5177,-12.726515,-21.5057,-13.273725,-18.9589,-15.512627,-20.2233,-19.824145,-21.5726,-24.104295,-23.4284,780.864139,744.8759,1.0483,true,0.002589,0.003997,0.001408,2.9622,1.343679,1.841238,0.584919,0.347561,0.151392,0.785529,0.148733,0.353758,0.171053,0.337844,4.9292,0.169755,1.439213,1.269458,-0.314692,0.04861,-0.000161,0.001601,999.769943,958.9646,
56,77,false,54,57,0.6667,2,9.3333,-7.3333,4.0477,-1.997581,-9.2879,7.2903,6.4587,-11.738839,-22.8365,-12.319315,-18.0755,-14.676409,-19.3323,-19.105165,-20.7946,-23.458807,-22.6271,819.358103,773.9577,1.0587,true,0.003327,0.005115,0.001788,2.9665,1.384002,1.863815,0.64959,0.347814,0.179818,0.822934,0.149623,0.38093,0.181839,0.349045,4.3881,0.169486,1.440089,1.270603,-0.314059,0.043135,-0.000156,0.001493,1038.822664,961.5487,
56,85,false,54,57,0.6667,2,12,-10,3.6778,-0.981231,-7.6055,6.6243,5.689,-10.813509,-19.8627,-11.430705,-16.7364,-13.900576,-17.8641,-18.43239,-19.3521,-22.852316,-21.209,865.703965,863.0053,1.0031,true,0.004041,0.008774,0.004733,3.0437,1.410819,1.920044,0.697922,0.344541,0.207055,0.894265,0.15267,0.453023,0.188206,0.363509,4.1661,0.169247,1.422041,1.252794,-0.313543,0.039905,-0.000153,0.001477,1129.747769,995.2637,
56,93,false,54,57,0.6667,2,12,-10,3.9034,-0.006682,-7.0358,7.0291,5.8591,-9.939743,-19.5298,-10.598512,-16.2018,-13.174593,-17.4311,-17.798699,-18.8885,-22.278547,-20.737,896.437937,877.1569,1.022,true,0.004689,0.010116,0.005427,3.1668,1.42575,1.926247,0.729986,0.342481,0.230478,0.911993,0.157484,0.471106,0.191917,0.359133,3.834,0.169039,1.420085,1.251046,-0.31312,0.034105,-0.00015,0.00136067,1176.827719,1007.544,
56,101,false,54,57,0.6667,2,13.3333,-11.3333,4.0573,0.67466,-5.5924,6.2671,5.1417,-9.12368,-18.2964,-9.814949,-14.8447,-12.489746,-16.079,-17.197687,-17.5701,-21.73123,-19.4649,930.467505,938.4572,1.0086,true,0.005326,0.014384,0.009058,3.2169,1.430325,2.008121,0.74684,0.358869,0.248671,0.981416,0.163415,0.531154,0.194254,0.369824,3.8327,0.168708,1.409914,1.241206,-0.312445,0.027483,-0.000148,0.00124867,1249.086504,1049.7267,
56,109,false,54,57,0.6667,2,14,-12,3.9446,1.070962,-4.819,5.89,5.0039,-8.385547,-17.2297,-9.087285,-14.002,-11.838958,-15.4348,-16.624336,-16.859,-21.205235,-18.7685,972.593757,984.8235,1.0126,true,0.005977,0.016606,0.010629,3.3612,1.42607,2.076485,0.750328,0.363285,0.261223,1.041477,0.169689,0.550014,0.19602,0.363614,3.8768,0.167759,1.392377,1.224618,-0.310358,0.024671,-0.000147,0.00106467,1348.855003,1082.0999,
56,117,false,54,57,0.6667,2,11.3333,-9.3333,4.0724,1.329084,-3.0552,4.3843,4.03,-7.723565,-15.4087,-8.425508,-12.4136,-11.21693,-13.8515,-16.074896,-15.3357,-20.696852,-17.2867,1021.094085,1062.5612,1.0406,true,0.006637,0.021846,0.015209,3.3738,1.414274,2.083993,0.742545,0.360761,0.268524,1.045533,0.175747,0.601935,0.19757,0.354154,3.7897,0.165998,1.377445,1.211447,-0.306075,0.024921,-0.000146,0.00075767,1461.645145,1147.3504,
56,124,false,54,57,0.6667,2,14,-12,4.5068,1.496483,-1.4933,2.9897,3.0611,-7.191439,-14.9428,-7.899818,-11.001,-10.693759,-12.3156,-15.611712,-13.9035,-20.264851,-15.8974,1070.031445,1134.5495,1.0603,true,0.007199,0.026782,0.019583,3.3301,1.398719,2.050235,0.728306,0.375603,0.271285,1.044678,0.180529,0.636195,0.198854,0.327204,3.7495,0.164017,1.357185,1.193168,-0.300691,0.020578,-0.000146,0.000581,1576.394971,1217.018,
57,14,true,57,57,0,2,2,0,6.4804,-15.00049,-28.5125,13.512,14.9591,-22.519063,-56.1644,-22.040552,-35.9652,-23.708171,-36.5937,-27.876829,-38.0666,-34.57667,-38.9904,507.396606,506.0142,1.0027,false,0.000134,0.000009,0.000125,5.776,0.24952,0.458582,0.04299,0.112072,0.092502,0.015397,0.027627,0.011174,0.020216,0.009524,4.036,0.160371,1.521195,1.360824,-0.303192,0.024956,0.000944,0.000033,676.444334,1909.4861,
57,31,true,57,57,0,2,6,-4,3.5717,-10.61198,-24.1362,13.5243,12.6785,-18.89504,-37.1515,-18.519492,-30.659,-20.896001,-32.5189,-25.769753,-33.679,-32.084308,-34.8355,632.842971,505.7705,1.2512,false,0.000482,0.000005,0.000477,5.1581,0.39971,0.621316,0.076371,0.147191,0.088171,0.064953,0.07561,0.024986,0.027615,0.03972,2.447,0.153654,1.516414,1.36276,-0.285874,0.089372,0.000983,0.000032,840.502561,1589.8823,
57,36,true,57,57,0,2,10,-8,2.3393,-9.48078,-19.4014,9.9207,9.1966,-17.946577,-29.5218,-17.619512,-26.6986,-20.172866,-28.6194,-25.249949,-29.6773,-31.437367,-30.9841,671.625752,509.8019,1.3174,false,0.000668,0.000008,0.00066,4.8806,0.439625,0.735373,0.095334,0.137128,0.081869,0.165479,0.089623,0.053289,0.034144,0.087141,2.2005,0.151876,1.498055,1.346179,-0.281369,0.154179,0.00098,0.000027,887.056728,1287.9017,
57,40,true,57,57,0,2,8,-6,2.6489,-8.621369,-16.7946,8.1733,7.1877,-17.224173,-27.903,-16.943505,-24.2464,-19.622881,-26.1873,-24.857622,-27.276,-30.943601,-28.6545,704.20323,549.6786,1.2811,false,0.000852,0.000088,0.000764,4.7075,0.469524,0.801512,0.114029,0.13006,0.077827,0.243186,0.098685,0.076695,0.040946,0.117181,2.8828,0.150593,1.508162,1.357569,-0.278123,0.166895,0.000974,0.000036,925.425014,1135.6984,
57,45,true,57,57,0,2,12,-10,3.1233,-7.609972,-15.116,7.506,6.2348,-16.364537,-26.8403,-16.149933,-22.862,-18.968469,-24.7468,-24.39182,-25.8574,-30.353479,-27.2682,744.277625,592.3073,1.2566,true,0.001122,0.000273,0.000849,4.5508,0.504124,0.835098,0.141029,0.123051,0.075038,0.288107,0.106927,0.094534,0.051275,0.135228,3.5056,0.149175,1.499927,1.350752,-0.27454,0.178149,0.00096,0.000042,972.127528,1082.8333,
57,49,true,57,57,0,2,12,-10,2.8703,-6.839355,-13.1528,6.3134,5.3452,-15.709671,-23.8529,-15.552631,-21.7696,-18.469932,-23.6035,-24.035803,-24.6117,-29.901265,-26.0994,774.887797,633.1364,1.2239,true,0.001372,0.000686,0.000686,4.5577,0.529481,0.858306,0.164692,0.105305,0.074828,0.323551,0.11115,0.116329,0.060557,0.148689,3.9321,0.148194,1.491292,1.343098,-0.272052,0.186372,0.000946,0.000048,1006.226213,1030.5972,
57,54,true,57,57,0,2,10,-8,3.2588,-5.935205,-12.6377,6.7025,5.2882,-14.929337,-23.6069,-14.847468,-21.3527,-17.87633,-23.0509,-23.608048,-24.127,-29.358768,-25.6437,816.09129,648.5975,1.2582,true,0.001736,0.000922,0.000814,4.6556,0.558212,0.866304,0.195658,0.100424,0.076844,0.333354,0.113959,0.124404,0.072629,0.1512,3.9537,0.14715,1.496076,1.348926,-0.269389,0.187995,0.000926,0.000038,1055.856753,1019.8683,
57,61,true,57,57,0,2,12,-10,3.572,-4.758573,-11.6444,6.8859,4.8002,-13.902293,-23.4114,-13.926159,-20.3846,-17.097033,-21.9538,-23.03568,-23.0666,-28.639018,-24.6427,866.910364,692.2288,1.2523,true,0.002348,0.001732,0.000616,4.8258,0.592903,0.892695,0.239245,0.098707,0.082957,0.368591,0.114683,0.142838,0.088777,0.161563,4.0728,0.145994,1.497134,1.35114,-0.266405,0.192337,0.000899,0.000046,1105.390339,1009.2519,
57,69,true,57,57,0,2,12,-10,3.9796,-3.530022,-10.463,6.933,4.3374,-12.811529,-21.9233,-12.950565,-19.3684,-16.272312,-20.8681,-22.411098,-21.9792,-27.869467,-23.616,938.079524,719.8701,1.3031,true,0.003244,0.002825,0.000419,5.0277,0.624871,0.906316,0.285947,0.102637,0.093248,0.395248,0.113388,0.15458,0.104269,0.166095,3.925,0.145031,1.489077,1.344046,-0.263878,0.193424,0.000869,0.000032,1212.210397,997.7459,
57,77,true,57,57,0,2,10,-8,4.8745,-2.393603,-9.4342,7.0406,4.0985,-11.796974,-22.8033,-12.042687,-18.4136,-15.5062,-19.8653,-21.809929,-21.1391,-27.15314,-22.7814,986.16496,753.2514,1.3092,true,0.004292,0.004107,0.000185,5.0299,0.649119,0.915671,0.326286,0.102981,0.105694,0.419941,0.111986,0.166295,0.115744,0.169743,3.7162,0.14436,1.48722,1.34286,-0.262081,0.185217,0.000841,0.00003,1249.287961,998.4623,
57,85,true,57,57,0,2,12,-10,4.6643,-1.355921,-7.3558,5.9999,2.8875,-10.846801,-19.5868,-11.191274,-16.7085,-14.786177,-18.076,-21.22463,-19.3428,-26.485169,-21.0436,1064.361931,870.2704,1.223,true,0.005447,0.008578,0.003131,5.1717,0.6663,0.942584,0.358417,0.100113,0.118872,0.465628,0.111671,0.210606,0.123605,0.178314,3.6907,0.143899,1.460659,1.31676,-0.260827,0.1786,0.000817,0.000047,1386.096412,1041.7524,
57,93,true,57,57,0,2,12,-10,5.0404,-0.424743,-6.931,6.5063,3.1146,-9.950807,-19.5783,-10.387282,-16.2889,-14.101656,-17.731,-20.649509,-18.9949,-25.861037,-20.7046,1120.452259,874.3158,1.2815,true,0.006597,0.009734,0.003137,5.284,0.677117,0.949394,0.381567,0.098714,0.131361,0.479428,0.1127,0.223956,0.128712,0.181793,3.6018,0.14359,1.461296,1.317706,-0.259977,0.169012,0.000796,0.00005,1459.157243,1048.7216,
57,101,true,57,57,0,2,14,-12,5.0721,0.415542,-5.1113,5.5268,2.1009,-9.103931,-17.9998,-9.623005,-14.5792,-13.444904,-16.1136,-20.081572,-17.4132,-25.27669,-19.2158,1163.806748,947.5744,1.2282,true,0.007579,0.014985,0.007406,5.3371,0.682281,0.984912,0.395826,0.103821,0.141865,0.518177,0.11481,0.258261,0.131924,0.184536,3.5655,0.143347,1.445347,1.302,-0.259325,0.157324,0.000779,0.000061,1528.381448,1107.9383,
57,109,true,57,57,0,2,14,-12,4.9294,0.91995,-4.3428,5.2628,2.0576,-8.325002,-17.2876,-8.894534,-13.6958,-12.810035,-15.5487,-19.518521,-16.8068,-24.726612,-18.6426,1212.449248,998.7586,1.214,true,0.008406,0.016707,0.008301,5.4503,0.682556,1.011439,0.40198,0.103937,0.149736,0.5505,0.117607,0.264772,0.134029,0.176773,3.6159,0.142734,1.42291,1.280176,-0.257844,0.15136,0.000766,0.000057,1628.157636,1140.7946,
57,117,true,57,57,0,2,12,-10,5.0534,1.23821,-2.5637,3.8019,1.2538,-7.623753,-15.2832,-8.21524,-12.2288,-12.193106,-14.1257,-18.959081,-15.4436,-24.20588,-17.3589,1277.789767,1084.9164,1.1778,true,0.00913,0.022377,0.013247,5.4481,0.678601,1.000801,0.401053,0.103157,0.154925,0.546756,0.120811,0.298467,0.135474,0.173167,3.6326,0.141172,1.409364,1.268192,-0.253932,0.149272,0.000756,0.000048,1768.42042,1205.1845,
57,124,true,57,57,0,2,14,-12,5.34,1.431703,-1.4768,2.9085,0.6778,-7.063897,-15.2118,-7.665997,-11.1347,-11.666256,-12.9305,-18.472872,-14.3814,-23.771488,-16.337,1351.678891,1145.4648,1.18,true,0.009685,0.026409,0.016724,5.3557,0.672162,1.009714,0.395408,0.11221,0.15752,0.567046,0.123751,0.327101,0.13637,0.167226,3.4446,0.139184,1.385366,1.246182,-0.248439,0.13847,0.000749,0.000047,1920.761759,1255.4305,
58,14,false,57,60,0.3333,2,4.6667,-2.6667,5.7579,-15.48039,-25.472,9.9916,13.4234,-22.513258,-49.0603,-22.056634,-33.5203,-23.655312,-33.7793,-26.672075,-35.3262,-30.310252,-36.818,465.810255,496.8322,1.0666,false,0.000129,0.000007,0.000122,2.1464,0.45055,0.588688,0.063684,0.088818,0.117127,0.021668,0.029287,0.015886,0.031514,0.010503,4.0144,0.13998,1.248829,1.108849,-0.259369,0.238369,0.000002,0.000548,545.263514,1538.9536,
58,31,false,57,60,0.3333,2,8.6667,-6.6667,3.5556,-11.084963,-21.2508,10.1658,12.0159,-18.915388,-33.6648,-18.473525,-28.6386,-20.367859,-29.7816,-23.867565,-31.1142,-27.866729,-32.7244,555.182611,509.2007,1.0903,false,0.000397,0.000006,0.000391,2.389,0.78817,0.763225,0.080248,0.12696,0.142355,0.071768,0.075458,0.037671,0.036234,0.042523,1.8633,0.130338,1.235075,1.104737,-0.238597,0.268654,0.000002,0.000513,663.074874,1274.3833,
58,36,false,57,60,0.3333,2,10.6667,-8.6667,2.959,-9.954725,-17.3831,7.4284,9.4037,-17.970736,-28.4306,-17.540754,-25.3031,-19.521838,-26.5092,-23.141688,-27.7761,-27.234047,-29.4894,583.354434,525.4162,1.1103,false,0.000522,0.000015,0.000507,2.379,0.880335,0.866266,0.094204,0.1224,0.13632,0.142509,0.095228,0.067979,0.041824,0.080949,1.755,0.127698,1.220617,1.092919,-0.2331,0.306329,0,0.00049933,703.026979,1090.4887,
58,40,false,57,60,0.3333,2,10,-8,3.0356,-9.099013,-15.0945,5.9955,7.7738,-17.251219,-26.3383,-16.833343,-23.1725,-18.884146,-24.3498,-22.592979,-25.5975,-26.755545,-27.3957,604.188083,564.6575,1.07,false,0.000641,0.000093,0.000548,2.4611,0.949794,0.935161,0.111955,0.124142,0.130309,0.195291,0.109981,0.092809,0.048253,0.105139,1.9765,0.125767,1.223472,1.097705,-0.22912,0.308986,0,0.000492,727.424066,986.7189,
58,45,false,57,60,0.3333,2,11.3333,-9.3333,3.5576,-8.082953,-13.5885,5.5055,7.0601,-16.394701,-25.511,-15.996066,-21.7628,-18.133361,-22.9553,-21.945844,-24.2367,-26.190542,-26.0187,633.997813,601.95,1.0532,false,0.00082,0.000261,0.000559,2.5312,1.030518,0.97181,0.140006,0.11903,0.12342,0.224843,0.125699,0.110191,0.058836,0.119857,1.8865,0.12361,1.213501,1.089891,-0.2247,0.31066,0,0.00048833,773.524108,956.9989,
58,49,false,57,60,0.3333,2,13.3333,-11.3333,3.1248,-7.310075,-12.001,4.6909,6.4841,-15.741441,-22.9489,-15.362309,-20.8749,-17.567314,-21.9742,-21.457908,-23.1727,-25.763553,-25.0645,655.350255,637.0494,1.0287,false,0.000989,0.000579,0.00041,2.6921,1.089842,0.994952,0.16535,0.107967,0.119495,0.246858,0.135586,0.129706,0.069305,0.129599,1.9835,0.122095,1.208166,1.086071,-0.221603,0.313542,0.000001,0.00048333,798.214759,927.9399,
58,54,false,57,60,0.3333,2,12,-10,3.4325,-6.392057,-11.2916,4.8995,6.4154,-14.961158,-22.482,-14.612686,-20.2568,-16.899217,-21.2751,-20.883002,-22.5291,-25.258638,-24.4429,682.015428,655.5362,1.0404,true,0.001233,0.000837,0.000396,2.7298,1.15716,1.009319,0.199387,0.105589,0.117291,0.257069,0.144552,0.138229,0.084326,0.132624,2.0981,0.120455,1.208478,1.088023,-0.218244,0.309472,0.000002,0.000465,832.778325,930.1674,
58,61,false,57,60,0.3333,2,12.6667,-10.6667,3.7436,-5.191225,-10.4674,5.2762,6.2785,-13.928478,-22.3155,-13.636841,-19.3945,-16.029743,-20.3616,-20.137449,-21.6466,-24.599873,-23.5749,722.170672,690.1009,1.0465,true,0.00165,0.001456,0.000194,2.8226,1.238469,1.033429,0.248652,0.103159,0.119382,0.276756,0.152578,0.152933,0.106981,0.139479,2.2857,0.118595,1.207268,1.088673,-0.214398,0.310186,0.000003,0.00046567,892.23659,929.211,
58,69,false,57,60,0.3333,2,12.6667,-10.6667,4.0978,-3.928832,-9.3593,5.4304,6.0833,-12.820008,-21.2029,-12.615599,-18.3792,-15.11745,-19.3351,-19.357783,-20.6718,-23.905872,-22.7483,762.572659,729.3797,1.0455,true,0.002216,0.002433,0.000217,2.9037,1.313266,1.038928,0.302776,0.101461,0.127858,0.310453,0.157766,0.174668,0.131624,0.137141,2.8061,0.117001,1.207645,1.090644,-0.211041,0.310296,0.000003,0.00043167,945.256955,932.5151,
58,77,false,57,60,0.3333,2,12,-10,4.5829,-2.780359,-8.1594,5.379,5.6913,-11.774274,-21.1463,-11.680464,-17.2633,-14.277961,-18.1752,-18.63985,-19.5618,-23.262652,-21.5551,811.207314,763.9084,1.0619,true,0.002878,0.003675,0.000797,2.9752,1.369767,1.055038,0.350502,0.107945,0.140794,0.316265,0.160246,0.18138,0.152265,0.14288,3.0565,0.115863,1.199447,1.083584,-0.208577,0.298984,0.000002,0.000421,1030.80534,957.4887,
58,85,false,57,60,0.3333,2,12,-10,4.5262,-1.693008,-6.3962,4.7032,4.7581,-10.781996,-18.8725,-10.81643,-15.7437,-13.498426,-16.5686,-17.970631,-17.9595,-22.660367,-19.9252,844.303834,857.0318,1.0151,true,0.003564,0.007184,0.00362,3.0813,1.409519,1.086216,0.389131,0.109779,0.155905,0.331766,0.161966,0.212343,0.167971,0.148097,3.3322,0.11508,1.180422,1.065342,-0.206825,0.290344,0.000002,0.00042933,1065.17644,1004.3698,
58,93,false,57,60,0.3333,2,12,-10,4.7711,-0.694798,-5.8547,5.1599,4.9064,-9.839608,-18.9533,-10.008584,-15.1957,-12.76759,-16.1081,-17.34008,-17.4772,-22.090216,-19.4489,902.698662,868.8756,1.0389,true,0.004252,0.008361,0.004109,3.2034,1.434314,1.096184,0.417526,0.111202,0.17111,0.338969,0.163979,0.223808,0.179257,0.148867,3.5274,0.114567,1.179762,1.065195,-0.205632,0.280795,0.000001,0.00043133,1200.232991,1022.7951,
58,101,false,57,60,0.3333,2,14,-12,4.7751,0.194212,-4.4632,4.6574,4.2764,-8.945818,-17.6196,-9.243638,-13.8872,-12.076212,-14.8488,-16.740553,-16.2477,-21.544901,-18.2854,958.039821,928.8431,1.0314,true,0.004973,0.012158,0.007185,3.2655,1.445899,1.125924,0.435716,0.114312,0.18493,0.361422,0.166651,0.247591,0.18708,0.150652,3.5854,0.114256,1.170185,1.055929,-0.204868,0.272415,0,0.000439,1313.954894,1075.4491,
58,109,false,57,60,0.3333,2,13.3333,-11.3333,4.7015,0.765464,-3.1813,3.9468,3.787,-8.115633,-16.0767,-8.518963,-12.6453,-11.41723,-13.8309,-16.166785,-15.1845,-21.020137,-17.2362,1008.508375,985.2471,1.0236,true,0.005694,0.014336,0.008642,3.3959,1.446175,1.151527,0.444502,0.114937,0.196289,0.375651,0.169864,0.252898,0.192389,0.144064,3.6378,0.113767,1.152178,1.038411,-0.20367,0.264967,-0.000001,0.000435,1413.656114,1128.4299,
58,117,false,57,60,0.3333,2,13.3333,-11.3333,4.5782,1.120425,-2.0557,3.1761,3.4666,-7.364354,-14.5077,-7.845174,-11.7445,-10.785452,-12.9342,-15.614987,-14.3123,-20.513093,-16.4627,1065.282824,1042.2244,1.0221,true,0.006408,0.018205,0.011797,3.4514,1.436814,1.147751,0.445137,0.114642,0.204864,0.375811,0.173389,0.274924,0.195901,0.144234,3.6515,0.112597,1.14565,1.033053,-0.200645,0.263393,-0.000002,0.000427,1532.254133,1168.4378,
58,124,false,57,60,0.3333,2,14,-12,4.9213,1.34346,-1.4954,2.8389,3.3685,-6.773037,-14.7423,-7.300102,-11.1181,-10.251966,-12.273,-15.148055,-13.7472,-20.082459,-15.8977,1128.177762,1074.7547,1.0497,true,0.007062,0.020557,0.013495,3.4218,1.421967,1.150441,0.440278,0.121385,0.210258,0.386989,0.17653,0.291463,0.197971,0.140341,3.4272,0.111172,1.129484,1.018312,-0.196506,0.257084,-0.000003,0.00042667,1665.368089,1193.285,
59,14,false,57,60,0.6667,2,7.3333,-5.3333,5.5349,-15.759361,-22.4315,6.6722,10.0278,-22.749006,-41.9562,-22.485225,-31.0754,-24.234448,-30.9649,-27.327243,-32.5857,-30.918835,-34.6456,475.12906,487.8169,1.0267,false,0.000117,0.000005,0.000112,1.5317,0.269254,0.755706,0.079203,0.070388,0.080392,0.030492,0.024883,0.022586,0.023111,0.011583,2.742,0.112362,0.976464,0.864102,-0.203371,0.451782,0.000166,0.001063,533.531014,1240.3223,
59,31,false,57,60,0.6667,2,11.3333,-9.3333,4.1049,-11.28961,-18.3654,7.0757,8.825,-19.045804,-30.1782,-18.992026,-26.6182,-20.924401,-27.0442,-24.493708,-28.5494,-28.452316,-30.6133,565.235257,512.6542,1.1026,false,0.000373,0.000006,0.000367,2.064,0.519875,0.937545,0.078948,0.109509,0.13026,0.079297,0.053445,0.056796,0.028537,0.045524,1.7882,0.106295,0.953736,0.847441,-0.193099,0.447935,0.000201,0.000994,640.144137,1021.4924,
59,36,false,57,60,0.6667,2,11.3333,-9.3333,4.2002,-10.142712,-15.3648,5.2221,6.8946,-17.991986,-27.3393,-18.093821,-23.9076,-20.057653,-24.3991,-23.749534,-25.8749,-27.805378,-27.9947,592.84858,541.5087,1.0948,false,0.000497,0.000021,0.000476,2.2161,0.591779,1.020458,0.088089,0.109253,0.131143,0.122728,0.070497,0.086718,0.03001,0.075196,2.1294,0.104403,0.94318,0.838777,-0.18998,0.458478,0.000203,0.00097167,673.108304,923.3357,
59,40,false,57,60,0.6667,2,12,-10,4.086,-9.27255,-13.3944,4.1219,5.5021,-17.164679,-24.7736,-17.416221,-22.0986,-19.400983,-22.5122,-23.186241,-23.919,-27.31428,-26.137,614.716758,580.0446,1.0598,false,0.00061,0.000099,0.000511,2.3785,0.646697,1.091095,0.098389,0.118494,0.128793,0.156829,0.085453,0.112308,0.033054,0.094334,2.4233,0.102964,0.938783,0.835819,-0.187621,0.451078,0.000203,0.000948,701.144866,857.2824,
59,45,false,57,60,0.6667,2,10.6667,-8.6667,4.7016,-8.245001,-12.061,3.816,4.8644,-16.157731,-24.1817,-16.614396,-20.6636,-18.627,-21.1639,-22.520865,-22.616,-26.732575,-24.7692,640.878633,611.7497,1.0476,false,0.000778,0.00025,0.000528,2.4418,0.711252,1.130902,0.115954,0.11514,0.123883,0.175471,0.103813,0.12844,0.038961,0.106233,2.374,0.101297,0.927075,0.825778,-0.184887,0.443171,0.000203,0.00093467,730.210089,845.7876,
59,49,false,57,60,0.6667,2,14.6667,-12.6667,4.1238,-7.462213,-10.8491,3.3869,4.4854,-15.380146,-22.0448,-16.004428,-19.9802,-18.04494,-20.345,-22.017601,-21.7337,-26.291733,-24.0296,664.04528,640.9866,1.036,false,0.000937,0.000472,0.000465,2.5839,0.759174,1.153354,0.133928,0.110696,0.119624,0.188344,0.117101,0.144621,0.045144,0.11296,2.2298,0.100084,0.925039,0.824955,-0.182884,0.440711,0.000203,0.00091867,763.798664,835.5082,
59,54,false,57,60,0.6667,2,14,-12,4.3987,-6.540791,-9.9454,3.4046,4.2787,-14.450476,-21.3571,-15.275729,-19.1609,-17.36158,-19.4993,-21.42178,-20.9312,-25.769411,-23.2421,690.08092,662.5492,1.0416,true,0.001161,0.000752,0.000409,2.6283,0.814034,1.175943,0.160586,0.11102,0.115149,0.198242,0.131075,0.15359,0.05449,0.116331,1.9589,0.098723,0.920881,0.822158,-0.180612,0.43095,0.000203,0.000892,793.9422,848.3559,
59,61,false,57,60,0.6667,2,13.3333,-11.3333,4.7909,-5.327772,-9.2904,3.9627,4.3525,-13.237613,-21.2196,-14.308449,-18.4044,-16.479855,-18.7693,-20.643425,-20.2266,-25.087877,-22.507,727.256983,687.9796,1.0571,true,0.001529,0.00118,0.000349,2.7063,0.880998,1.19635,0.202935,0.107811,0.111928,0.207801,0.145288,0.163742,0.069924,0.120413,1.8074,0.097101,0.917401,0.8203,-0.177843,0.428034,0.000203,0.00088533,843.461905,855.5178,
59,69,false,57,60,0.6667,2,13.3333,-11.3333,5.2064,-4.06224,-8.2555,4.1933,4.3101,-11.981217,-20.4824,-13.266367,-17.3901,-15.563301,-17.8021,-19.823563,-19.3644,-24.373569,-21.8806,768.43374,739.015,1.0398,true,0.00204,0.00204,0,2.698,0.943368,1.190944,0.253133,0.100298,0.113099,0.24385,0.15494,0.197367,0.088836,0.113235,2.3856,0.09562,0.926214,0.830594,-0.175226,0.427168,0.000203,0.00083133,901.155949,871.549,
59,77,false,57,60,0.6667,2,14,-12,5.4011,-2.895404,-6.8845,3.9891,3.6861,-10.851203,-19.4894,-12.284896,-16.113,-14.724916,-16.4851,-19.067715,-17.9846,-23.716379,-20.3288,806.531161,774.7162,1.0411,true,0.002643,0.003242,0.000599,2.8433,0.991183,1.215617,0.299768,0.113149,0.118416,0.238185,0.159951,0.197834,0.106516,0.120267,2.5154,0.094491,0.911674,0.817183,-0.173141,0.41275,0.000202,0.000812,955.576579,918.1965,
59,85,false,57,60,0.6667,2,12,-10,5.6048,-1.839563,-5.4366,3.597,2.979,-9.825647,-18.1581,-11.361146,-14.779,-13.9476,-15.0611,-18.366435,-16.5761,-23.103369,-18.8068,855.998204,843.9946,1.0142,true,0.003347,0.005789,0.002442,2.9038,1.02553,1.251735,0.33903,0.120378,0.126394,0.236387,0.162686,0.214095,0.121369,0.123,2.6771,0.093659,0.900186,0.806527,-0.171533,0.402087,0.0002,0.00081167,1048.077694,968.3285,
59,93,false,57,60,0.6667,2,12,-10,5.8049,-0.835768,-4.7783,3.9425,3.0174,-8.881597,-18.3282,-10.492787,-14.1025,-13.218741,-14.4852,-17.711457,-15.9596,-22.525701,-18.1931,893.828348,863.4693,1.0352,true,0.004066,0.006989,0.002923,3.0183,1.047721,1.265671,0.368889,0.12527,0.135479,0.23966,0.164692,0.22366,0.132846,0.121905,2.801,0.093078,0.898227,0.805149,-0.170351,0.392578,0.000198,0.00081267,1111.16142,997.5096,
59,101,false,57,60,0.6667,2,14,-12,5.8456,0.094441,-3.8151,3.9096,2.7564,-7.99967,-17.2394,-9.675909,-13.1953,-12.529179,-13.5841,-17.095129,-15.0822,-21.976907,-17.3551,931.595757,910.482,1.0232,true,0.004769,0.009332,0.004563,3.0679,1.059197,1.287125,0.388799,0.125864,0.144444,0.252088,0.166812,0.237362,0.141231,0.122989,2.9353,0.092702,0.895022,0.80232,-0.16954,0.387506,0.000196,0.000817,1189.473462,1043.9127,
59,109,false,57,60,0.6667,2,12.6667,-10.6667,5.8874,0.72782,-2.0198,2.7476,1.8208,-7.183723,-14.8658,-8.905051,-11.5947,-11.871876,-12.1132,-16.510797,-13.5623,-21.451722,-15.8297,981.282787,971.9184,1.0096,true,0.005485,0.011965,0.00648,3.1899,1.061472,1.311019,0.399298,0.127102,0.152496,0.256337,0.169365,0.241557,0.14715,0.117406,2.9854,0.092232,0.881447,0.789215,-0.168436,0.378574,0.000193,0.000813,1304.776633,1116.1991,
59,117,false,57,60,0.6667,2,14.6667,-12.6667,5.5494,1.10209,-1.5477,2.6498,1.9965,-6.448904,-13.7322,-8.182164,-11.2601,-11.241855,-11.7427,-15.953767,-13.181,-20.946734,-15.5665,1042.50917,1001.2123,1.0412,true,0.00622,0.014032,0.007812,3.2736,1.055909,1.316278,0.40155,0.127406,0.159255,0.258312,0.1723,0.253238,0.151133,0.120135,2.9951,0.091228,0.881935,0.790707,-0.165799,0.377515,0.00019,0.000806,1446.065306,1132.8115,
59,124,false,57,60,0.6667,2,14,-12,5.9635,1.328269,-1.5141,2.8423,2.3961,-5.878585,-14.2727,-7.593434,-11.1015,-10.710175,-11.6154,-15.486209,-13.1131,-20.519867,-15.4583,1105.664452,1008.4097,1.0964,true,0.006869,0.014706,0.007837,3.2784,1.045659,1.310781,0.39799,0.13131,0.164014,0.264106,0.175038,0.259708,0.153409,0.117778,2.8872,0.090028,0.873601,0.783573,-0.162375,0.375698,0.000188,0.00080633,1589.706522,1134.2158,
60,14,true,60,60,0,2,10,-8,4.7239,-16.418313,-19.391,2.9727,7.5974,-22.494281,-34.8522,-22.352666,-28.6305,-24.096327,-28.1505,-27.017128,-29.8453,-30.668909,-32.4732,473.351397,478.9652,1.0119,false,0.000136,0.000003,0.000133,1.226,0.160853,0.970109,0.091178,0.055783,0.048266,0.04291,0.024387,0.03211,0.014616,0.012774,5.7366,0.083902,0.704098,0.620196,-0.153547,0.665195,0.000135,0.001578,557.96208,999.6399,
60,31,true,60,60,0,2,14,-12,4.1545,-12.015087,-15.4799,3.4648,6.3008,-18.508314,-26.6915,-19.267357,-24.5977,-21.104888,-24.3068,-24.453162,-25.9846,-28.405504,-28.5022,569.707825,516.1311,1.1038,false,0.000453,0.000007,0.000446,1.6704,0.350799,1.151681,0.070901,0.094457,0.107784,0.087617,0.035349,0.08563,0.026213,0.048736,3.2197,0.083473,0.672397,0.588924,-0.15405,0.627217,0.00019,0.001475,683.312556,818.7857,
60,36,true,60,60,0,2,12,-10,4.9385,-10.874065,-13.3465,2.4725,4.9554,-17.487409,-26.2481,-18.432718,-22.5122,-20.327661,-22.2889,-23.787542,-23.9737,-27.823104,-26.5,600.992549,558.094,1.0769,false,0.000612,0.000028,0.000584,1.7751,0.408926,1.202095,0.074892,0.097519,0.115601,0.105692,0.045567,0.110623,0.026053,0.069853,2.8933,0.083263,0.665742,0.582479,-0.154192,0.610628,0.000195,0.001444,728.764983,781.8043,
60,40,true,60,60,0,2,14,-12,4.6457,-10.005566,-11.6943,1.6887,3.7293,-16.725564,-23.2088,-17.785507,-21.0247,-19.734198,-20.6747,-23.280547,-22.2405,-27.380387,-24.8783,624.876971,595.851,1.0487,false,0.000773,0.000104,0.000669,1.9805,0.4541,1.273031,0.080164,0.113102,0.118151,0.125942,0.05612,0.135904,0.026469,0.08464,2.7646,0.08308,0.654093,0.571013,-0.154283,0.593169,0.000197,0.001404,756.99775,744.8252,
60,45,true,60,60,0,2,10,-8,5.3939,-8.955094,-10.5335,1.5784,3.0874,-15.835859,-22.8524,-17.001348,-19.5644,-19.025617,-19.3724,-22.677117,-20.9953,-26.854348,-23.5197,655.911052,621.709,1.055,true,0.001013,0.000238,0.000775,2.0287,0.507973,1.316039,0.089324,0.111377,0.11778,0.13694,0.071215,0.149712,0.02867,0.094158,2.6935,0.08284,0.640649,0.557809,-0.154352,0.575682,0.000197,0.001381,799.089974,747.4999,
60,49,true,60,60,0,2,16,-14,4.7161,-8.15177,-9.6973,1.5455,2.8469,-15.167083,-21.1407,-16.394587,-19.0855,-18.484013,-18.7157,-22.21713,-20.2948,-26.453792,-22.9948,679.576993,644.9481,1.0537,true,0.001246,0.000365,0.000881,2.1541,0.548477,1.336973,0.099082,0.113494,0.115643,0.1437,0.08369,0.161251,0.031808,0.098457,2.5942,0.082642,0.641913,0.559271,-0.154358,0.567881,0.000198,0.001354,827.216468,752.2836,
60,54,true,60,60,0,2,16,-14,5.0209,-7.194416,-8.5993,1.4049,2.434,-14.374378,-20.2322,-15.66416,-18.0649,-17.836709,-17.7235,-21.668529,-19.3332,-25.976331,-22.0413,711.916381,669.6373,1.0631,true,0.001601,0.000667,0.000934,2.222,0.595371,1.370075,0.114635,0.11673,0.111986,0.152876,0.098454,0.170658,0.037113,0.102039,2.3781,0.082389,0.633283,0.550894,-0.154291,0.552427,0.000198,0.001319,871.769551,773.7401,
60,61,true,60,60,0,2,14,-12,5.5777,-5.94292,-8.1135,2.1705,2.6307,-13.327349,-20.1237,-14.69739,-17.4143,-16.982028,-17.1771,-20.945276,-18.8067,-25.346455,-21.4392,752.381269,685.8648,1.097,true,0.002178,0.000904,0.001274,2.3337,0.653393,1.384956,0.141946,0.112673,0.107187,0.156027,0.115834,0.175315,0.046572,0.103954,2.1028,0.082031,0.627535,0.545504,-0.15406,0.545883,0.000198,0.001305,922.384072,787.6691,
60,69,true,60,60,0,2,14,-12,6.1299,-4.608811,-7.1518,2.543,2.6513,-12.203704,-19.7619,-13.670188,-16.4009,-16.071917,-16.2691,-20.174932,-18.057,-24.673498,-21.0129,802.49908,748.7776,1.0717,true,0.00291,0.001648,0.001262,2.3151,0.708316,1.365202,0.177689,0.099149,0.104331,0.191535,0.130072,0.223015,0.059445,0.093496,1.9145,0.081628,0.644782,0.563154,-0.153628,0.54404,0.000198,0.001231,995.962769,814.5687,
60,77,true,60,60,0,2,16,-14,6.0865,-3.407463,-5.6097,2.2022,1.7206,-11.150386,-17.8325,-12.715658,-14.9627,-15.224603,-14.7949,-19.45601,-16.4073,-24.041962,-19.1025,844.975044,785.6769,1.0755,true,0.003658,0.00281,0.000848,2.6191,0.751187,1.400637,0.213462,0.118604,0.104827,0.179381,0.139084,0.21578,0.072931,0.101234,1.8532,0.08125,0.623901,0.542651,-0.153087,0.526517,0.000198,0.001203,1054.088533,880.5166,
60,85,true,60,60,0,2,12,-10,6.5865,-2.271339,-4.477,2.2057,1.1819,-10.162235,-17.4438,-11.821879,-13.8142,-14.431795,-13.5536,-18.780197,-15.1928,-23.443915,-17.6884,877.431352,831.1558,1.0557,true,0.004427,0.004395,0.000032,2.7092,0.782678,1.442476,0.245265,0.132,0.107959,0.168429,0.14459,0.215861,0.085401,0.102156,1.8324,0.080919,0.619949,0.53903,-0.152522,0.513831,0.000197,0.001194,1087.214877,933.5807,
60,93,true,60,60,0,2,12,-10,6.7648,-1.244231,-3.702,2.4577,1.0713,-9.232179,-17.7032,-10.979347,-13.0093,-13.685715,-12.8622,-18.140006,-14.442,-22.872733,-16.9374,941.115402,858.0966,1.0967,true,0.0053,0.005616,0.000316,2.8745,0.803802,1.461362,0.270695,0.141118,0.112761,0.169446,0.14819,0.223512,0.095928,0.099826,1.8575,0.080649,0.616693,0.536044,-0.151995,0.504361,0.000196,0.001194,1217.625136,972.8492,
60,101,true,60,60,0,0,14,-14,6.1558,-0.311659,-3.167,2.8554,1.2257,-10.043518,-16.8593,-9.629909,-12.5033,-12.694984,-12.3194,-17.460319,-13.9167,-22.344302,-16.4248,1001.994647,892.484,1.1227,true,0.006169,0.006505,0.000336,3.1681,0.817646,1.471405,0.290115,0.138583,0.117894,0.175828,0.150304,0.227556,0.104046,0.100406,2.0198,0.080444,0.61986,0.539416,-0.151542,0.502597,0.000195,0.001195,1337.649934,1013.301,
60,109,true,60,60,0,0,12,-12,6.304,0.494583,-0.8583,1.3529,-0.1733,-9.198624,-13.6548,-8.842186,-10.5442,-12.024002,-10.3955,-16.882605,-11.94,-21.814213,-14.4232,1048.859386,958.77,1.094,true,0.007038,0.009594,0.002556,3.3141,0.821576,1.4926,0.300768,0.140554,0.123393,0.17492,0.152691,0.230724,0.109988,0.095682,2.0642,0.08024,0.610715,0.530475,-0.151043,0.492181,0.000193,0.001191,1428.993333,1104.101,
60,117,true,60,60,0,0,16,-16,5.7462,0.971031,-1.0397,2.0107,0.4935,-8.417668,-12.9567,-8.103906,-10.7758,-11.381485,-10.5511,-16.325465,-12.0496,-21.300728,-14.6703,1097.683892,961.8141,1.1413,true,0.007862,0.00986,0.001998,3.4455,0.818635,1.50955,0.304723,0.141591,0.128386,0.17755,0.154981,0.233263,0.113996,0.100063,2.0761,0.079584,0.618221,0.538637,-0.14936,0.491636,0.00019,0.001185,1535.959836,1098.2715,
60,124,true,60,60,0,0,14,-14,6.2338,1.245679,-1.5327,2.7784,1.395,-7.801625,-13.8032,-7.504672,-11.0849,-10.839047,-10.9579,-15.853171,-12.4789,-20.863985,-15.0189,1154.022783,946.1601,1.2197,true,0.008561,0.008854,0.000293,3.4931,0.811317,1.493468,0.30363,0.142047,0.132177,0.180243,0.156913,0.231412,0.116201,0.098843,2.0627,0.078584,0.617719,0.539135,-0.146595,0.494312,0.000188,0.001186,1664.638522,1078.0707,
61,14,false,60,63,0.3333,2,10.6667,-8.6667,2.453,-16.272962,-20.2686,3.9956,10.8108,-21.599331,-33.9398,-21.138512,-29.0591,-22.565303,-29.5367,-25.555107,-31.5966,-29.242285,-34.4336,462.189901,508.0352,1.0992,false,0.00009,0.000099,0.000009,0.9299,0.124546,0.702337,0.094814,0.082998,0.033055,0.043689,0.028873,0.03586,0.01111,0.011762,5.2944,0.064409,0.618189,0.55378,-0.123336,0.52067,-0.000075,0.00117133,522.502055,1025.1449,
61,31,false,60,63,0.3333,0,12.6667,-12.6667,1.7902,-11.810047,-15.9582,4.1482,9.0414,-19.387403,-26.8437,-17.697632,-24.7129,-19.56071,-25.2648,-22.975706,-27.2478,-26.985593,-30.1957,549.10337,555.0731,1.0109,true,0.000304,0.001124,0.00082,1.4319,0.315211,0.862325,0.067725,0.134104,0.098925,0.084018,0.029351,0.084167,0.028056,0.041092,2.6823,0.066514,0.61427,0.547756,-0.126984,0.518969,-0.000049,0.001119,641.378744,833.4485,
61,36,false,60,63,0.3333,0,12,-12,2.4311,-10.6204,-13.5847,2.9643,7.398,-18.442336,-25.6093,-16.8462,-22.4257,-18.802002,-22.9637,-22.347534,-24.9763,-26.442598,-27.8948,577.494455,601.9484,1.0423,true,0.000413,0.003051,0.002638,1.5329,0.378915,0.920437,0.06644,0.14195,0.114216,0.105303,0.034207,0.110024,0.029894,0.057472,2.715,0.067429,0.617471,0.550042,-0.128657,0.512944,-0.000045,0.001099,676.069851,794.0162,
61,40,false,60,63,0.3333,0,14,-14,2.3182,-9.715601,-12.1967,2.4811,6.4134,-17.715353,-23.3489,-16.191999,-21.1605,-18.228282,-21.6066,-21.870705,-23.5149,-26.03309,-26.5049,600.995531,635.1933,1.0569,true,0.000521,0.003888,0.003367,1.7342,0.429606,0.973008,0.067793,0.157784,0.122605,0.121708,0.039855,0.129785,0.030241,0.066941,2.8038,0.068196,0.611242,0.543046,-0.130101,0.501402,-0.000043,0.001077,706.912432,764.3291,
61,45,false,60,63,0.3333,0,12,-12,2.7957,-8.636038,-10.8913,2.2553,5.6498,-16.842751,-22.5689,-15.406939,-19.6313,-17.549034,-20.2936,-21.303999,-22.1845,-25.5476,-25.093,630.49175,663.0652,1.0517,true,0.000693,0.00567,0.004977,1.864,0.491212,0.997173,0.071595,0.156809,0.128348,0.132972,0.049666,0.14383,0.030674,0.074421,2.5782,0.069155,0.606037,0.536882,-0.131951,0.490312,-0.000042,0.00106433,744.243577,766.7966,
61,49,false,60,63,0.3333,0,14.6667,-14.6667,2.5077,-7.817735,-10.1165,2.2988,5.3741,-16.173111,-21.4059,-14.804933,-19.1653,-17.032779,-19.6255,-20.872047,-21.4768,-25.177492,-24.5271,653.434297,684.7267,1.0479,true,0.000856,0.006619,0.005763,1.9879,0.53827,1.015104,0.076032,0.15942,0.129738,0.140142,0.059431,0.152939,0.031888,0.077693,2.3468,0.069894,0.607066,0.537172,-0.133403,0.482692,-0.000042,0.00104533,772.599441,771.7694,
61,54,false,60,63,0.3333,0,15.3333,-15.3333,2.7318,-6.841819,-8.9831,2.1413,4.8598,-15.37057,-20.258,-14.084463,-18.0857,-16.417332,-18.5683,-20.35628,-20.4468,-24.734779,-23.4948,682.973634,709.59,1.039,true,0.0011,0.00798,0.00688,2.0605,0.593499,1.03203,0.083419,0.162061,0.128655,0.149126,0.072916,0.163168,0.034872,0.080944,2.0885,0.070754,0.602866,0.532112,-0.135117,0.472357,-0.000042,0.001022,809.709597,788.8274,
61,61,false,60,63,0.3333,0,14,-14,3.1717,-5.560461,-8.3315,2.7711,4.8502,-14.308425,-19.8523,-13.132133,-17.3132,-15.604782,-17.9063,-19.674722,-19.7556,-24.147102,-22.7806,725.751832,730.045,1.0059,true,0.001527,0.010006,0.008479,2.2206,0.662943,1.045791,0.097608,0.158894,0.124456,0.155138,0.091621,0.168757,0.041305,0.084383,1.8396,0.071804,0.600547,0.528743,-0.137226,0.464651,-0.000041,0.001012,870.448176,804.5638,
61,69,false,60,63,0.3333,0,13.3333,-13.3333,3.7588,-4.224623,-7.4142,3.1896,4.8193,-13.175274,-19.4334,-12.115358,-16.4669,-14.737059,-17.0063,-18.946459,-18.9965,-23.514243,-22.236,765.795234,780.7575,1.0195,true,0.002108,0.011411,0.009303,2.2192,0.729894,1.04626,0.118603,0.146597,0.119459,0.181227,0.109801,0.200775,0.050856,0.080325,1.7594,0.072759,0.613575,0.540816,-0.139142,0.46218,-0.000038,0.000961,915.275802,827.1721,
61,77,false,60,63,0.3333,0,14.6667,-14.6667,3.8317,-2.978575,-6.2065,3.2279,4.2037,-12.118286,-18.1366,-11.16485,-15.3217,-13.924287,-15.8889,-18.263395,-17.6978,-22.9151,-20.7889,816.692019,810.4941,1.0076,true,0.002769,0.012839,0.01007,2.5302,0.783223,1.061599,0.142026,0.164306,0.116695,0.173979,0.12338,0.195904,0.061914,0.085187,1.5437,0.073464,0.600893,0.527429,-0.140536,0.449719,-0.000035,0.00094133,999.747605,875.7029,
61,85,false,60,63,0.3333,0,12.6667,-12.6667,4.2049,-1.841221,-5.3065,3.4652,3.9025,-11.126629,-17.5634,-10.270874,-14.4002,-13.15799,-14.8962,-17.617281,-16.7505,-22.342767,-19.6879,854.056098,846.5155,1.0089,true,0.003408,0.014489,0.011081,2.605,0.823313,1.085825,0.164545,0.176421,0.116637,0.169092,0.132798,0.197893,0.073149,0.087163,1.4559,0.073957,0.60023,0.526273,-0.141484,0.440653,-0.000033,0.00093667,1057.382562,914.5338,
61,93,false,60,63,0.3333,0,11.3333,-11.3333,4.4711,-0.803027,-4.5461,3.7431,3.786,-10.190261,-17.7057,-9.424932,-13.6753,-12.430917,-14.2391,-17.00041,-16.0172,-21.791019,-18.9905,881.851356,870.4784,1.0131,true,0.004023,0.015791,0.011768,2.7914,0.851121,1.104208,0.183685,0.184565,0.118744,0.172068,0.139233,0.20432,0.083378,0.087451,1.4361,0.074284,0.597916,0.523632,-0.14208,0.432365,-0.00003,0.000935,1096.805165,946.2906,
61,101,false,60,63,0.3333,0,13.3333,-13.3333,4.6365,0.203925,-3.9449,4.1489,3.7695,-9.300527,-16.8114,-8.619536,-13.0974,-11.736471,-13.5911,-16.406332,-15.4066,-21.254976,-18.3627,930.5462,900.358,1.0335,true,0.004683,0.016848,0.012165,2.8543,0.867901,1.1111,0.19813,0.180837,0.122277,0.178104,0.143754,0.207635,0.091916,0.088491,1.422,0.074483,0.601508,0.527025,-0.142401,0.429678,-0.000029,0.000934,1199.149437,979.8303,
61,109,false,60,63,0.3333,0,12,-12,4.7944,0.827303,-1.8821,2.7094,2.4778,-8.469414,-14.2059,-7.850603,-11.2783,-11.069279,-11.8158,-15.831096,-13.5396,-20.731989,-16.5035,995.506416,958.9191,1.0382,true,0.005374,0.019731,0.014357,3.038,0.875017,1.130258,0.20749,0.181885,0.126499,0.180798,0.147057,0.210387,0.09842,0.088295,1.4032,0.074334,0.596969,0.522635,-0.141963,0.419224,-0.000027,0.00092833,1343.684275,1057.7935,
61,117,false,60,63,0.3333,0,14.6667,-14.6667,4.4766,1.201326,-1.7956,2.9969,2.8617,-7.71072,-13.4668,-7.132274,-11.1882,-10.425282,-11.6512,-15.272446,-13.3649,-20.220876,-16.427,1063.271631,966.8466,1.0997,true,0.006038,0.020148,0.01411,3.1335,0.873817,1.141357,0.212075,0.182222,0.130855,0.183718,0.149529,0.210904,0.102854,0.092449,1.3847,0.073441,0.601247,0.527806,-0.139609,0.415106,-0.000026,0.00091967,1491.688857,1064.5068,
61,124,false,60,63,0.3333,0,13.3333,-13.3333,4.8386,1.42427,-1.522,2.9463,3.0371,-7.116775,-13.704,-6.557,-10.7884,-9.878528,-11.3683,-14.796299,-13.0641,-19.783338,-16.1032,1128.287861,969.973,1.1632,true,0.006575,0.019624,0.013049,3.222,0.867004,1.142926,0.212785,0.182089,0.134494,0.188164,0.151169,0.206776,0.105187,0.094451,1.3714,0.072222,0.601443,0.529221,-0.136141,0.41187,-0.000025,0.00091133,1632.735126,1073.5653,
62,14,false,60,63,0.6667,0,11.3333,-11.3333,0.4083,-15.969065,-21.1461,5.1771,13.2656,-22.389372,-33.0273,-20.387176,-29.4877,-21.81047,-30.9228,-24.851573,-33.3479,-28.615548,-36.394,486.308174,538.8696,1.1081,false,0.000179,0.000194,0.000015,0.7179,0.076938,0.508477,0.094935,0.123489,0.01758,0.044482,0.0265,0.040048,0.007708,0.010831,5.9638,0.054175,0.53228,0.478105,-0.107122,0.376146,-0.000008,0.00076467,547.820224,1051.3007,
62,31,false,60,63,0.6667,0,11.3333,-11.3333,0.7436,-11.450188,-16.4366,4.9864,11.0809,-18.955704,-26.9958,-16.982788,-24.8281,-18.762453,-26.2227,-22.199406,-28.511,-26.2792,-31.8891,554.791967,596.9533,1.076,true,0.000343,0.002241,0.001898,1.1486,0.214852,0.645669,0.064977,0.190392,0.060157,0.080567,0.023347,0.08273,0.018961,0.034647,2.916,0.056802,0.556143,0.499341,-0.110765,0.41072,0.000012,0.000763,637.007096,848.3739,
62,36,false,60,63,0.6667,0,12,-12,1.2311,-10.279981,-13.8229,3.543,9.2049,-18.039418,-24.9705,-16.091334,-22.3393,-17.979077,-23.6385,-21.543312,-25.979,-25.717005,-29.2895,583.489422,649.2488,1.1127,true,0.000472,0.006073,0.005601,1.2237,0.266326,0.704773,0.057367,0.206625,0.075218,0.104916,0.025325,0.109428,0.022891,0.047286,3.3808,0.058195,0.569199,0.511004,-0.112771,0.415261,0.000024,0.000754,670.683251,806.4189,
62,40,false,60,63,0.6667,0,14,-14,1.2853,-9.393586,-12.6991,3.3056,8.514,-17.326031,-23.489,-15.407179,-21.2963,-17.380727,-22.5385,-21.044428,-24.7892,-25.292508,-28.1316,606.917772,677.1332,1.1157,true,0.000605,0.007673,0.007068,1.4131,0.308527,0.743694,0.055665,0.220117,0.085396,0.117616,0.028001,0.123941,0.024901,0.052943,3.5247,0.059434,0.568391,0.508957,-0.114614,0.409635,0.00003,0.00075,700.501406,784.3436,
62,45,false,60,63,0.6667,0,14,-14,1.4737,-8.33114,-11.2491,2.918,7.6928,-16.455384,-22.2854,-14.588741,-19.6982,-16.666421,-21.2147,-20.45028,-23.3738,-24.788843,-26.6663,635.590809,707.1724,1.1126,true,0.000814,0.011102,0.010288,1.6247,0.361037,0.755566,0.055471,0.220773,0.094859,0.129119,0.0327,0.138178,0.026148,0.058821,3.5248,0.061052,0.571424,0.510372,-0.117109,0.404943,0.000034,0.00074767,737.987412,786.5915,
62,49,false,60,63,0.6667,0,13.3333,-13.3333,1.5603,-7.515125,-10.5357,3.0206,7.4312,-15.773375,-21.6711,-13.963817,-19.245,-16.120587,-20.5352,-19.997006,-22.6589,-24.405158,-26.0594,658.263205,726.9588,1.1044,true,0.001026,0.012872,0.011846,1.7527,0.401918,0.770723,0.056507,0.22393,0.099671,0.136671,0.03784,0.145055,0.026681,0.061308,3.5174,0.062346,0.57222,0.509874,-0.119168,0.397503,0.000034,0.00073667,768.355664,791.7599,
62,54,false,60,63,0.6667,0,14.6667,-14.6667,1.6866,-6.546233,-9.3668,2.8206,6.8735,-14.936455,-20.2839,-13.220095,-18.1064,-15.46861,-19.4132,-19.456188,-21.5604,-23.947327,-24.9483,684.691948,751.9264,1.0982,true,0.001332,0.015293,0.013961,1.8404,0.450627,0.777392,0.062049,0.224996,0.102594,0.145469,0.046056,0.156007,0.027575,0.06421,3.2616,0.063899,0.572449,0.50855,-0.121708,0.392286,0.000033,0.000725,799.55779,804.2089,
62,61,false,60,63,0.6667,0,14,-14,1.9895,-5.288432,-8.5496,3.2612,6.7307,-13.793153,-19.5809,-12.246842,-17.212,-14.608631,-18.6355,-18.743134,-20.7046,-23.342361,-24.1221,727.670682,777.0712,1.0679,true,0.001801,0.019109,0.017308,2.0654,0.512891,0.789686,0.072856,0.224077,0.102451,0.154253,0.05973,0.162445,0.030118,0.068496,2.8251,0.065864,0.573558,0.507694,-0.125017,0.383419,0.000033,0.000719,865.4233,821.8208,
62,69,false,60,63,0.6667,0,12.6667,-12.6667,2.5963,-3.915105,-7.6767,3.7616,6.7212,-12.534202,-19.1049,-11.223482,-16.5329,-13.694265,-17.7436,-17.984135,-19.9361,-22.695089,-23.4592,766.664504,814.1033,1.0619,true,0.002338,0.021173,0.018835,2.0974,0.573956,0.801831,0.088,0.216751,0.101017,0.171473,0.075494,0.180753,0.034683,0.069009,2.3138,0.067734,0.582369,0.514635,-0.128245,0.380319,0.000033,0.000691,912.553517,839.9706,
62,77,false,60,63,0.6667,0,13.3333,-13.3333,2.7813,-2.668911,-6.8032,4.1343,6.4816,-11.337754,-18.4408,-10.280993,-15.6807,-12.844056,-16.9828,-17.275973,-18.9883,-22.086209,-22.4754,813.498851,836.0952,1.0278,true,0.0029,0.022869,0.019969,2.4264,0.623389,0.804628,0.104766,0.227618,0.099837,0.168739,0.08897,0.177858,0.040315,0.071684,2.0705,0.069188,0.577884,0.508696,-0.130795,0.372922,0.000033,0.00067967,997.201756,870.9154,
62,85,false,60,63,0.6667,0,13.3333,-13.3333,3.0333,-1.506422,-6.1359,4.6295,6.4674,-10.212871,-17.6829,-9.403213,-14.9861,-12.048632,-16.2388,-16.610036,-18.3082,-21.508058,-21.6875,863.725879,862.1591,1.0018,true,0.003506,0.024584,0.021078,2.492,0.661209,0.817356,0.121438,0.235791,0.099384,0.169757,0.099312,0.18142,0.046492,0.074371,1.87,0.070267,0.580511,0.510244,-0.132697,0.367476,0.000033,0.00067933,1092.258556,895.8755,
62,93,false,60,63,0.6667,0,10.6667,-10.6667,3.3981,-0.404608,-5.3903,4.9856,6.3823,-9.162588,-17.7082,-8.575399,-14.3413,-11.299524,-15.6159,-15.979371,-17.5923,-20.954851,-21.0437,896.917985,883.039,1.0157,true,0.00407,0.025965,0.021895,2.7034,0.68802,0.834342,0.136212,0.241389,0.099975,0.17473,0.106748,0.186776,0.052512,0.076609,1.7193,0.071033,0.579138,0.508105,-0.134042,0.360368,0.000033,0.000676,1152.224452,920.457,
62,101,false,60,63,0.6667,0,12.6667,-12.6667,3.6487,0.482018,-4.7229,5.2049,6.2879,-8.18888,-16.7636,-7.786671,-13.6915,-10.589225,-14.8627,-15.37786,-16.8964,-20.421691,-20.3006,931.388928,908.3015,1.0254,true,0.004566,0.027192,0.022626,2.7549,0.704816,0.839024,0.147855,0.235975,0.101472,0.18041,0.111949,0.189459,0.05775,0.07799,1.7081,0.071467,0.583157,0.51169,-0.134768,0.356759,0.000033,0.000673,1237.122949,947.4652,
62,109,false,60,63,0.6667,0,12,-12,3.7918,0.982403,-2.9058,3.8882,5.108,-7.318933,-14.757,-7.04578,-12.0123,-9.911245,-13.2361,-14.800402,-15.1392,-19.90494,-18.5839,991.970809,959.0682,1.0343,true,0.005025,0.029868,0.024843,2.9861,0.712793,0.855878,0.155897,0.235369,0.103599,0.186873,0.115541,0.191842,0.061835,0.081479,1.733,0.070934,0.583223,0.512289,-0.133331,0.346268,0.000032,0.00066567,1400.275528,1013.4282,
62,117,false,60,63,0.6667,0,13.3333,-13.3333,3.694,1.31569,-2.5514,3.8671,5.2058,-6.567732,-13.9768,-6.366761,-11.6007,-9.260528,-12.7514,-14.243636,-14.6802,-19.402707,-18.1836,1073.651119,971.9055,1.1047,true,0.005447,0.030437,0.02499,3.0543,0.713206,0.86297,0.160427,0.234513,0.106059,0.190101,0.117955,0.190689,0.064578,0.085414,1.7241,0.069701,0.584274,0.514573,-0.1298,0.338577,0.000031,0.00065433,1607.280702,1031.78,
62,124,false,60,63,0.6667,0,12.6667,-12.6667,3.9266,1.518988,-1.5113,3.0303,4.6465,-6.002715,-13.6048,-5.830233,-10.4918,-8.712306,-11.7788,-13.772102,-13.6493,-18.974756,-17.1875,1162.004711,994.3852,1.1686,true,0.00577,0.030395,0.024625,3.1893,0.708314,0.874663,0.161847,0.233418,0.108277,0.196433,0.119292,0.184763,0.065838,0.090254,1.7453,0.068479,0.585168,0.516689,-0.126039,0.329427,0.000031,0.00063667,1813.637724,1069.0788,
63,14,true,63,63,0,0,12,-12,0.5433,-16.284726,-22.0237,5.739,14.4418,-22.183136,-32.1149,-20.580388,-29.9163,-22.373425,-32.309,-25.426673,-35.0992,-29.17542,-38.3543,526.861249,571.5754,1.0849,false,0.000226,0.00029,0.000064,0.4936,0.06349,0.368126,0.129053,0.183735,0.017362,0.04529,0.028923,0.044725,0.007047,0.009973,5.1453,0.05372,0.446371,0.392651,-0.10548,0.231621,-0.000005,0.000358,590.115449,1078.1238,
63,31,true,63,63,0,0,10,-10,0.6309,-11.447683,-16.9149,5.4672,11.9157,-18.395685,-27.148,-17.070089,-24.9433,-19.251759,-27.1807,-22.62782,-29.7742,-26.712907,-33.5826,584.785487,641.9934,1.0978,true,0.00038,0.003358,0.002978,0.7825,0.174702,0.483447,0.10634,0.270306,0.048001,0.077258,0.026146,0.081317,0.014953,0.029213,2.6716,0.055388,0.498016,0.442628,-0.107298,0.302472,-0.000025,0.000407,676.03566,863.5666,
63,36,true,63,63,0,0,12,-12,0.8805,-10.185279,-14.0612,3.8759,9.8059,-17.338807,-24.3318,-16.205187,-22.2529,-18.455298,-24.3132,-21.944943,-26.9816,-26.142108,-30.6842,614.132017,700.266,1.1403,true,0.000507,0.009096,0.008589,0.8213,0.224007,0.53964,0.094592,0.300766,0.065144,0.10453,0.025002,0.108835,0.01976,0.038905,3.3951,0.056481,0.520928,0.464447,-0.108473,0.317577,-0.000016,0.000409,715.325723,819.0153,
63,40,true,63,63,0,0,14,-14,1.1325,-9.226392,-13.2016,3.9752,9.4076,-16.506492,-23.6291,-15.548786,-21.432,-17.840586,-23.4705,-21.425203,-26.0635,-25.714138,-29.7582,637.815644,721.8424,1.1317,true,0.000643,0.011457,0.010814,0.9916,0.266133,0.568423,0.086437,0.307075,0.078978,0.113662,0.026016,0.118361,0.023221,0.041872,3.564,0.057534,0.52554,0.468006,-0.109625,0.317868,-0.000008,0.000423,740.704302,804.8823,
63,45,true,63,63,0,0,16,-16,1.0557,-8.08999,-11.607,3.517,8.5292,-15.492422,-22.0019,-14.76441,-19.7652,-17.09952,-22.1359,-20.803178,-24.5631,-25.205212,-28.2397,671.071981,754.2136,1.1239,true,0.00086,0.016534,0.015674,1.2764,0.320322,0.572498,0.079705,0.310829,0.094555,0.125378,0.029483,0.132749,0.026195,0.046491,3.6155,0.059001,0.536812,0.477811,-0.111281,0.319573,-0.000001,0.000431,786.737596,806.8973,
63,49,true,63,63,0,0,12,-12,1.5264,-7.228341,-10.9549,3.7266,8.2842,-14.710383,-21.9364,-14.16082,-19.3248,-16.529638,-21.445,-20.326087,-23.841,-24.814941,-27.5918,695.123292,771.7956,1.1103,true,0.001066,0.019126,0.01806,1.4004,0.363649,0.585176,0.077713,0.314544,0.104722,0.133287,0.033535,0.137578,0.027363,0.048379,3.7001,0.060234,0.537373,0.477139,-0.112721,0.312314,0.000003,0.000428,814.419764,812.2682,
63,54,true,63,63,0,0,14,-14,1.5571,-6.209978,-9.7506,3.5406,7.6887,-13.777921,-20.3097,-13.431436,-18.1271,-15.846887,-20.258,-19.754575,-22.674,-24.345745,-26.4018,725.885492,796.7888,1.0977,true,0.001375,0.022606,0.021231,1.4918,0.416369,0.585582,0.079086,0.312371,0.114062,0.141901,0.039989,0.14916,0.027805,0.050936,3.6186,0.061774,0.542032,0.480258,-0.114578,0.312216,0.000006,0.000428,859.038655,819.8903,
63,61,true,63,63,0,0,14,-14,1.7137,-4.869155,-8.7677,3.8986,7.4237,-12.565507,-19.3096,-12.451762,-17.1108,-14.944881,-19.3646,-18.999164,-21.6535,-23.720817,-25.4636,765.644061,827.1265,1.0803,true,0.001921,0.028211,0.02629,1.7654,0.485236,0.596298,0.086044,0.315999,0.121271,0.153374,0.051508,0.156369,0.028278,0.0556,3.3943,0.063803,0.54657,0.482767,-0.117109,0.302187,0.000007,0.000426,906.249182,839.448,
63,69,true,63,63,0,0,12,-12,2.3177,-3.484413,-7.9392,4.4548,7.4494,-11.310425,-18.7764,-11.387189,-16.5989,-13.985255,-18.4808,-18.195445,-20.8756,-23.048629,-24.6823,820.539986,848.8732,1.0345,true,0.002638,0.030936,0.028298,1.8154,0.554227,0.614505,0.098161,0.320477,0.123462,0.162245,0.066825,0.162728,0.030691,0.059288,3.0554,0.065805,0.551162,0.485357,-0.119681,0.298459,0.000008,0.000421,992.773652,852.9671,
63,77,true,63,63,0,0,12,-12,2.5833,-2.199242,-7.4,5.2008,7.5987,-10.17493,-18.7449,-10.379801,-16.0397,-13.094203,-18.0767,-17.449296,-20.2787,-22.417198,-24.1618,856.818636,862.505,1.0066,true,0.003312,0.032898,0.029586,2.153,0.611115,0.60986,0.1126,0.315326,0.122411,0.163657,0.081724,0.161475,0.034971,0.060321,2.6536,0.06741,0.554876,0.487466,-0.121782,0.296124,0.000008,0.000418,1034.893984,866.1541,
63,85,true,63,63,0,0,14,-14,2.6759,-1.035061,-6.9654,5.9304,7.8823,-9.132535,-17.8025,-9.428671,-15.5721,-12.263989,-17.5814,-16.752794,-19.8658,-21.820392,-23.687,904.80592,878.0918,1.0304,true,0.003992,0.034678,0.030686,2.2044,0.655413,0.615266,0.127737,0.315141,0.120737,0.170425,0.094396,0.166319,0.040005,0.063456,2.3606,0.068629,0.560792,0.492163,-0.123389,0.294298,0.000008,0.000422,1120.582399,877.5979,
63,93,true,63,63,0,0,10,-10,3.0984,0.027208,-6.2344,6.2616,7.8382,-8.160502,-17.7107,-8.532075,-15.0073,-11.486672,-16.9928,-16.098563,-19.1675,-21.252765,-23.0968,961.019337,895.7807,1.0728,true,0.004703,0.03614,0.031437,2.4372,0.687501,0.630431,0.142085,0.315708,0.119793,0.177433,0.104291,0.170738,0.045038,0.067112,2.1416,0.069511,0.560361,0.49085,-0.12454,0.288372,0.000008,0.000417,1230.502995,895.3287,
63,101,true,63,63,0,0,12,-12,3.3913,0.781396,-5.5008,6.2822,7.6748,-7.263729,-16.7158,-7.687584,-14.2856,-10.755227,-16.1343,-15.480801,-18.3863,-20.710511,-22.2385,1013.054947,916.315,1.1056,true,0.005366,0.037535,0.032169,2.4736,0.708268,0.633571,0.154243,0.307924,0.119951,0.182745,0.111537,0.172873,0.049472,0.068735,1.9357,0.069823,0.564805,0.494982,-0.124669,0.28384,0.000007,0.000412,1342.349401,916.1691,
63,109,true,63,63,0,0,12,-12,3.5,1.197675,-3.9295,5.1272,6.6136,-6.468583,-15.308,-6.906217,-12.7464,-10.063439,-14.6564,-14.894441,-16.7387,-20.190458,-20.6642,1060.650558,959.2173,1.1057,true,0.005929,0.040005,0.034076,2.7486,0.718956,0.648106,0.163361,0.304581,0.121104,0.193152,0.116608,0.174932,0.05287,0.075189,1.8146,0.069165,0.569477,0.500312,-0.122462,0.273311,0.000007,0.000403,1454.392535,970.9236,
63,117,true,63,63,0,0,12,-12,3.6216,1.457095,-3.3073,4.7644,6.4294,-5.782756,-14.4868,-6.200871,-12.0131,-9.405982,-13.8515,-14.335258,-15.9954,-19.689971,-19.9403,1117.822948,976.9908,1.1441,true,0.006388,0.040725,0.034337,2.7853,0.720948,0.652484,0.169242,0.301809,0.122963,0.196705,0.119995,0.172411,0.054979,0.078914,1.7396,0.068114,0.5673,0.499186,-0.118933,0.262047,0.000007,0.000389,1597.242725,1000.0594,
63,124,true,63,63,0,0,12,-12,3.7341,1.583625,-1.5006,3.0842,5.1378,-5.260153,-13.5056,-5.649065,-10.1952,-8.855822,-12.1892,-13.866008,-14.2346,-19.266868,-18.2717,1186.587026,1019.4118,1.164,true,0.006722,0.041165,0.034443,2.9649,0.716636,0.669365,0.171962,0.299216,0.12491,0.205066,0.121866,0.165093,0.055683,0.086244,1.6993,0.067144,0.568892,0.501748,-0.115557,0.246985,0.000006,0.000362,1762.384181,1064.611,
64,14,false,63,66,0.3333,0,11.3333,-11.3333,1.1005,-16.249134,-23.2181,6.969,14.0188,-21.751181,-33.5943,-20.813729,-30.6989,-22.635952,-32.3295,-25.655693,-34.9053,-29.471374,-37.7345,541.294139,554.8987,1.0251,false,0.000209,0.000195,0.000014,0.9865,0.051963,0.339631,0.137788,0.076904,0.016403,0.031457,0.026018,0.017203,0.006723,0.005228,5.6426,0.058978,0.45523,0.396252,-0.115747,0.201605,0.000208,0.00052467,593.010559,1044.6365,
64,31,false,63,66,0.3333,0,10.6667,-10.6667,1.6505,-11.464899,-18.6072,7.1423,12.3389,-17.551321,-29.0199,-17.356479,-26.3772,-19.271768,-27.8674,-22.727125,-30.2968,-26.832141,-33.5119,593.076263,611.147,1.0305,true,0.00036,0.002246,0.001886,1.0259,0.107821,0.438191,0.13374,0.140269,0.034225,0.060476,0.029732,0.030424,0.012189,0.015733,3.804,0.059495,0.485898,0.426403,-0.1157,0.250365,0.000162,0.00054333,671.644259,856.6723,
64,36,false,63,66,0.3333,0,12,-12,2.0993,-10.22409,-15.3646,5.1405,9.8857,-16.525209,-26.4802,-16.510795,-23.3392,-18.465536,-24.7475,-22.048257,-27.1647,-26.230235,-30.3441,616.463823,673.3752,1.0923,true,0.000419,0.006237,0.005818,1.1655,0.142315,0.50669,0.12413,0.186207,0.047962,0.09281,0.028374,0.042005,0.01574,0.030936,3.3922,0.059869,0.499724,0.439855,-0.115489,0.262113,0.000184,0.000526,713.159107,792.591,
64,40,false,63,66,0.3333,0,12.6667,-12.6667,2.3184,-9.283211,-13.9662,4.683,9.0433,-15.758671,-24.8019,-15.857746,-22.0791,-17.856354,-23.4276,-21.541662,-25.8157,-25.788576,-28.9746,635.975453,704.5633,1.1078,true,0.000505,0.008232,0.007727,1.2972,0.173639,0.540351,0.1155,0.209264,0.061168,0.107691,0.027721,0.046463,0.019537,0.038069,2.9969,0.060265,0.50367,0.443405,-0.115208,0.264672,0.000204,0.00052633,731.362479,775.965,
64,45,false,63,66,0.3333,0,14.6667,-14.6667,2.1618,-8.167289,-12.6796,4.5123,8.4564,-14.859019,-23.3609,-15.062884,-20.7986,-17.130113,-22.3416,-20.942624,-24.6297,-25.274783,-27.7746,668.554916,733.0779,1.0965,true,0.000663,0.011809,0.011146,1.5244,0.215895,0.547329,0.10538,0.21296,0.078567,0.117176,0.028264,0.050727,0.024465,0.042438,2.4672,0.060872,0.510993,0.450121,-0.114729,0.265937,0.000227,0.000529,783.319277,777.8026,
64,49,false,63,66,0.3333,0,12,-12,2.7081,-7.317554,-11.6351,4.3176,7.8039,-14.178577,-23.3302,-14.443646,-19.8869,-16.573406,-21.3055,-20.485399,-23.5201,-24.887314,-26.7569,692.970407,762.0486,1.0997,true,0.000829,0.014391,0.013562,1.6975,0.251004,0.569843,0.0991,0.220781,0.091851,0.126414,0.029812,0.059635,0.0278,0.048397,2.2216,0.06143,0.512052,0.450622,-0.114273,0.26087,0.000243,0.00052367,808.851968,788.8041,
64,54,false,63,66,0.3333,0,14,-14,2.6237,-6.307525,-10.447,4.1395,7.2435,-13.367038,-21.2542,-13.693236,-18.7767,-15.905256,-20.142,-19.937894,-22.4121,-24.426103,-25.6194,724.811062,789.2117,1.0889,true,0.001074,0.017295,0.016221,1.7625,0.295021,0.574568,0.094542,0.225772,0.106286,0.134195,0.032735,0.066336,0.030663,0.05231,2.2553,0.062187,0.515722,0.453535,-0.113661,0.260474,0.000259,0.00052333,854.162923,800.7251,
64,61,false,63,66,0.3333,0,14,-14,2.9567,-4.983713,-9.6197,4.6359,7.1317,-12.286848,-20.5993,-12.693069,-17.9301,-15.018616,-19.4079,-19.212991,-21.5754,-23.815665,-24.8502,764.464185,812.2897,1.0626,true,0.001499,0.021329,0.01983,2.0269,0.35427,0.583124,0.094271,0.230202,0.12112,0.142382,0.039139,0.069514,0.032597,0.056468,2.3036,0.063284,0.519251,0.455967,-0.112796,0.254305,0.000275,0.00052067,905.899754,815.4654,
64,69,false,63,66,0.3333,0,12.6667,-12.6667,3.4398,-3.580525,-8.718,5.1375,7.0221,-11.118084,-19.9028,-11.623743,-17.2447,-14.070855,-18.4639,-18.438769,-20.6916,-23.160515,-23.9829,816.737021,836.81,1.0246,true,0.00213,0.02401,0.02188,2.1402,0.415252,0.601961,0.100058,0.235611,0.130619,0.146552,0.050485,0.077152,0.033887,0.061845,2.2316,0.064478,0.522279,0.457801,-0.11186,0.248267,0.000285,0.00051967,991.141791,835.2334,
64,77,false,63,66,0.3333,0,11.3333,-11.3333,3.6831,-2.323093,-8.1517,5.8286,7.13,-10.016736,-20.0678,-10.624855,-16.6459,-13.18786,-17.9863,-17.715104,-20.0758,-22.543413,-23.4332,866.560837,853.3449,1.0155,true,0.002838,0.025673,0.022835,2.4378,0.466603,0.603068,0.109328,0.232444,0.134415,0.151537,0.063033,0.077471,0.036134,0.063881,2.0317,0.065514,0.524994,0.45948,-0.111019,0.248188,0.000289,0.00051567,1067.352222,849.7956,
64,85,false,63,66,0.3333,0,13.3333,-13.3333,3.8086,-1.12991,-7.56,6.4301,7.252,-8.98044,-18.6879,-9.686214,-16.0555,-12.363376,-17.3441,-17.035345,-19.5181,-21.959415,-22.8236,895.109678,872.2452,1.0262,true,0.003451,0.027398,0.023947,2.498,0.507312,0.610384,0.119837,0.234628,0.1352,0.15619,0.074865,0.080109,0.039303,0.067834,1.8841,0.066352,0.529101,0.462749,-0.110307,0.248162,0.000291,0.000519,1097.908843,866.4778,
64,93,false,63,66,0.3333,0,10.6667,-10.6667,4.1536,-0.043206,-6.7881,6.7449,7.142,-8.003214,-18.6793,-8.799761,-15.3779,-11.589943,-16.7016,-16.392842,-18.7655,-21.402569,-22.1656,951.1223,890.7136,1.0678,true,0.003983,0.028686,0.024703,2.739,0.537376,0.622009,0.130275,0.236547,0.135082,0.162458,0.084869,0.082026,0.042703,0.071885,1.7576,0.066991,0.529001,0.46201,-0.109729,0.243128,0.000291,0.000517,1225.9078,885.4811,
64,101,false,63,66,0.3333,0,10.6667,-10.6667,4.4581,0.715933,-5.7926,6.5085,6.7969,-7.09699,-17.7363,-7.95997,-14.4719,-10.860416,-15.6817,-15.781843,-17.8095,-20.867375,-21.1766,1013.966021,917.8374,1.1047,true,0.004501,0.030399,0.025898,2.7936,0.557356,0.628098,0.139813,0.237456,0.135215,0.164777,0.092741,0.086395,0.04591,0.07601,1.6518,0.0672,0.533348,0.466148,-0.108653,0.244724,0.000291,0.000514,1362.095572,918.1284,
64,109,false,63,66,0.3333,0,11.3333,-11.3333,4.5823,1.133974,-4.2939,5.4278,5.8247,-6.296952,-16.3046,-7.172418,-12.9817,-10.168681,-14.225,-15.198203,-16.2537,-20.350693,-19.6755,1087.796885,959.851,1.1333,true,0.004993,0.032612,0.027619,3.0009,0.568249,0.64347,0.147713,0.235421,0.135988,0.1726,0.098547,0.091571,0.048502,0.083713,1.6019,0.066766,0.536546,0.46978,-0.106109,0.237104,0.000289,0.000512,1532.306586,972.8661,
64,117,false,63,66,0.3333,0,12,-12,4.6982,1.414126,-3.4837,4.8979,5.4816,-5.616715,-14.9785,-6.451798,-12.0949,-9.509681,-13.2728,-14.63895,-15.3512,-19.850736,-18.7913,1179.254572,979.6972,1.2037,true,0.00544,0.033107,0.027667,3.0508,0.571236,0.651466,0.153623,0.231949,0.137362,0.177473,0.102515,0.087879,0.050183,0.087833,1.6256,0.066064,0.5345,0.468436,-0.102835,0.228406,0.000286,0.00050933,1740.330479,1007.4782,
64,124,false,63,66,0.3333,0,11.3333,-11.3333,4.8862,1.583625,-1.5126,3.0962,4.0229,-5.100159,-14.0533,-5.885188,-10.1179,-8.956898,-11.3843,-14.168129,-13.4217,-19.42641,-16.9384,1279.241773,1025.0394,1.248,true,0.005796,0.033388,0.027592,3.1738,0.568344,0.67037,0.157188,0.231509,0.138884,0.182164,0.104689,0.086401,0.050763,0.095647,1.7387,0.065379,0.536248,0.470869,-0.099897,0.219072,0.000283,0.00050233,1950.543719,1082.5649,
65,14,false,63,66,0.6667,0,10.6667,-10.6667,1.9425,-16.085458,-24.4126,8.3271,14.5703,-21.486765,-35.0736,-20.248911,-31.4814,-21.836811,-32.3499,-24.910367,-34.7113,-28.725833,-37.1146,561.730504,538.7085,1.0427,false,0.000258,0.000099,0.000159,1.4122,0.047907,0.313341,0.101696,0.032189,0.012815,0.021849,0.021463,0.006617,0.005228,0.002741,5.5838,0.060112,0.464088,0.403976,-0.117327,0.17159,0.000033,0.00069133,629.24745,1012.1893,
65,31,false,63,66,0.6667,0,11.3333,-11.3333,2.2587,-11.604331,-20.2995,8.6952,13.8517,-17.399311,-30.8918,-16.325536,-27.811,-18.248174,-28.554,-21.736867,-30.8193,-25.921845,-33.4412,626.354748,581.7826,1.0766,true,0.000548,0.001133,0.000585,1.5631,0.073772,0.397172,0.112718,0.072789,0.022456,0.04734,0.029115,0.011383,0.009036,0.008473,4.8605,0.060299,0.473779,0.41348,-0.116902,0.198258,-0.000033,0.00067967,726.810216,849.833,
65,36,false,63,66,0.6667,0,12,-12,2.8005,-10.390538,-16.6679,6.2774,11.1009,-16.429209,-28.6287,-15.407081,-24.4255,-17.422254,-25.1818,-21.016192,-27.3478,-25.29039,-30.0039,639.542546,647.5171,1.0125,true,0.00062,0.003378,0.002758,1.6181,0.09638,0.475751,0.109095,0.115283,0.028381,0.082405,0.028869,0.016212,0.010741,0.0246,4.5662,0.060367,0.478519,0.418152,-0.116332,0.206649,-0.000039,0.000643,745.504722,767.0193,
65,40,false,63,66,0.6667,0,11.3333,-11.3333,3.003,-9.469444,-14.7309,5.2615,9.8474,-15.69046,-25.9748,-14.72195,-22.7263,-16.81248,-23.3848,-20.489808,-25.568,-24.832341,-28.1909,658.206864,687.6978,1.0448,true,0.000721,0.005007,0.004286,1.7196,0.118678,0.513665,0.10459,0.142608,0.035763,0.102033,0.028036,0.018239,0.012939,0.034612,4.0696,0.060434,0.4818,0.421366,-0.11557,0.211476,-0.000037,0.00062967,780.590908,748.0866,
65,45,false,63,66,0.6667,0,13.3333,-13.3333,2.7794,-8.380665,-13.7522,5.3715,9.5838,-14.801535,-24.7199,-13.912511,-21.832,-16.100801,-22.5473,-19.881868,-24.6963,-24.308618,-27.3095,682.815347,712.5346,1.0435,true,0.000951,0.007085,0.006134,1.8136,0.150511,0.523267,0.097848,0.145907,0.047744,0.10951,0.027101,0.019384,0.016686,0.038737,3.3223,0.060536,0.485174,0.424638,-0.114165,0.212301,-0.00003,0.000627,808.55886,749.757,
65,49,false,63,66,0.6667,0,12,-12,3.4076,-7.547235,-12.3153,4.7681,8.541,-14.116304,-24.7241,-13.294102,-20.4491,-15.563943,-21.1661,-19.427377,-23.1991,-23.921468,-25.9219,711.721192,752.4247,1.0572,true,0.001226,0.009656,0.00843,1.8304,0.178228,0.554911,0.092353,0.154968,0.058621,0.119895,0.027045,0.02585,0.020006,0.048415,3.0012,0.060634,0.486732,0.426098,-0.112678,0.209426,-0.000023,0.00061933,855.191055,766.0178,
65,54,false,63,66,0.6667,0,14,-14,3.2153,-6.560667,-11.1434,4.5827,8.0289,-13.292509,-22.1988,-12.551662,-19.4262,-14.925447,-20.0259,-18.890686,-22.1503,-23.468666,-24.837,745.81631,781.7066,1.0481,true,0.00164,0.011985,0.010345,1.8912,0.214403,0.563762,0.08642,0.163181,0.072433,0.126908,0.028149,0.029501,0.023735,0.053722,2.5568,0.060775,0.489413,0.428638,-0.110439,0.208733,-0.000014,0.00061867,896.668093,782.0079,
65,61,false,63,66,0.6667,0,14,-14,3.7421,-5.253865,-10.4716,5.2177,8.0801,-12.199453,-21.889,-11.564294,-18.7494,-14.081986,-19.4512,-18.18651,-21.4973,-22.878591,-24.2369,793.719378,797.719,1.005,true,0.002236,0.014447,0.012211,2.0585,0.265275,0.570241,0.081375,0.167699,0.089786,0.132177,0.031365,0.030903,0.027098,0.05735,2.1079,0.061002,0.491932,0.43093,-0.106848,0.206423,-0.000003,0.00061533,964.395481,792.168,
65,69,false,63,66,0.6667,0,13.3333,-13.3333,4.1399,-3.857931,-9.4969,5.6389,7.8403,-11.028099,-21.0291,-10.505756,-17.8905,-13.179697,-18.447,-17.436637,-20.5077,-22.250084,-23.2834,841.827881,824.9182,1.0205,true,0.002911,0.017083,0.014172,2.1963,0.319864,0.589673,0.080653,0.173218,0.10464,0.132378,0.036536,0.036579,0.028456,0.064513,2.0211,0.061284,0.493397,0.432113,-0.102553,0.198074,0.000004,0.00061833,1021.293437,817.8684,
65,77,false,63,66,0.6667,0,10.6667,-10.6667,4.4072,-2.516457,-8.9033,6.3869,7.9071,-9.929949,-21.3907,-9.514253,-17.2521,-12.335107,-17.896,-16.734983,-19.8728,-21.658169,-22.7046,907.085032,844.2821,1.0744,true,0.003706,0.018447,0.014741,2.423,0.367438,0.596352,0.083724,0.171347,0.114069,0.140314,0.043313,0.037168,0.029016,0.067651,1.9902,0.061562,0.495113,0.433551,-0.098481,0.200251,0.000008,0.00061333,1134.153868,833.746,
65,85,false,63,66,0.6667,0,12.6667,-12.6667,4.6111,-1.323855,-8.1547,6.8308,7.8659,-8.895688,-19.5733,-8.581794,-16.5388,-11.540657,-17.1068,-16.073658,-19.1703,-21.094788,-21.9602,954.457676,866.4376,1.1016,true,0.004552,0.020118,0.015566,2.4695,0.406201,0.605541,0.088712,0.174684,0.119446,0.143144,0.051912,0.038585,0.030629,0.072515,2.0309,0.061813,0.497411,0.435598,-0.094926,0.202025,0.00001,0.000616,1204.661203,855.4986,
65,93,false,63,66,0.6667,0,11.3333,-11.3333,4.9176,-0.19665,-7.3418,7.1451,7.6866,-7.917089,-19.6479,-7.700867,-15.7485,-10.78958,-16.4105,-15.446187,-18.3635,-20.554352,-21.2344,986.363023,885.6751,1.1137,true,0.005316,0.021231,0.015915,2.7036,0.435611,0.613699,0.094294,0.177234,0.122475,0.148746,0.059865,0.039407,0.032439,0.076998,2.0499,0.062022,0.497642,0.43562,-0.092032,0.197883,0.000011,0.000617,1254.363918,875.7418,
65,101,false,63,66,0.6667,0,9.3333,-9.3333,5.2668,0.671281,-6.0844,6.7557,7.1555,-6.999704,-18.7567,-6.865949,-14.6582,-10.075475,-15.229,-14.846452,-17.2327,-20.031989,-20.1147,1044.197205,919.3623,1.1358,true,0.006034,0.023263,0.017229,2.7674,0.455936,0.622671,0.099755,0.183115,0.124437,0.148575,0.066566,0.043177,0.034245,0.084056,2.1258,0.062071,0.50189,0.439819,-0.08943,0.205609,0.000012,0.000616,1387.139649,920.0918,
65,109,false,63,66,0.6667,0,10.6667,-10.6667,5.419,1.135903,-4.6582,5.7941,6.268,-6.19384,-17.3012,-6.089584,-13.217,-9.392862,-13.7937,-14.269929,-15.7686,-19.5246,-18.6868,1122.792349,960.4852,1.169,true,0.006724,0.025218,0.018494,2.9021,0.467904,0.638866,0.104701,0.181964,0.126014,0.154235,0.07177,0.047934,0.035815,0.093202,2.2526,0.061752,0.503615,0.441863,-0.086132,0.200897,0.000012,0.000621,1566.147948,974.8126,
65,117,false,63,66,0.6667,0,12,-12,5.5245,1.418099,-3.6602,5.0783,5.7623,-5.510162,-15.4702,-5.395462,-12.1767,-8.737608,-12.694,-13.714042,-14.7071,-19.031009,-17.6423,1215.822757,982.4112,1.2376,true,0.007353,0.025489,0.018136,2.9634,0.472483,0.65045,0.108918,0.178259,0.127414,0.160121,0.075444,0.044792,0.036974,0.09776,2.294,0.061363,0.5017,0.440337,-0.082864,0.194764,0.000012,0.00062967,1772.660032,1014.9519,
65,124,false,63,66,0.6667,0,10.6667,-10.6667,5.7756,1.583625,-1.5246,3.1082,4.1344,-4.995792,-14.6009,-4.861068,-10.0407,-8.184761,-10.5793,-13.243679,-12.6088,-18.610464,-15.605,1312.377506,1030.698,1.2733,true,0.007846,0.025611,0.017765,3.0294,0.471288,0.671377,0.111947,0.179122,0.128458,0.16182,0.077482,0.045218,0.037581,0.106075,2.4395,0.061103,0.503604,0.442501,-0.080608,0.19116,0.000012,0.00064267,1978.199411,1100.8215,
66,14,true,66,66,0,0,10,-10,2.5848,-15.843057,-25.607,9.764,14.9531,-21.843683,-36.553,-19.728239,-32.2639,-21.260466,-32.3704,-24.333647,-34.5174,-28.183658,-36.4948,552.762229,522.9908,1.0569,false,0.000149,0.000004,0.000145,1.8727,0.045951,0.289087,0.087604,0.013473,0.008984,0.015176,0.017396,0.002545,0.004728,0.001437,5.3455,0.058187,0.472947,0.41476,-0.101782,0.141574,0.000036,0.000858,585.425744,980.75,
66,31,true,66,66,0,0,12,-12,2.8417,-11.354362,-21.9918,10.6375,15.2113,-17.363164,-32.7637,-15.516274,-29.2449,-17.32741,-29.2407,-20.899823,-31.3418,-25.197456,-33.3705,616.582801,553.8292,1.1133,false,0.000335,0.000021,0.000314,2.2689,0.058042,0.359993,0.108071,0.037772,0.016696,0.037057,0.025242,0.004259,0.007778,0.004563,5.4377,0.058339,0.461661,0.403322,-0.101251,0.146151,-0.000026,0.000816,689.4634,843.0483,
66,36,true,66,66,0,0,12,-12,3.5408,-10.144863,-17.9713,7.8265,12.1724,-16.294917,-30.7772,-14.561177,-25.5119,-16.438229,-25.6161,-20.127745,-27.5309,-24.52318,-29.6638,633.881549,622.6519,1.018,false,0.000406,0.000519,0.000113,2.2625,0.070804,0.446702,0.108323,0.071373,0.01914,0.073166,0.026477,0.006257,0.008994,0.019561,5.652,0.058356,0.457315,0.398959,-0.100878,0.151185,-0.000045,0.00076,720.04434,742.2725,
66,40,true,66,66,0,0,10,-10,3.7729,-9.227398,-15.4956,6.2682,10.5207,-15.510031,-27.1476,-13.852358,-23.3734,-15.789029,-23.3419,-19.568728,-25.3202,-24.034507,-27.4073,644.920032,671.236,1.0408,true,0.000452,0.001782,0.00133,2.3787,0.085506,0.488297,0.106756,0.097184,0.022139,0.096673,0.026452,0.00716,0.01009,0.031469,5.2174,0.058355,0.45993,0.401575,-0.100341,0.15828,-0.000054,0.000733,737.491396,721.2098,
66,45,true,66,66,0,0,12,-12,3.5309,-8.141348,-14.8248,6.6834,10.6006,-14.597267,-26.0789,-13.017856,-22.8654,-15.040815,-22.7531,-18.93167,-24.7629,-23.478791,-26.8444,660.327792,692.5669,1.0488,true,0.000523,0.00236,0.001837,2.4656,0.108594,0.500262,0.10302,0.099966,0.028886,0.102346,0.025365,0.007407,0.012126,0.03536,4.3026,0.058332,0.459355,0.401023,-0.099246,0.158665,-0.000055,0.000725,760.696147,722.7226,
66,49,true,66,66,0,0,12,-12,4.2734,-7.315555,-12.9955,5.68,9.1845,-13.907599,-26.118,-12.381841,-21.0112,-14.483804,-21.0266,-18.463,-22.8782,-23.072108,-25.087,678.994928,742.9223,1.0942,true,0.000623,0.004921,0.004298,2.4003,0.129994,0.540371,0.09906,0.108773,0.03604,0.113712,0.024107,0.011205,0.014471,0.048433,3.9314,0.058297,0.461411,0.403114,-0.097964,0.157982,-0.000052,0.000715,796.950924,743.8898,
66,54,true,66,66,0,0,14,-14,4.0076,-6.308253,-11.8398,5.5315,8.7399,-13.083308,-23.1434,-11.617304,-20.0758,-13.829787,-19.9099,-17.917786,-21.8884,-22.602769,-24.0546,706.186219,774.273,1.0964,true,0.00082,0.006674,0.005854,2.5188,0.159307,0.553159,0.093628,0.117942,0.0462,0.120016,0.022868,0.01312,0.018013,0.055171,3.3263,0.058235,0.463103,0.404868,-0.095832,0.156991,-0.000044,0.000714,838.023324,763.7283,
66,61,true,66,66,0,0,14,-14,4.7658,-5.001201,-11.3236,6.3224,8.9765,-11.984592,-23.1786,-10.595159,-19.5687,-12.978168,-19.4946,-17.211923,-21.4192,-22.002385,-23.6235,748.032638,783.4096,1.0473,true,0.001198,0.007565,0.006367,2.5861,0.202795,0.557643,0.08675,0.122167,0.060881,0.122704,0.023164,0.013738,0.022868,0.058245,2.6676,0.058119,0.464613,0.406494,-0.092008,0.158541,-0.000032,0.00071,900.448163,769.5362,
66,69,true,66,66,0,0,14,-14,5.1034,-3.613064,-10.2757,6.6626,8.6278,-10.796963,-22.1555,-9.490569,-18.5363,-12.078388,-18.4301,-16.465205,-20.3237,-21.37377,-22.5839,794.613313,813.1954,1.0234,true,0.001659,0.010157,0.008498,2.6484,0.251969,0.577636,0.08198,0.127348,0.075613,0.119574,0.026521,0.017343,0.026613,0.067296,2.2432,0.057965,0.464514,0.406549,-0.086937,0.147882,-0.00002,0.000717,969.871045,800.8644,
66,77,true,66,66,0,0,10,-10,5.3978,-2.322757,-9.655,7.3322,8.6717,-9.676584,-22.7136,-8.452005,-17.8583,-11.241881,-17.8056,-15.767467,-19.6699,-20.78748,-21.976,851.442993,835.3156,1.0193,true,0.002095,0.011222,0.009127,2.7139,0.296635,0.589711,0.081023,0.126309,0.086574,0.129923,0.031544,0.017832,0.028267,0.071644,2.1335,0.057813,0.465231,0.407418,-0.081774,0.152315,-0.000012,0.000711,1082.218024,817.9996,
66,85,true,66,66,0,0,12,-12,5.6667,-1.12116,-8.7493,7.6281,8.4822,-8.618421,-20.4587,-7.476902,-17.0222,-10.456954,-16.8694,-15.109554,-18.8225,-20.231699,-21.0968,894.315786,860.6687,1.0391,true,0.002533,0.012838,0.010305,2.8479,0.334191,0.600737,0.082841,0.130055,0.093803,0.131188,0.037163,0.018585,0.028875,0.077518,2.2513,0.057682,0.46572,0.408038,-0.077038,0.155889,-0.000008,0.000713,1153.265798,844.6584,
66,93,true,66,66,0,0,12,-12,5.912,-0.050836,-7.8954,7.8446,8.2458,-7.616864,-20.6164,-6.560507,-16.1191,-9.714298,-16.1193,-14.484987,-17.9615,-19.699908,-20.3031,946.45743,880.6651,1.0747,true,0.002962,0.013777,0.010815,2.9285,0.363456,0.6055,0.086077,0.132794,0.09888,0.136192,0.042682,0.018932,0.02938,0.082474,2.3482,0.057581,0.466282,0.408701,-0.073036,0.152639,-0.000005,0.000717,1271.478711,866.1097,
66,101,true,66,66,0,0,8,-8,6.2689,0.719609,-6.3762,7.0958,7.5371,-6.680315,-19.7772,-5.707073,-14.8445,-9.006588,-14.7764,-13.88799,-16.6558,-19.186453,-19.0528,1029.66334,920.8898,1.1181,true,0.00342,0.016127,0.012707,3.002,0.384311,0.617292,0.089963,0.141209,0.102297,0.133967,0.047696,0.021578,0.030261,0.092953,2.5571,0.057443,0.470433,0.41299,-0.06941,0.166493,-0.000004,0.000718,1481.287066,922.0595,
66,109,true,66,66,0,0,10,-10,6.3916,1.14985,-5.0225,6.1724,6.7382,-5.867972,-18.2978,-4.953233,-13.4522,-8.328222,-13.3623,-13.314604,-15.2836,-18.688133,-17.6981,1117.047176,961.1198,1.1622,true,0.003883,0.017825,0.013942,3.0652,0.397235,0.634296,0.09399,0.140646,0.104644,0.137824,0.051833,0.025092,0.031418,0.103768,2.7468,0.057332,0.470684,0.413352,-0.066233,0.16469,-0.000003,0.00073,1682.274194,976.7629,
66,117,true,66,66,0,0,12,-12,6.445,1.4211,-3.8366,5.2577,6.0702,-5.175975,-15.9619,-4.306057,-12.2584,-7.674981,-12.1153,-12.762009,-14.0629,-18.203636,-16.4932,1224.117857,985.1326,1.2426,true,0.004332,0.017871,0.013539,3.1395,0.403114,0.649436,0.097868,0.136997,0.106326,0.144466,0.054889,0.022831,0.032578,0.108809,2.7904,0.057327,0.4689,0.411573,-0.063932,0.161123,-0.000003,0.00075,1915.956789,1022.4812,
66,124,true,66,66,0,0,10,-10,6.7475,1.583625,-1.5366,3.1202,4.2711,-4.648086,-15.1486,-3.815806,-9.9635,-7.124375,-9.7743,-12.294136,-11.796,-17.791021,-14.2716,1350.088302,1036.3878,1.3027,true,0.004742,0.017834,0.013092,3.1481,0.403353,0.672386,0.101064,0.13859,0.107421,0.143748,0.05666,0.023665,0.033477,0.11764,2.9358,0.057425,0.47096,0.413535,-0.062748,0.163247,-0.000004,0.000783,2165.980297,1119.386,
67,14,false,66,69,0.3333,0,10.6667,-10.6667,2.8969,-16.613474,-24.8873,8.2738,13.8511,-22.134839,-35.8846,-20.496099,-31.7255,-22.058335,-31.6855,-25.056301,-34.1381,-28.908267,-36.8883,570.218619,539.2613,1.0574,false,0.000143,0.000012,0.000131,1.1017,0.037983,0.2179,0.091898,0.015874,0.008944,0.014321,0.018859,0.003326,0.004849,0.001405,4.7496,0.058713,0.721763,0.66305,-0.06339,0.364465,0.00021,0.00055733,561.642574,1060.5132,
67,31,false,66,69,0.3333,0,12,-12,3.5342,-11.924894,-21.0807,9.1558,14.0984,-17.092313,-32.0861,-15.920853,-28.3315,-17.78485,-28.2345,-21.33185,-30.6609,-25.67666,-33.4854,642.715475,566.3697,1.1348,false,0.00036,0.000072,0.000288,1.5204,0.048751,0.280069,0.123931,0.037393,0.016309,0.032039,0.026791,0.006296,0.008348,0.003507,4.9373,0.058861,0.707348,0.648487,-0.062521,0.363437,0.000141,0.00053433,669.075001,893.8951,
67,36,false,66,69,0.3333,0,11.3333,-11.3333,4.1298,-10.670671,-17.8606,7.1899,11.8582,-15.982389,-30.4483,-14.862473,-25.3766,-16.834275,-25.2958,-20.508575,-27.5975,-24.950843,-30.4993,662.450332,619.883,1.0687,false,0.000454,0.000469,0.000015,1.5404,0.056327,0.335614,0.127907,0.060671,0.01878,0.055053,0.029459,0.009082,0.009842,0.010342,5.2108,0.058888,0.703742,0.644854,-0.062292,0.363054,0.000109,0.000506,700.032545,805.3932,
67,40,false,66,69,0.3333,0,10.6667,-10.6667,4.2891,-9.725926,-15.3968,5.6709,10.1905,-15.175183,-27.1456,-14.087508,-23.1533,-16.143813,-22.9872,-19.915678,-25.3369,-24.424968,-28.2109,677.393684,671.5272,1.0087,true,0.000539,0.001533,0.000994,1.6353,0.065693,0.371449,0.12909,0.083221,0.020989,0.073751,0.030956,0.011384,0.011056,0.016026,5.0394,0.058893,0.704372,0.645479,-0.062027,0.361392,0.000089,0.000501,720.017413,781.1679,
67,45,false,66,69,0.3333,0,12,-12,4.1975,-8.604424,-14.1291,5.5247,9.707,-14.244002,-25.7592,-13.194573,-22.0247,-15.352195,-21.8343,-19.244695,-24.1824,-23.827919,-27.0716,693.749066,714.0009,1.0292,true,0.000631,0.002396,0.001765,1.694,0.081455,0.388871,0.128234,0.09333,0.024859,0.086477,0.031643,0.012886,0.012627,0.021299,4.3614,0.058872,0.697432,0.63856,-0.061499,0.356593,0.000074,0.00051667,750.508793,784.8853,
67,49,false,66,69,0.3333,0,12,-12,4.6449,-7.744109,-12.5116,4.7675,8.5176,-13.547526,-25.0674,-12.529692,-20.3442,-14.766097,-20.2414,-18.755331,-22.5037,-23.39294,-25.4567,702.664237,761.565,1.0838,true,0.000703,0.0045,0.003797,1.7269,0.096844,0.414445,0.125939,0.099815,0.029455,0.095318,0.03126,0.017693,0.014272,0.030105,3.9726,0.058829,0.706023,0.647194,-0.060845,0.349548,0.00007,0.000507,756.713752,809.4023,
67,54,false,66,69,0.3333,0,12.6667,-12.6667,4.4821,-6.722018,-11.5531,4.8311,8.2602,-12.723019,-22.926,-11.746616,-19.5578,-14.081178,-19.3367,-18.191615,-21.6826,-22.895606,-24.6021,721.526586,786.8726,1.0906,true,0.000844,0.005873,0.005029,1.7844,0.118711,0.423657,0.1216,0.106363,0.037245,0.100749,0.030064,0.019902,0.017205,0.034395,3.3692,0.058742,0.70703,0.648288,-0.059657,0.346731,0.000071,0.000509,788.91749,827.7621,
67,61,false,66,69,0.3333,0,13.3333,-13.3333,4.8923,-5.386189,-10.9545,5.5683,8.4162,-11.633855,-22.5524,-10.718674,-18.9598,-13.192163,-18.8143,-17.470922,-21.1178,-22.271201,-24.0673,757.400762,800.3299,1.0567,true,0.001194,0.006821,0.005627,1.9752,0.152463,0.429586,0.114165,0.1097,0.050952,0.104521,0.028454,0.021142,0.022627,0.037711,2.7058,0.058563,0.710762,0.652199,-0.057251,0.343198,0.000079,0.00050733,846.103464,839.722,
67,69,false,66,69,0.3333,0,13.3333,-13.3333,5.3174,-3.930568,-10.0339,6.1033,8.2092,-10.461527,-21.9401,-9.618739,-18.1218,-12.25274,-17.8749,-16.716866,-20.1568,-21.633356,-23.1374,797.937131,831.8117,1.0425,true,0.00176,0.008852,0.007092,2.1822,0.192463,0.442946,0.106245,0.113067,0.067845,0.104411,0.028737,0.024951,0.028821,0.043049,2.2372,0.058294,0.712697,0.654403,-0.053636,0.333575,0.000093,0.00051433,900.219551,870.6708,
67,77,false,66,69,0.3333,0,10.6667,-10.6667,5.3628,-2.581189,-9.3627,6.7815,8.2378,-9.35511,-21.6649,-8.58581,-17.2922,-11.378309,-17.2156,-16.01489,-19.4834,-21.047966,-22.485,846.783506,858.3824,1.0137,true,0.002377,0.009991,0.007614,2.3688,0.230494,0.446689,0.101225,0.114807,0.083078,0.111974,0.031634,0.026328,0.033244,0.046679,1.899,0.057989,0.704227,0.646238,-0.049587,0.336169,0.000105,0.00051933,981.431242,891.158,
67,85,false,66,69,0.3333,0,12,-12,5.7367,-1.317295,-8.4055,7.0882,7.9691,-8.307903,-20.0092,-7.613243,-16.4265,-10.558571,-16.2381,-15.352573,-18.5524,-20.496476,-21.5414,897.069708,886.3866,1.0121,true,0.002964,0.011531,0.008567,2.4797,0.263823,0.454188,0.099712,0.116892,0.095063,0.115119,0.035912,0.027205,0.035598,0.052088,1.6952,0.057687,0.71349,0.655803,-0.045622,0.333342,0.000113,0.00052067,1067.416418,921.5432,
67,93,false,66,69,0.3333,0,11.3333,-11.3333,5.9995,-0.184832,-7.5335,7.3487,7.7269,-7.314134,-19.8287,-6.695772,-15.5468,-9.786573,-15.4455,-14.723815,-17.6815,-19.969728,-20.705,939.174518,908.6913,1.0335,true,0.003463,0.012551,0.009088,2.7013,0.290762,0.457764,0.100888,0.118682,0.103664,0.119153,0.040436,0.02782,0.036572,0.055341,1.5553,0.057422,0.717257,0.659835,-0.042114,0.328444,0.000119,0.000525,1146.806947,947.3024,
67,101,false,66,69,0.3333,0,9.3333,-9.3333,6.3193,0.672301,-6.3014,6.9737,7.2762,-6.386526,-19.0937,-5.833175,-14.5523,-9.056031,-14.3624,-14.123882,-16.6308,-19.461947,-19.6854,981.821618,941.7256,1.0426,true,0.003907,0.014431,0.010524,2.7994,0.31069,0.465014,0.103643,0.12446,0.109578,0.118396,0.044612,0.030881,0.037065,0.06145,1.5181,0.057223,0.722476,0.665253,-0.039328,0.335393,0.000122,0.00052767,1247.265429,995.4882,
67,109,false,66,69,0.3333,0,11.3333,-11.3333,6.4159,1.142685,-4.8671,6.0098,6.4383,-5.578557,-17.5896,-5.05821,-13.0796,-8.361208,-12.9377,-13.548977,-15.218,-18.969683,-18.2837,1035.429692,987.8801,1.0481,true,0.004338,0.016307,0.011969,2.9075,0.323774,0.475535,0.10719,0.123427,0.113602,0.120904,0.048142,0.035514,0.037576,0.068187,1.6434,0.057171,0.727222,0.670051,-0.03754,0.330068,0.000123,0.00053933,1383.001717,1054.9573,
67,117,false,66,69,0.3333,0,12,-12,6.3416,1.429181,-3.5588,4.988,5.7605,-4.881979,-15.3894,-4.38203,-11.8192,-7.697264,-11.6785,-12.996329,-13.9876,-18.491211,-17.0462,1110.529134,1017.335,1.0916,true,0.004771,0.016858,0.012087,2.99,0.330659,0.483214,0.111089,0.119311,0.116329,0.126981,0.05085,0.034579,0.038201,0.070181,1.6635,0.05728,0.732497,0.675217,-0.036729,0.32534,0.000122,0.000554,1572.192855,1104.3876,
67,124,false,66,69,0.3333,0,10.6667,-10.6667,6.6857,1.583625,-1.5372,3.1208,4.2721,-4.343681,-14.7227,-3.866152,-9.9506,-7.139385,-9.6712,-12.529726,-12.0326,-18.083649,-15.1114,1199.696769,1066.2717,1.1251,true,0.005159,0.016957,0.011798,3.029,0.332307,0.493758,0.114605,0.12086,0.117951,0.125849,0.052464,0.035484,0.038792,0.073657,1.7146,0.057514,0.736546,0.679032,-0.036655,0.325027,0.000121,0.00057967,1783.613096,1188.6801,
68,14,false,66,69,0.6667,0,11.3333,-11.3333,3.3341,-17.822227,-24.1676,6.3454,12.1752,-22.497249,-35.2163,-21.979496,-31.187,-23.419447,-31.0005,-26.352781,-33.7587,-30.109205,-37.2819,594.859078,556.0379,1.0698,false,0.000473,0.00002,0.000453,0.2332,0.031014,0.164243,0.08577,0.018702,0.008717,0.013514,0.018427,0.004346,0.004276,0.001374,4.2484,0.064277,0.970579,0.906302,0.010057,0.587357,0.000048,0.00025667,619.254644,1146.7634,
68,31,false,66,69,0.6667,0,12,-12,4.067,-12.539686,-20.1695,7.6298,12.4547,-17.27988,-31.4086,-16.756531,-27.4181,-18.753318,-27.2283,-22.294563,-29.98,-26.61109,-33.6002,683.561252,579.1941,1.1802,true,0.001094,0.000124,0.00097,0.7895,0.05204,0.217889,0.123535,0.037018,0.014789,0.0277,0.026645,0.009307,0.009046,0.002696,3.6733,0.064364,0.953036,0.888672,0.010817,0.580723,0.000032,0.00025267,758.331848,947.8086,
68,36,false,66,69,0.6667,0,10.6667,-10.6667,4.5967,-11.29395,-17.7499,6.4559,11.0336,-16.111621,-30.1194,-15.584978,-25.2414,-17.734348,-24.9755,-21.399709,-27.664,-25.836304,-31.3348,706.123791,617.1263,1.1442,true,0.001347,0.00042,0.000927,0.9768,0.055656,0.252152,0.130867,0.051573,0.017351,0.041424,0.029594,0.013183,0.010376,0.005468,3.9928,0.064392,0.95017,0.885778,0.010996,0.574922,0.00002,0.000252,794.70464,873.8814,
68,40,false,66,69,0.6667,0,11.3333,-11.3333,4.7444,-10.287717,-15.2981,5.0104,9.3685,-15.258573,-27.1437,-14.739218,-22.9331,-17.000452,-22.6325,-20.754348,-25.3536,-25.276056,-29.0145,722.870984,671.8186,1.076,true,0.001575,0.001283,0.000292,1.0328,0.060227,0.282562,0.134852,0.071265,0.019388,0.056264,0.031897,0.018099,0.01177,0.008161,4.166,0.064407,0.948815,0.884408,0.011133,0.564503,0.000009,0.000269,817.040533,846.1107,
68,45,false,66,69,0.6667,0,12,-12,4.9003,-9.067989,-13.4334,4.3654,8.3481,-14.273166,-25.4395,-13.780104,-21.1839,-16.167813,-20.9156,-20.023116,-23.6019,-24.640693,-27.2988,745.961985,736.0982,1.0134,true,0.001851,0.002433,0.000582,1.169,0.069271,0.302283,0.13749,0.087134,0.022087,0.073068,0.034203,0.022417,0.01364,0.01283,3.9394,0.064409,0.93551,0.871101,0.011321,0.554522,-0.000004,0.00030833,855.439149,852.3948,
68,49,false,66,69,0.6667,0,12,-12,5.1375,-8.137867,-12.0277,3.8898,7.408,-13.535524,-24.0169,-13.080002,-19.6772,-15.558607,-19.4561,-19.490502,-22.1292,-24.178494,-25.8265,761.416194,780.6754,1.0253,true,0.002017,0.004079,0.002062,1.2588,0.079434,0.317865,0.137817,0.091595,0.024736,0.079899,0.035298,0.027937,0.015071,0.018713,3.666,0.064387,0.950634,0.886247,0.011507,0.541113,-0.000013,0.000299,879.822777,880.6843,
68,54,false,66,69,0.6667,0,11.3333,-11.3333,5.1841,-7.027552,-11.2664,4.2389,7.3654,-12.661215,-22.7087,-12.274549,-19.0398,-14.855219,-18.7636,-18.880525,-21.4767,-23.650666,-25.1496,779.643747,799.6772,1.0257,true,0.002145,0.005072,0.002927,1.3122,0.095491,0.324473,0.13628,0.095921,0.02931,0.084575,0.035638,0.03019,0.01703,0.021443,3.1706,0.064324,0.950957,0.886633,0.011824,0.536471,-0.000019,0.000304,918.042584,897.1648,
68,61,false,66,69,0.6667,0,12.6667,-12.6667,5.3831,-5.588205,-10.5854,4.9972,7.4738,-11.502983,-21.9261,-11.24947,-18.3509,-13.955014,-18.1341,-18.11195,-20.8165,-22.989217,-24.511,807.585844,817.6156,1.0124,true,0.002274,0.006078,0.003804,1.4745,0.122705,0.330936,0.131389,0.098506,0.038639,0.089032,0.034719,0.032537,0.02085,0.024416,2.5691,0.064162,0.956912,0.89275,0.012498,0.527855,-0.000021,0.00030467,966.614034,916.309,
68,69,false,66,69,0.6667,0,12.6667,-12.6667,6.0185,-4.061825,-9.7921,5.7302,7.4328,-10.249946,-21.7248,-10.18493,-17.7074,-13.013843,-17.3196,-17.326388,-19.9899,-22.318763,-23.6909,849.889794,850.8542,1.0011,true,0.002585,0.007548,0.004963,1.6423,0.157504,0.339663,0.123871,0.100388,0.052449,0.091171,0.033425,0.035896,0.026907,0.027538,2.0875,0.063883,0.960881,0.896998,0.013646,0.519268,-0.000017,0.00031167,1029.766674,946.5618,
68,77,false,66,69,0.6667,0,11.3333,-11.3333,5.8928,-2.687908,-9.0703,6.3824,7.4543,-9.062726,-20.6161,-9.201352,-16.7261,-12.140192,-16.6255,-16.611834,-19.2969,-21.713534,-22.994,898.272073,882.0863,1.0183,true,0.003177,0.00876,0.005583,1.8002,0.192716,0.338354,0.116759,0.104353,0.067182,0.096504,0.033669,0.038871,0.033322,0.030414,1.7184,0.063531,0.943222,0.879691,0.015094,0.520022,-0.00001,0.00032767,1124.239806,970.8594,
68,85,false,66,69,0.6667,0,12,-12,6.4123,-1.397292,-8.0617,6.6644,7.1036,-7.941091,-19.5597,-8.278051,-15.8308,-11.320234,-15.6068,-15.947973,-18.2823,-21.153314,-21.9861,941.475443,912.8729,1.0313,true,0.00391,0.010224,0.006314,1.9522,0.225065,0.343389,0.111791,0.105061,0.080486,0.101018,0.035584,0.039822,0.038374,0.035,1.5034,0.063148,0.961261,0.898113,0.016637,0.510796,-0.000004,0.00032833,1177.957421,1005.4265,
68,93,false,66,69,0.6667,0,10.6667,-10.6667,6.7092,-0.186642,-7.1716,6.9849,6.8495,-6.885036,-19.041,-7.403025,-14.9745,-10.546651,-14.7717,-15.321222,-17.4014,-20.622724,-21.1069,1030.178843,937.6093,1.0987,true,0.004698,0.011325,0.006627,2.1448,0.252322,0.346074,0.109651,0.10607,0.091309,0.104246,0.038518,0.040879,0.041854,0.037135,1.3574,0.062784,0.968231,0.905447,0.018093,0.504248,0.000001,0.000333,1372.741809,1036.1063,
68,101,false,66,69,0.6667,0,10.6667,-10.6667,7.0001,0.691467,-6.2265,6.918,6.6515,-5.903464,-18.4102,-6.568563,-14.26,-9.814075,-13.9483,-14.723564,-16.6058,-20.112547,-20.318,1109.855168,963.0328,1.1525,true,0.005497,0.012735,0.007238,2.252,0.27328,0.350302,0.110062,0.109697,0.099513,0.104635,0.041832,0.044196,0.044287,0.040624,1.2719,0.062442,0.974519,0.912077,0.019076,0.504293,0.000005,0.00033733,1535.534157,1074.7646,
68,109,false,66,69,0.6667,0,12.6667,-12.6667,7.0952,1.144583,-4.7117,5.8563,5.7714,-5.05972,-16.8814,-5.773753,-12.707,-9.117547,-12.5131,-14.150358,-15.1524,-19.618987,-18.8694,1187.855431,1015.3855,1.1699,true,0.006272,0.01479,0.008518,2.3935,0.287617,0.356512,0.11223,0.108317,0.105389,0.106061,0.044961,0.050264,0.04611,0.044807,1.2315,0.062144,0.983761,0.921617,0.019032,0.495447,0.000007,0.00034867,1695.335053,1139.4115,
68,117,false,66,69,0.6667,0,12,-12,6.9268,1.430327,-3.281,4.7113,5.0829,-4.351179,-14.8169,-5.036487,-11.3799,-8.452622,-11.2417,-13.598555,-13.9122,-19.140379,-17.5991,1295.611467,1050.5901,1.2332,true,0.007041,0.015846,0.008805,2.4754,0.295726,0.359536,0.115452,0.103908,0.109391,0.111612,0.047577,0.052373,0.047657,0.045267,1.2087,0.062011,0.996094,0.934083,0.018319,0.489557,0.000008,0.000358,1910.887949,1192.8552,
68,124,false,66,69,0.6667,0,11.3333,-11.3333,7.3351,1.583625,-1.5377,3.1213,3.9066,-3.816129,-14.2968,-4.448954,-9.9378,-7.89404,-9.5681,-13.131792,-12.2691,-18.733381,-15.9512,1440.91063,1097.0173,1.3135,true,0.007779,0.016079,0.0083,2.5367,0.298356,0.362585,0.118796,0.105399,0.111683,0.110179,0.049363,0.053206,0.049002,0.046119,1.2083,0.062013,1.002133,0.94012,0.017279,0.486808,0.000008,0.00037633,2170.976736,1262.2638,
69,14,true,69,69,0,0,12,-12,4.2962,-18.468997,-23.4479,4.9789,6.8987,-23.554278,-34.5479,-22.551158,-30.6486,-24.685432,-30.3155,-31.249891,-33.3794,-33.760564,-37.6755,777.996557,573.3365,1.357,true,0.001185,0.000028,0.001157,3.5007,0.029727,0.123799,0.107033,0.022035,0.012327,0.012752,0.024441,0.005679,0.006763,0.001343,3.6533,0.070677,1.219395,1.148718,0.091389,0.810248,-0.000497,-0.000044,845.582448,1240.0282,
69,31,true,69,69,0,0,12,-12,5.3483,-12.333573,-19.2583,6.9248,7.4635,-17.552368,-30.731,-16.8381,-26.5047,-19.413678,-26.2221,-26.604874,-29.2991,-29.916546,-33.715,943.014116,592.3089,1.5921,true,0.003524,0.000175,0.003349,4.1142,0.070199,0.169514,0.155719,0.036646,0.021109,0.023949,0.040472,0.013759,0.015344,0.002072,3.5527,0.070808,1.198723,1.127915,0.091965,0.798009,-0.00049,-0.000029,1002.209036,1004.9737,
69,36,true,69,69,0,0,10,-10,5.8101,-11.109965,-17.6392,6.5292,6.9026,-16.166355,-29.7905,-15.612142,-25.1062,-18.271772,-24.6552,-25.597278,-27.7306,-29.076769,-32.1703,989.482871,614.3819,1.6105,true,0.004315,0.00037,0.003945,4.2501,0.076078,0.189446,0.168798,0.04384,0.025069,0.031169,0.04429,0.019135,0.017609,0.002891,3.3209,0.070829,1.196597,1.125768,0.09208,0.786791,-0.000485,-0.000002,1056.343321,948.1937,
69,40,true,69,69,0,0,12,-12,5.9337,-10.173574,-15.1994,5.0258,5.2653,-15.158054,-27.1417,-14.733633,-22.713,-17.453438,-22.2777,-24.874289,-25.3703,-28.470624,-29.8182,1015.805344,672.11,1.5114,true,0.005029,0.001034,0.003995,4.3283,0.080173,0.214946,0.177373,0.061026,0.028356,0.042923,0.047733,0.028776,0.019566,0.004156,2.6381,0.070846,1.193257,1.122411,0.092162,0.767615,-0.000483,0.000037,1071.678764,916.4526,
69,45,true,69,69,0,0,12,-12,6.3132,-8.936915,-12.7378,3.8009,3.7312,-14.010183,-25.1197,-13.739676,-20.3432,-16.531721,-19.9968,-24.059517,-23.0214,-27.782851,-27.526,1054.973916,758.8794,1.3902,true,0.006045,0.002469,0.003576,4.5032,0.086348,0.234975,0.185409,0.081349,0.032439,0.061739,0.052132,0.038997,0.022662,0.007728,2.5426,0.070865,1.173587,1.102722,0.092247,0.75245,-0.000485,0.0001,1116.158037,925.7109,
69,49,true,69,69,0,0,12,-12,6.3144,-8.014926,-11.5438,3.5288,3.0537,-13.172249,-22.9663,-13.012599,-19.0102,-15.864323,-18.6708,-23.470267,-21.7547,-27.281466,-26.1962,1078.399686,800.2654,1.3476,true,0.00689,0.003658,0.003232,4.5221,0.093118,0.243791,0.189642,0.084052,0.035563,0.066975,0.055293,0.044112,0.025365,0.011632,2.4612,0.070869,1.195246,1.124377,0.092292,0.732679,-0.000491,0.000091,1129.179649,958.244,
69,54,true,69,69,0,0,10,-10,6.5311,-6.922543,-10.9798,4.0572,3.2379,-12.211887,-22.4914,-12.171778,-18.5217,-15.1045,-18.1904,-22.802163,-21.2708,-26.708274,-25.6971,1115.542061,812.6902,1.3727,true,0.007838,0.004271,0.003567,4.6173,0.104647,0.248509,0.192279,0.086504,0.039464,0.070998,0.058228,0.045795,0.028584,0.013368,2.2548,0.070851,1.194884,1.124033,0.092307,0.726211,-0.000504,0.000099,1179.389662,972.3865,
69,61,true,69,69,0,0,12,-12,6.4638,-5.492413,-10.2163,4.7239,3.309,-11.00126,-21.2998,-11.093098,-17.742,-14.156286,-17.4539,-21.975448,-20.5152,-25.991678,-24.9547,1141.591591,835.2746,1.3667,true,0.008626,0.005334,0.003292,4.7579,0.126821,0.25494,0.191521,0.088454,0.046139,0.075839,0.059767,0.050072,0.032719,0.015808,2.0469,0.070759,1.203061,1.132302,0.092229,0.712512,-0.000531,0.000102,1203.416322,999.8811,
69,69,true,69,69,0,0,12,-12,7.2702,-4.011917,-9.5502,5.5383,3.4434,-9.761439,-21.5094,-9.964402,-17.2929,-13.202012,-16.7644,-21.148934,-19.823,-25.270047,-24.2444,1184.65203,870.3326,1.3611,true,0.009168,0.006243,0.002925,4.8883,0.158963,0.260462,0.185972,0.089131,0.057512,0.07961,0.058644,0.051643,0.038337,0.017616,1.9769,0.070552,1.209064,1.138512,0.092002,0.704961,-0.000565,0.000109,1272.711426,1029.0677,
69,77,true,69,69,0,0,12,-12,6.9761,-2.641024,-8.778,6.137,3.47,-8.627995,-19.5674,-8.919747,-16.16,-12.348342,-16.0354,-20.409632,-19.1104,-24.623349,-23.503,1236.276967,906.4446,1.3639,true,0.01012,0.007529,0.002591,4.9863,0.194367,0.256293,0.178111,0.094851,0.072399,0.083172,0.057068,0.05739,0.045375,0.019816,1.8572,0.070253,1.182218,1.111965,0.091667,0.703876,-0.000591,0.000136,1346.374522,1057.689,
69,85,true,69,69,0,0,12,-12,7.6796,-1.416194,-7.7179,6.3017,3.0526,-7.568499,-19.1102,-7.943826,-15.2351,-11.565435,-14.9755,-19.728838,-18.0122,-24.027633,-22.4307,1287.546971,940.1508,1.3695,true,0.011708,0.008917,0.002791,5.1267,0.22914,0.25962,0.170576,0.094427,0.088611,0.088645,0.057151,0.058292,0.052956,0.023518,1.8783,0.069902,1.209031,1.139129,0.091273,0.688249,-0.000607,0.000136,1413.215104,1096.9451,
69,93,true,69,69,0,0,10,-10,8.0645,-0.24804,-6.8096,6.5616,2.8041,-6.565341,-18.2533,-7.02717,-14.4022,-10.832191,-14.0979,-19.086597,-17.1214,-23.466581,-21.5088,1385.526791,967.4476,1.4321,true,0.01403,0.010099,0.003931,5.2309,0.26025,0.261635,0.165257,0.094798,0.104031,0.091204,0.05941,0.06007,0.060243,0.024918,2.0117,0.069547,1.219206,1.149659,0.090879,0.680053,-0.000614,0.000141,1568.325484,1133.2352,
69,101,true,69,69,0,0,12,-12,8.3715,0.691089,-6.1516,6.8427,2.8767,-5.621032,-17.7266,-6.162096,-13.9677,-10.134654,-13.5343,-18.473297,-16.5807,-22.931411,-20.9506,1496.073742,984.8221,1.5191,true,0.016729,0.011039,0.00569,5.2922,0.28549,0.263887,0.162872,0.096686,0.116965,0.092474,0.063161,0.063251,0.066155,0.026856,2.0663,0.069098,1.226562,1.157464,0.090058,0.673193,-0.000614,0.000147,1735.956685,1160.3541,
69,109,true,69,69,0,0,14,-14,8.4688,1.174211,-4.5563,5.7305,1.9704,-4.789991,-16.1732,-5.352116,-12.3344,-9.464377,-12.0885,-17.885802,-15.0869,-22.418239,-19.4551,1608.598955,1043.6567,1.5413,true,0.019315,0.013272,0.006043,5.423,0.303672,0.267279,0.163254,0.095056,0.126641,0.09304,0.067395,0.071141,0.070269,0.029443,2.0351,0.068295,1.240299,1.172004,0.087438,0.660825,-0.000611,0.000158,1913.756713,1230.6266,
69,117,true,69,69,0,0,12,-12,8.1785,1.476614,-3.0032,4.4798,1.2838,-4.082155,-14.2444,-4.615726,-10.9406,-8.816299,-10.8049,-17.322398,-13.8369,-21.925121,-18.1521,1744.909648,1084.9321,1.6083,true,0.021683,0.014833,0.00685,5.4741,0.314677,0.267513,0.165754,0.090494,0.133069,0.098103,0.071408,0.079323,0.072849,0.029197,2.1137,0.067523,1.259691,1.192168,0.084049,0.653774,-0.000606,0.000162,2135.174965,1288.4095,
69,124,true,69,69,0,0,12,-12,8.6249,1.583625,-1.5383,3.1219,0.4234,-3.543005,-13.8708,-4.041074,-9.9249,-8.268585,-9.465,-16.851545,-12.5057,-21.512201,-16.7911,1897.592323,1128.6494,1.6813,true,0.023647,0.015202,0.008445,5.5422,0.318464,0.26626,0.168606,0.091915,0.135772,0.09646,0.074036,0.079779,0.073659,0.028876,2.1519,0.067058,1.267719,1.200661,0.081237,0.648588,-0.000601,0.000173,2355.476224,1340.4026,
70,14,false,69,72,0.3333,0,11.3333,-11.3333,3.2033,-18.870617,-23.8113,4.9407,11.3984,-24.506106,-36.1975,-22.920493,-30.8596,-24.055632,-30.521,-26.754155,-33.3833,-30.349066,-37.3682,599.719412,592.2788,1.0126,false,0.000191,0.000046,0.000145,0.39,0.017837,0.132147,0.057632,0.014774,0.004292,0.009066,0.011605,0.005657,0.003506,0.002098,5.1064,0.074736,1.694551,1.619815,0.13448,0.706978,-0.000117,0.00025967,514.107767,1225.852,
70,31,false,69,72,0.3333,0,12,-12,4.3475,-12.105382,-19.3964,7.291,12.3109,-17.867701,-32.1609,-16.318981,-26.5895,-18.140973,-26.2607,-21.636579,-29.1782,-26.050582,-33.2159,680.572419,629.3379,1.0814,false,0.000693,0.00027,0.000423,0.5781,0.039029,0.172116,0.08198,0.039503,0.007864,0.019906,0.022556,0.013744,0.005735,0.003204,3.7144,0.074808,1.644145,1.569337,0.134682,0.704914,0.000025,0.00028,650.14237,1003.3329,
70,36,false,69,72,0.3333,0,10.6667,-10.6667,4.3849,-10.701599,-17.1005,6.3989,11.3422,-16.427277,-29.9538,-14.883552,-24.5568,-16.8955,-24.1797,-20.56883,-27.1418,-25.155542,-31.2341,704.241818,662.3669,1.0632,false,0.000852,0.000851,0.000001,0.7113,0.044489,0.193607,0.090214,0.054829,0.009209,0.02915,0.024637,0.021406,0.007075,0.005309,3.7367,0.074801,1.623804,1.549003,0.134659,0.69851,0.000021,0.00029067,684.011815,943.8606,
70,40,false,69,72,0.3333,0,11.3333,-11.3333,4.8725,-9.745975,-14.8725,5.1265,9.9402,-15.39393,-28.0573,-13.859638,-22.4264,-16.004684,-21.9783,-19.80934,-24.9802,-24.516655,-29.1293,723.430326,726.0645,1.0036,true,0.000991,0.001956,0.000965,0.8027,0.047696,0.212077,0.096105,0.074218,0.010345,0.039477,0.026358,0.032209,0.00786,0.00775,3.8491,0.074798,1.617882,1.543084,0.134645,0.685035,0.000015,0.00031467,716.274417,926.2411,
70,45,false,69,72,0.3333,0,11.3333,-11.3333,5.1936,-8.621482,-12.6765,4.0551,8.7198,-14.222556,-26.1878,-12.71319,-20.3763,-15.000639,-19.9428,-18.958901,-22.9095,-23.797442,-27.0769,745.251826,798.9711,1.0721,true,0.001194,0.003513,0.002319,0.9916,0.051103,0.233144,0.102283,0.094062,0.011843,0.054024,0.028861,0.041061,0.008805,0.012849,3.9792,0.0748,1.601261,1.526461,0.134635,0.671694,0.000005,0.000349,749.608831,936.8457,
70,49,false,69,72,0.3333,0,12,-12,5.228,-7.670115,-11.7307,4.0605,8.3433,-13.363671,-24.4327,-11.887784,-19.2787,-14.272311,-18.9133,-18.346158,-21.9202,-23.275969,-26.0712,761.424063,828.9567,1.0887,true,0.001379,0.004481,0.003102,1.067,0.054084,0.239335,0.10618,0.097204,0.013131,0.056904,0.031032,0.045456,0.009741,0.017209,3.8908,0.074802,1.59947,1.524668,0.134625,0.660849,-0.000005,0.000341,774.564838,964.6301,
70,54,false,69,72,0.3333,0,10.6667,-10.6667,5.4054,-6.562212,-11.1247,4.5625,8.4781,-12.368802,-23.842,-10.952827,-18.7222,-13.441743,-18.3522,-17.651482,-21.3603,-22.681269,-25.5405,780.645956,849.8973,1.0887,true,0.001628,0.005016,0.003388,1.2016,0.058853,0.246131,0.109776,0.099718,0.014847,0.059082,0.033661,0.046674,0.011106,0.019193,3.72,0.074801,1.58522,1.510419,0.134595,0.656055,-0.000018,0.00034233,802.725852,976.4278,
70,61,false,69,72,0.3333,0,10.6667,-10.6667,5.466,-5.135331,-10.5172,5.3819,8.7436,-11.096614,-23.1121,-9.789791,-18.1452,-12.403532,-17.7569,-16.788983,-20.7633,-21.938169,-24.9197,810.77696,871.0005,1.0743,true,0.001958,0.00618,0.004222,1.379,0.068365,0.2493,0.112673,0.103172,0.017651,0.064231,0.036523,0.051269,0.013178,0.022201,3.3089,0.074773,1.598626,1.523853,0.134475,0.645768,-0.000035,0.00034967,859.080353,999.9501,
70,69,false,69,72,0.3333,0,12,-12,6.0402,-3.638171,-9.7122,6.074,8.7992,-9.787194,-22.7181,-8.61453,-17.4596,-11.358161,-16.965,-15.928427,-19.9583,-21.193239,-24.1259,835.218651,905.5546,1.0842,true,0.002198,0.007196,0.004998,1.5769,0.083106,0.257851,0.113494,0.105101,0.021918,0.066772,0.037883,0.05345,0.015611,0.024689,2.8768,0.074677,1.596903,1.522226,0.134163,0.638877,-0.000047,0.00035567,901.187123,1031.4633,
70,77,false,69,72,0.3333,0,12,-12,5.9596,-2.271627,-8.898,6.6264,8.8083,-8.600354,-21.2881,-7.553858,-16.4887,-10.425974,-16.1733,-15.168444,-19.2075,-20.535977,-23.3504,866.072658,939.3801,1.0846,true,0.00233,0.008482,0.006152,1.7083,0.100476,0.254303,0.112565,0.112597,0.027651,0.068281,0.037527,0.058462,0.018677,0.027663,2.3924,0.074509,1.576424,1.501915,0.133649,0.637311,-0.000052,0.00037633,975.058585,1061.4827,
70,85,false,69,72,0.3333,0,13.3333,-13.3333,6.2172,-0.987682,-7.8368,6.8491,8.4107,-7.504152,-20.1318,-6.574782,-15.3741,-9.577119,-15.1279,-14.481389,-18.1228,-19.94539,-22.3091,893.83829,975.3449,1.0912,true,0.002467,0.009908,0.007441,1.9094,0.118186,0.257972,0.110951,0.113486,0.03411,0.072435,0.03655,0.060127,0.022226,0.031963,2.0905,0.074293,1.591325,1.517032,0.132987,0.625695,-0.000051,0.00038067,1040.551989,1102.1712,
70,93,false,69,72,0.3333,0,12,-12,6.5031,0.163143,-6.8618,7.0249,8.0632,-6.475787,-19.1272,-5.657788,-14.4438,-8.790954,-14.165,-13.847208,-17.1411,-19.404406,-21.3065,941.109536,1005.9866,1.0689,true,0.002658,0.011492,0.008834,2.0801,0.134393,0.262884,0.10949,0.115788,0.040419,0.073678,0.035832,0.063502,0.025573,0.034621,1.8899,0.074057,1.602261,1.528204,0.132262,0.616339,-0.000048,0.000389,1171.256524,1142.9361,
70,101,false,69,72,0.3333,0,11.3333,-11.3333,6.9785,0.871308,-5.9574,6.8287,7.821,-5.523304,-18.7419,-4.803753,-13.8002,-8.053079,-13.2989,-13.251582,-16.3033,-18.899383,-20.4647,1007.33287,1034.8655,1.0273,true,0.002923,0.013034,0.010111,2.1941,0.147932,0.263728,0.108696,0.119544,0.046053,0.075222,0.035767,0.067955,0.028512,0.037851,1.7332,0.073386,1.600496,1.52711,0.130366,0.611999,-0.000044,0.00039067,1349.698198,1182.1182,
70,109,false,69,72,0.3333,0,14,-14,6.8674,1.325426,-4.4104,5.7359,6.9089,-4.684357,-16.8043,-4.036084,-12.1404,-7.354078,-11.8838,-12.685754,-14.8253,-18.421191,-19.023,1093.271027,1090.8309,1.0022,true,0.003251,0.015109,0.011858,2.3902,0.158148,0.265045,0.108775,0.118993,0.050663,0.077448,0.036307,0.074589,0.030946,0.041027,1.8267,0.072197,1.603538,1.531341,0.12649,0.604521,-0.00004,0.00039133,1567.154278,1246.2473,
70,117,false,69,72,0.3333,0,12.6667,-12.6667,6.6088,1.583625,-2.9908,4.5744,6.1732,-3.963163,-15.025,-3.363673,-10.7619,-6.689128,-10.5897,-12.145811,-13.5497,-17.965616,-17.7358,1210.107347,1129.3012,1.0716,true,0.003607,0.016233,0.012626,2.4967,0.164895,0.265745,0.109574,0.115289,0.054103,0.079608,0.037089,0.080143,0.03285,0.041135,1.9143,0.071126,1.614516,1.54339,0.122439,0.60086,-0.000038,0.00039167,1837.372455,1300.8659,
70,124,false,69,72,0.3333,0,12.6667,-12.6667,6.7882,1.583625,-1.5387,3.1223,5.4874,-3.421063,-14.313,-2.849981,-9.811,-6.149784,-9.4433,-11.701966,-12.4201,-17.589635,-16.5939,1318.759699,1200.731,1.0983,true,0.003802,0.020957,0.017155,2.5754,0.167227,0.275699,0.109766,0.124844,0.055508,0.085847,0.036826,0.088589,0.033507,0.045185,2.1054,0.070448,1.59139,1.520942,0.119408,0.589148,-0.000037,0.00039867,2058.425867,1359.486,
71,14,false,69,72,0.6667,0,10.6667,-10.6667,4.0421,-20.474181,-24.1747,3.7005,9.8937,-26.018246,-37.8472,-24.553835,-31.0706,-25.800196,-30.7264,-28.26279,-33.3872,-31.715558,-37.0608,627.754396,611.8469,1.026,false,0.000218,0.000065,0.000153,0.2209,0.026996,0.141057,0.061283,0.009906,0.005565,0.006445,0.012933,0.005636,0.002873,0.003278,4.0831,0.076856,2.169706,2.09285,0.149847,0.603708,-0.000015,0.00056333,526.964933,1211.8378,
71,31,false,69,72,0.6667,0,12,-12,5.1207,-12.814157,-19.5344,6.7202,11.4542,-18.711012,-33.5908,-17.105596,-26.6743,-18.955222,-26.2993,-22.372369,-29.0573,-26.762754,-32.7167,699.483036,668.6819,1.0461,false,0.000746,0.000365,0.000381,0.7309,0.030043,0.174757,0.084211,0.042583,0.00811,0.016546,0.023712,0.013728,0.004539,0.004953,4.614,0.07698,2.089568,2.012588,0.150194,0.611818,0.000164,0.000589,653.573955,1001.6947,
71,36,false,69,72,0.6667,0,11.3333,-11.3333,4.6936,-11.208614,-16.5618,5.3532,10.1243,-17.041068,-30.1172,-15.567236,-24.0074,-17.543107,-23.7043,-21.197928,-26.553,-25.785895,-30.2979,727.17743,714.0996,1.0183,true,0.000991,0.001331,0.00034,0.8431,0.036891,0.197859,0.093547,0.068571,0.00932,0.027262,0.027212,0.023946,0.006047,0.009751,4.4328,0.076999,2.051011,1.974012,0.150181,0.610228,0.000169,0.00058333,694.022346,939.5473,
71,40,false,69,72,0.6667,0,10.6667,-10.6667,5.53,-10.114427,-14.5456,4.4312,8.9879,-15.830624,-28.9728,-14.474987,-22.1398,-16.545545,-21.6789,-20.37149,-24.5902,-25.097202,-28.4403,747.457291,784.3503,1.0494,true,0.00117,0.002877,0.001707,0.9147,0.041266,0.209247,0.100951,0.090262,0.01053,0.036309,0.029277,0.036052,0.007299,0.01445,4.2766,0.077009,2.042508,1.965499,0.150156,0.602455,0.000168,0.00059233,721.173651,936.1341,
71,45,false,69,72,0.6667,0,10.6667,-10.6667,5.7948,-8.926297,-12.6153,3.689,8.1141,-14.466959,-27.256,-13.248166,-20.4093,-15.43662,-19.8887,-19.452714,-22.7975,-24.329218,-26.6279,774.550982,841.1808,1.086,true,0.001402,0.004557,0.003155,1.1073,0.045516,0.231327,0.10944,0.108761,0.012209,0.047273,0.031716,0.043235,0.008556,0.021362,4.347,0.07702,2.028935,1.951915,0.150125,0.590937,0.000162,0.000598,766.306605,948.1144,
71,49,false,69,72,0.6667,0,12,-12,5.875,-8.011858,-11.9175,3.9057,8.0613,-13.487819,-25.8991,-12.358353,-19.5472,-14.642906,-19.1558,-18.793672,-22.0857,-23.776419,-25.9462,793.420893,858.6766,1.0822,true,0.001613,0.005305,0.003692,1.2209,0.048327,0.234961,0.115314,0.112415,0.013633,0.048348,0.033889,0.046841,0.009394,0.025459,4.1998,0.077032,2.003693,1.926661,0.150105,0.589019,0.000155,0.000591,792.887775,971.0588,
71,54,false,69,72,0.6667,0,11.3333,-11.3333,6.0314,-6.875744,-11.2697,4.394,8.1704,-12.384685,-25.1925,-11.343033,-18.9226,-13.748251,-18.514,-18.048736,-21.4498,-23.149506,-25.3838,816.323452,888.8079,1.0888,true,0.001909,0.00576,0.003851,1.3646,0.05174,0.243775,0.121332,0.114951,0.015482,0.049167,0.036874,0.047571,0.010489,0.027555,4.1104,0.077049,1.975557,1.898508,0.150085,0.5859,0.000143,0.00058567,830.099443,980.4859,
71,61,false,69,72,0.6667,0,9.3333,-9.3333,6.2446,-5.401816,-10.8181,5.4163,8.6544,-11.021069,-24.9244,-10.076019,-18.5483,-12.643307,-18.0598,-17.126264,-21.0114,-22.369981,-24.8847,846.509735,908.2544,1.0729,true,0.002371,0.007025,0.004654,1.5314,0.057489,0.243784,0.127366,0.120339,0.018179,0.0544,0.041037,0.052495,0.012374,0.031178,3.7604,0.077074,1.994191,1.917117,0.150043,0.579023,0.000126,0.00059733,875.358389,1000.019,
71,69,false,69,72,0.6667,0,12,-12,6.6175,-3.915157,-9.8741,5.9589,8.6547,-9.657681,-23.9267,-8.805565,-17.6263,-11.544079,-17.1655,-16.208214,-20.0936,-21.591943,-24.0074,884.745742,942.2021,1.0649,true,0.002869,0.008148,0.005279,1.7361,0.066452,0.255266,0.131276,0.123933,0.021612,0.056004,0.044686,0.055321,0.014851,0.034601,3.4697,0.077089,1.984741,1.907652,0.14993,0.572792,0.000109,0.00060233,946.85707,1033.8646,
71,77,false,69,72,0.6667,0,12,-12,6.7891,-2.493783,-9.018,6.5242,8.6716,-8.442959,-23.0089,-7.678398,-16.8174,-10.576637,-16.3113,-15.402189,-19.3045,-20.908854,-23.1979,913.436929,973.5122,1.0658,true,0.003189,0.009434,0.006245,1.8323,0.077579,0.252328,0.132721,0.133662,0.025663,0.056055,0.046359,0.059554,0.01719,0.038617,2.9953,0.077072,1.970631,1.893559,0.1497,0.570745,0.000099,0.00061667,1002.62162,1065.2901,
71,85,false,69,72,0.6667,0,14.6667,-14.6667,6.645,-1.261311,-7.9557,6.6944,8.322,-7.333321,-21.1534,-6.656688,-15.5131,-9.706801,-15.2804,-14.680734,-18.2334,-20.29889,-22.1875,949.98737,1011.8566,1.0651,true,0.003375,0.0109,0.007525,2.0209,0.089857,0.256335,0.132611,0.136393,0.030648,0.059189,0.046327,0.06202,0.020014,0.043441,2.6672,0.077027,1.973619,1.896592,0.149359,0.563141,0.000094,0.00062533,1093.218726,1107.4222,
71,93,false,69,72,0.6667,0,14,-14,6.8739,-0.062732,-6.9139,6.8512,7.9075,-6.30042,-20.001,-5.713133,-14.4854,-8.909041,-14.232,-14.022598,-17.1608,-19.744214,-21.1041,984.550161,1046.0609,1.0625,true,0.003525,0.012885,0.00936,2.1848,0.101699,0.264139,0.131914,0.141426,0.035901,0.05952,0.045543,0.06713,0.022997,0.048104,2.4543,0.076974,1.985315,1.908341,0.148956,0.552626,0.000093,0.000637,1179.382802,1152.7201,
71,101,false,69,72,0.6667,0,10.6667,-10.6667,7.5799,0.77214,-5.7631,6.5352,7.3829,-5.337644,-19.7572,-4.835818,-13.6327,-8.165804,-13.0635,-13.412245,-16.0259,-19.2315,-19.9789,1031.912727,1087.4517,1.0538,true,0.003693,0.01503,0.011337,2.284,0.111946,0.26357,0.131356,0.147806,0.040726,0.061189,0.044774,0.07301,0.025621,0.053348,2.2434,0.076662,1.97443,1.897768,0.147932,0.550805,0.000094,0.00063433,1306.090438,1204.2906,
71,109,false,69,72,0.6667,0,14,-14,7.3561,1.215294,-4.2646,5.4799,6.4941,-4.473134,-17.4354,-4.036494,-11.9464,-7.465062,-11.6792,-12.838947,-14.5638,-18.751569,-18.5908,1105.989936,1140.1374,1.0309,true,0.003906,0.016946,0.01304,2.4893,0.120082,0.26283,0.131271,0.148958,0.044769,0.064468,0.044284,0.078204,0.027797,0.057168,2.0974,0.075618,1.966777,1.891159,0.144682,0.548217,0.000096,0.00062467,1492.828788,1262.0663,
71,117,false,69,72,0.6667,0,13.3333,-13.3333,7.2234,1.48758,-2.9783,4.4659,5.7356,-3.720152,-15.8057,-3.325008,-10.5832,-6.798854,-10.3745,-12.296159,-13.2625,-18.298932,-17.3195,1207.610014,1175.4848,1.0273,true,0.004168,0.017633,0.013465,2.6093,0.125983,0.263988,0.13172,0.146877,0.047806,0.064601,0.044007,0.080971,0.02952,0.057955,2.0149,0.074545,1.969341,1.894796,0.140839,0.547945,0.000098,0.00062133,1725.301975,1313.4426,
71,124,false,69,72,0.6667,0,13.3333,-13.3333,7.1903,1.583625,-1.5391,3.1227,5.2479,-3.153601,-14.7552,-2.788769,-9.6972,-6.25842,-9.4216,-11.855889,-12.3345,-17.930065,-16.3968,1281.764129,1277.416,1.0034,true,0.004105,0.026712,0.022607,2.6846,0.128234,0.285473,0.131264,0.169569,0.04832,0.076402,0.042425,0.098372,0.029481,0.070706,2.1375,0.07357,1.91506,1.84149,0.137502,0.529707,0.0001,0.00062433,1907.179389,1378.8411,
72,14,true,72,72,0,0,10,-10,5.2209,-21.964989,-24.5381,2.5731,7.1029,-27.888011,-39.4968,-27.746047,-31.2816,-28.807312,-30.9318,-31.057475,-33.3911,-34.273823,-36.7535,668.407229,632.0615,1.0575,false,0.000248,0.000083,0.000165,0.2091,0.034271,0.150569,0.051106,0.006642,0.008676,0.004582,0.011705,0.005614,0.003624,0.005122,3.6718,0.074053,2.644862,2.570809,0.146316,0.500438,-0.000018,0.000867,595.577292,1197.9838,
72,31,true,72,72,0,0,12,-12,6.0096,-14.476686,-19.6724,5.1957,9.6086,-19.517306,-35.0207,-19.121257,-26.7591,-20.830616,-26.3379,-24.097072,-28.9364,-28.330943,-32.2176,753.134813,710.4855,1.06,false,0.000792,0.00046,0.000332,0.9527,0.023288,0.177439,0.078323,0.045903,0.009014,0.013753,0.023231,0.013713,0.004837,0.007659,5.6308,0.074118,2.53499,2.460872,0.146645,0.518723,0.00011,0.000898,761.862485,1000.0592,
72,36,true,72,72,0,0,12,-12,5.1427,-12.602803,-16.0231,3.4203,7.9649,-17.737716,-30.2805,-17.355558,-23.458,-19.260509,-23.2289,-22.768558,-25.9642,-27.238045,-29.3617,791.12164,769.8728,1.0276,true,0.001166,0.001812,0.000646,1.072,0.029827,0.202205,0.086332,0.085759,0.010071,0.025496,0.028708,0.026788,0.005225,0.017907,5.3282,0.074172,2.478218,2.404046,0.146692,0.521947,0.000139,0.000876,828.112641,935.2536,
72,40,true,72,72,0,0,10,-10,6.3544,-11.311675,-14.2188,2.9071,7.1263,-16.477371,-29.8884,-16.108337,-21.8532,-18.159769,-21.3794,-21.843052,-24.2001,-26.480265,-27.7514,821.066357,847.315,1.032,true,0.001486,0.003799,0.002313,1.0859,0.03502,0.206454,0.093507,0.109774,0.011076,0.033394,0.032429,0.040354,0.006241,0.026945,4.808,0.074226,2.467133,2.392907,0.146723,0.519875,0.000145,0.00087,876.20482,946.1328,
72,45,true,72,72,0,0,10,-10,6.5983,-9.903911,-12.5541,2.6502,6.631,-15.06869,-28.3241,-14.722775,-20.4424,-16.940438,-19.8346,-20.823772,-22.6855,-25.646437,-26.1788,854.197097,885.6205,1.0368,true,0.001868,0.005601,0.003733,1.3294,0.040614,0.229525,0.10252,0.125757,0.012796,0.041366,0.035905,0.045523,0.007989,0.035517,4.7324,0.074293,2.456609,2.382316,0.146749,0.510181,0.000145,0.000847,919.689378,959.5187,
72,49,true,72,72,0,0,12,-12,6.7519,-8.925757,-12.1044,3.1787,6.9208,-14.053539,-27.3656,-13.732377,-19.8157,-16.068693,-19.3983,-20.099604,-22.2512,-25.052404,-25.8212,882.521805,889.4621,1.0079,true,0.002185,0.006128,0.003943,1.3827,0.044324,0.230667,0.109259,0.130005,0.014406,0.041078,0.038265,0.048268,0.009347,0.037664,4.4302,0.074345,2.407917,2.333572,0.146766,0.517189,0.000142,0.000841,963.773967,977.5303,
72,54,true,72,72,0,0,12,-12,6.9242,-7.78905,-11.4147,3.6257,7.0203,-12.900697,-26.5431,-12.61851,-19.123,-15.086998,-18.6757,-19.288266,-21.5393,-24.383688,-25.2271,917.04124,929.4999,1.0136,true,0.002623,0.006505,0.003882,1.4077,0.048244,0.241442,0.116699,0.132511,0.016512,0.040915,0.041308,0.048484,0.01074,0.039561,4.317,0.07441,2.365893,2.291483,0.146786,0.515744,0.000135,0.000829,1019.72343,984.5609,
72,61,true,72,72,0,0,8,-8,7.3472,-6.190714,-11.119,4.9283,7.7355,-11.462422,-26.7367,-11.249725,-18.9515,-13.880175,-18.3628,-18.293334,-21.2595,-23.558291,-24.8497,957.255755,947.1018,1.0107,true,0.003318,0.007871,0.004553,1.6748,0.053328,0.238391,0.125002,0.140363,0.019527,0.046074,0.046012,0.05375,0.012442,0.043786,3.9223,0.074501,2.389756,2.315255,0.146819,0.512279,0.000122,0.000845,1075.789427,1000.088,
72,69,true,72,72,0,0,12,-12,7.5796,-4.535725,-10.036,5.5003,7.6859,-10.011188,-25.1353,-9.898259,-17.7931,-12.692322,-17.3661,-17.312271,-20.2289,-22.739026,-23.889,999.929718,980.3327,1.02,true,0.0042,0.009101,0.004901,1.7667,0.05995,0.252707,0.131602,0.146139,0.023104,0.046972,0.051278,0.057257,0.014613,0.048492,3.7556,0.074612,2.37258,2.297968,0.146858,0.506708,0.000106,0.000849,1135.215952,1036.2714,
72,77,true,72,72,0,0,12,-12,8.0456,-3.079015,-9.138,6.059,7.7137,-8.713046,-24.7296,-8.717725,-17.1462,-11.661009,-16.4492,-16.457142,-19.4016,-22.02098,-23.0453,1061.508735,1008.8845,1.0522,true,0.005117,0.010387,0.00527,1.9202,0.068043,0.250369,0.135723,0.158669,0.026981,0.046019,0.055459,0.060666,0.017277,0.053908,3.3362,0.074737,2.364837,2.2901,0.146891,0.50418,0.000092,0.000857,1261.663794,1069.1112,
72,85,true,72,72,0,0,16,-16,7.5212,-1.699263,-8.0746,6.3753,7.4146,-7.530332,-22.175,-7.665266,-15.6521,-10.746233,-15.4328,-15.698673,-18.344,-21.382801,-22.0659,1091.31681,1049.735,1.0396,true,0.00581,0.011891,0.006081,2.0413,0.077694,0.254708,0.137959,0.163923,0.030888,0.048365,0.057783,0.063972,0.01955,0.05904,3.0185,0.074868,2.355913,2.281045,0.146898,0.500587,0.000082,0.00087,1299.851545,1112.6981,
72,93,true,72,72,0,0,16,-16,7.7008,-0.495933,-6.9661,6.4702,6.9365,-6.437674,-20.8748,-6.707953,-14.527,-9.917648,-14.2991,-15.013327,-17.1805,-20.805616,-20.9018,1126.230078,1087.7315,1.0354,true,0.0064,0.014278,0.007878,2.2143,0.088174,0.2654,0.139126,0.17274,0.035289,0.048083,0.058544,0.070965,0.02242,0.066836,2.8052,0.075009,2.36837,2.293361,0.146889,0.488912,0.000078,0.000885,1373.648414,1162.5879,
72,101,true,72,72,0,0,10,-10,8.6368,0.500936,-5.5688,6.0697,6.1344,-5.420361,-20.7724,-5.820407,-13.4652,-9.153552,-12.828,-14.383292,-15.7484,-20.275847,-19.4931,1193.66672,1142.7101,1.0446,true,0.00705,0.017025,0.009975,2.3094,0.097869,0.263411,0.139858,0.182749,0.039876,0.049774,0.058547,0.07844,0.025847,0.075189,2.5347,0.075125,2.348364,2.273239,0.146804,0.489611,0.000075,0.000878,1529.887729,1226.8788,
72,109,true,72,72,0,0,14,-14,8.31,1.096892,-4.1188,5.2157,5.2747,-4.497635,-18.0664,-4.989027,-11.7523,-8.439337,-11.4745,-13.796826,-14.3023,-19.784863,-18.1587,1274.654751,1191.6726,1.0696,true,0.007723,0.018783,0.01106,2.5298,0.106225,0.260633,0.140511,0.186468,0.044006,0.053664,0.05826,0.081995,0.029151,0.07966,2.3285,0.074748,2.330016,2.255268,0.145493,0.491913,0.000074,0.000858,1707.720251,1278.0861,
72,117,true,72,72,0,0,14,-14,8.3299,1.446722,-2.9658,4.4125,4.4979,-3.692849,-16.5863,-4.215169,-10.4045,-7.765469,-10.1593,-13.246748,-12.9754,-19.327072,-16.9031,1368.891517,1223.557,1.1188,true,0.008358,0.019033,0.010675,2.6652,0.113074,0.262243,0.14122,0.18712,0.047279,0.052422,0.057895,0.081808,0.03195,0.081652,2.212,0.073929,2.324166,2.250237,0.142685,0.495031,0.000074,0.000851,1903.124146,1326.1409,
72,124,true,72,72,0,0,14,-14,8.1136,1.583625,-1.5395,3.1231,4.2119,-3.099748,-15.1974,-3.613833,-9.5833,-7.22414,-9.4,-12.806239,-12.2489,-18.959379,-16.1997,1458.773808,1358.9986,1.0734,true,0.008573,0.032467,0.023894,2.7332,0.116765,0.295593,0.14027,0.230318,0.047828,0.067996,0.05589,0.109236,0.03303,0.11064,2.8036,0.07309,2.238731,2.165641,0.139852,0.470267,0.000074,0.00085,2066.402836,1398.4718,
73,14,false,72,75,0.3333,0,10.6667,-10.6667,4.0733,-23.173361,-22.7847,-0.3886,3.2451,-30.060759,-36.3699,-30.755499,-29.9174,-31.57847,-29.8203,-33.578166,-32.054,-36.569183,-35.3956,676.934069,663.3531,1.0205,false,0.000187,0.000108,0.000079,0.3506,0.050287,0.140729,0.026901,0.008582,0.011805,0.005661,0.003456,0.006524,0.003259,0.00227,2.5002,0.067211,2.174685,2.107474,0.132234,0.639936,-0.000077,0.00084867,573.712636,1075.336,
73,31,false,72,75,0.3333,0,12,-12,4.6706,-16.064624,-19.3719,3.3073,8.6126,-20.954593,-33.7155,-20.397184,-26.7254,-21.940776,-26.5675,-25.058201,-28.9015,-29.194367,-32.1725,748.65967,716.0681,1.0455,false,0.000362,0.000376,0.000014,0.8652,0.023816,0.156628,0.063652,0.031249,0.006835,0.012386,0.015236,0.012336,0.003199,0.003193,4.9275,0.066867,2.102854,2.035987,0.131994,0.65184,-0.000103,0.00087267,696.763317,949.8089,
73,36,false,72,75,0.3333,0,11.3333,-11.3333,4.2236,-13.942446,-16.06,2.1175,7.3532,-18.914122,-29.5166,-18.385186,-23.7252,-20.141328,-23.6811,-23.533571,-26.1175,-27.939529,-29.4678,770.254585,768.8056,1.0019,true,0.000519,0.001428,0.000909,1.0556,0.026017,0.177326,0.068825,0.053432,0.007973,0.022177,0.018427,0.023844,0.003283,0.00763,5.201,0.066861,2.070528,2.003667,0.131974,0.652376,-0.000041,0.00086467,728.70503,900.2798,
73,40,false,72,75,0.3333,0,11.3333,-11.3333,5.0773,-12.432027,-14.4387,2.0067,6.8613,-17.453361,-28.5759,-16.986353,-22.2555,-18.899885,-22.0688,-22.489909,-24.5819,-27.087414,-28.0483,795.045799,828.8586,1.0425,true,0.000696,0.002853,0.002157,1.1312,0.030374,0.18491,0.073847,0.066981,0.008707,0.028002,0.021719,0.033381,0.003355,0.011252,4.8276,0.066908,2.066314,1.999406,0.132005,0.649974,-0.000015,0.00086133,775.546345,912.1266,
73,45,false,72,75,0.3333,0,11.3333,-11.3333,5.398,-10.799128,-13.1937,2.3945,6.8353,-15.815041,-27.3999,-15.450451,-21.1696,-17.542664,-20.9042,-21.355303,-23.4213,-26.164531,-26.8555,824.476039,860.3215,1.0435,true,0.000947,0.004093,0.003146,1.375,0.036541,0.202577,0.081053,0.075073,0.00968,0.032817,0.025567,0.036786,0.003927,0.014138,4.5675,0.067017,2.061939,1.994922,0.13209,0.643122,-0.000004,0.000845,819.674227,923.7782,
73,49,false,72,75,0.3333,0,12.6667,-12.6667,5.5969,-9.648472,-12.6768,3.0283,7.1477,-14.636854,-26.6746,-14.362816,-20.5486,-16.583617,-20.393,-20.557138,-22.9356,-25.516022,-26.4174,849.751918,865.0275,1.018,true,0.001149,0.00453,0.003381,1.477,0.041212,0.202072,0.087059,0.077588,0.010767,0.033929,0.028015,0.03955,0.004714,0.015423,4.1411,0.067126,2.027916,1.96079,0.132176,0.647781,-0.000002,0.000846,860.004403,938.5786,
73,54,false,72,75,0.3333,0,12,-12,5.8008,-8.40323,-11.909,3.5057,7.2582,-13.308857,-25.9708,-13.148267,-19.7849,-15.513634,-19.627,-19.669935,-22.1589,-24.794491,-25.7404,880.404338,903.7305,1.0265,true,0.001401,0.004921,0.00352,1.6245,0.04642,0.209932,0.094264,0.081685,0.012404,0.035241,0.030468,0.041462,0.005812,0.016951,3.8981,0.06727,1.99823,1.93096,0.132289,0.646789,-0.000004,0.00083967,908.295955,950.9134,
73,61,false,72,75,0.3333,0,10,-10,6.1872,-6.789602,-11.4606,4.671,7.9239,-11.680141,-25.83,-11.666148,-19.4261,-14.208684,-19.1898,-18.592966,-21.7476,-23.915453,-25.2748,919.05618,920.8601,1.002,true,0.001779,0.005922,0.004143,1.8265,0.052724,0.211964,0.103092,0.08672,0.014795,0.039205,0.033635,0.045099,0.007125,0.018813,3.5387,0.067469,2.015211,1.947742,0.132445,0.644042,-0.000011,0.00085067,967.164878,970.5973,
73,69,false,72,75,0.3333,0,12.6667,-12.6667,6.4301,-5.090178,-10.4674,5.3772,8.012,-10.084019,-24.3289,-10.212264,-18.3546,-12.930326,-18.2429,-17.544688,-20.7874,-23.053914,-24.3789,962.565562,948.2253,1.0151,true,0.002268,0.006885,0.004617,2.0699,0.059466,0.224413,0.11095,0.091423,0.017468,0.041154,0.037451,0.047912,0.008294,0.021149,3.3745,0.067692,2.004498,1.936806,0.132623,0.63917,-0.000022,0.000851,1045.513896,1005.5893,
73,77,false,72,75,0.3333,0,12,-12,6.8467,-3.530964,-9.558,6.027,7.9861,-8.702619,-23.9759,-8.949127,-17.53,-11.824661,-17.2688,-16.642621,-19.8595,-22.307473,-23.4362,1003.462411,984.646,1.0191,true,0.0028,0.007972,0.005172,2.2273,0.066872,0.224859,0.116518,0.100174,0.020283,0.042191,0.0411,0.051608,0.009526,0.023875,3.0552,0.067933,1.997609,1.929676,0.132826,0.637216,-0.000033,0.00085867,1118.864732,1046.3996,
73,85,false,72,75,0.3333,0,15.3333,-15.3333,6.5216,-2.180223,-8.5022,6.322,7.7238,-7.478068,-21.5215,-7.827915,-16.1756,-10.851054,-16.2386,-15.849921,-18.8044,-21.649364,-22.4433,1049.801846,1029.4941,1.0197,true,0.003309,0.009168,0.005859,2.433,0.074996,0.226333,0.120212,0.105035,0.023191,0.044534,0.043939,0.055299,0.010754,0.027142,2.7805,0.068206,1.987107,1.918901,0.133066,0.634907,-0.000041,0.00087167,1221.037622,1094.6358,
73,93,false,72,75,0.3333,0,14.6667,-14.6667,6.7871,-0.882332,-7.4009,6.5185,7.2888,-6.367363,-20.78,-6.814186,-15.0387,-9.978972,-15.1022,-15.140021,-17.6596,-21.059357,-21.2792,1091.41309,1066.4002,1.0235,true,0.003747,0.010985,0.007238,2.6036,0.083052,0.235163,0.122669,0.111291,0.025969,0.045204,0.045894,0.061029,0.012123,0.031165,2.6347,0.068509,1.996009,1.9275,0.13334,0.625867,-0.000047,0.00088,1313.891363,1145.9978,
73,101,false,72,75,0.3333,0,10.6667,-10.6667,7.4503,0.274596,-5.9063,6.1808,6.4417,-5.340725,-19.7326,-5.883094,-13.7828,-9.184967,-13.546,-14.494116,-16.1665,-20.523626,-19.8296,1148.247404,1123.2705,1.0222,true,0.004116,0.013054,0.008938,2.6886,0.090766,0.238331,0.124332,0.121232,0.028576,0.04738,0.047082,0.066024,0.013667,0.035916,2.4644,0.068829,1.979556,1.910727,0.13363,0.624433,-0.000052,0.00087367,1455.043133,1219.5517,
73,109,false,72,75,0.3333,0,13.3333,-13.3333,7.3245,0.931058,-4.3764,5.3075,5.4496,-4.403737,-17.2994,-5.016797,-12.002,-8.451433,-12.005,-13.898585,-14.5789,-20.032014,-18.3468,1227.570344,1177.341,1.0427,true,0.004469,0.014317,0.009848,2.8733,0.098169,0.241832,0.125527,0.125783,0.031097,0.049674,0.047751,0.068676,0.015319,0.039173,2.3281,0.068772,1.965144,1.896372,0.133093,0.62479,-0.000055,0.000858,1641.609556,1285.3203,
73,117,false,72,75,0.3333,0,13.3333,-13.3333,7.4914,1.307584,-2.7502,4.0578,4.3536,-3.582225,-16.074,-4.214389,-10.2792,-7.766324,-10.3492,-13.344478,-12.9288,-19.577765,-16.8333,1338.253253,1218.3945,1.0984,true,0.00485,0.014445,0.009595,2.9985,0.105219,0.247535,0.126469,0.132926,0.033423,0.047455,0.04815,0.067967,0.016976,0.041236,2.2352,0.068001,1.951331,1.88333,0.130641,0.625118,-0.000055,0.00085033,1874.965657,1356.356,
73,124,false,72,75,0.3333,0,13.3333,-13.3333,7.3711,1.546839,-1.5428,3.0896,4.0245,-2.97448,-14.7965,-3.586386,-9.4176,-7.213393,-9.535,-12.898938,-12.1542,-19.213764,-16.0794,1454.142794,1349.6597,1.0774,true,0.005033,0.024614,0.019581,3.0663,0.109915,0.280421,0.126429,0.16418,0.034068,0.061566,0.047402,0.090489,0.017906,0.055555,2.4219,0.06696,1.889324,1.822364,0.127494,0.603321,-0.000055,0.00085333,2087.989225,1432.0086,
74,14,false,72,75,0.6667,0,11.3333,-11.3333,3.1527,-24.453333,-21.0314,-3.4219,-0.797,-32.511375,-33.243,-33.637158,-28.5533,-34.458586,-28.7088,-36.283139,-30.7169,-39.153448,-34.0377,716.566353,696.1939,1.0293,false,0.000248,0.000134,0.000114,0.4506,0.096444,0.131533,0.01687,0.011087,0.014694,0.006995,0.002821,0.007582,0.001215,0.001006,1.453,0.070467,1.704509,1.634042,0.132494,0.779435,0.000029,0.00083033,587.563599,965.2448,
74,31,false,72,75,0.6667,0,12,-12,3.075,-17.051728,-19.0714,2.0196,8.1036,-22.365955,-32.4103,-21.199102,-26.6916,-22.560069,-26.7971,-25.532312,-28.8667,-29.597236,-32.1274,766.246049,721.6946,1.0617,false,0.000282,0.000291,0.000009,0.9027,0.031584,0.138258,0.059208,0.021273,0.007704,0.011156,0.012073,0.011097,0.002783,0.001331,3.5653,0.068755,1.670717,1.601962,0.130395,0.784958,-0.000057,0.00084733,674.538838,902.0836,
74,36,false,72,75,0.6667,0,10.6667,-10.6667,3.0048,-14.687993,-16.0968,1.4088,7.3179,-20.105584,-28.7528,-18.838047,-23.9924,-20.445136,-24.1333,-23.722262,-26.2709,-28.102983,-29.574,785.164745,767.74,1.0227,true,0.00035,0.001045,0.000695,1.1395,0.027625,0.155508,0.064841,0.033291,0.00783,0.019289,0.013666,0.021223,0.003395,0.003251,4.3989,0.068683,1.662837,1.594154,0.130285,0.782804,-0.000032,0.00085333,715.977494,866.6137,
74,40,false,72,75,0.6667,0,12.6667,-12.6667,3.4787,-13.009716,-14.6586,1.6489,7.22,-18.512503,-27.2634,-17.206961,-22.6578,-19.011525,-22.7582,-22.513002,-24.9637,-27.118713,-28.3451,804.169922,810.8041,1.0082,true,0.00045,0.001906,0.001456,1.296,0.027165,0.165615,0.068823,0.04087,0.008755,0.02348,0.015573,0.027612,0.003623,0.004698,4.7253,0.068661,1.665496,1.596835,0.130237,0.780072,-0.000007,0.00085267,753.161871,879.3426,
74,45,false,72,75,0.6667,0,12.6667,-12.6667,3.8648,-11.193947,-13.8332,2.6393,7.7011,-16.741362,-26.4758,-15.428945,-21.8969,-17.466958,-21.9738,-21.225189,-24.157,-26.078386,-27.5322,830.433743,835.7453,1.0064,true,0.000632,0.002584,0.001952,1.575,0.029999,0.178793,0.07461,0.044816,0.009614,0.026035,0.018871,0.029725,0.003576,0.005627,4.7199,0.068695,1.667269,1.598574,0.130248,0.776063,0.000017,0.000843,799.33075,889.3689,
74,49,false,72,75,0.6667,0,13.3333,-13.3333,4.1068,-9.917288,-13.2491,3.3319,8.054,-15.469371,-25.9836,-14.180458,-21.2815,-16.388464,-21.3877,-20.335306,-23.62,-25.361571,-27.0137,852.337989,841.2642,1.0132,true,0.00081,0.002932,0.002122,1.7145,0.033679,0.177022,0.07995,0.046305,0.010157,0.028023,0.02162,0.032406,0.003771,0.006315,4.2817,0.068765,1.647914,1.579149,0.130307,0.778372,0.000026,0.000851,832.130886,901.179,
74,54,false,72,75,0.6667,0,12,-12,4.3451,-8.491066,-12.4032,3.9122,8.1866,-14.027911,-25.3985,-12.800532,-20.4469,-15.197003,-20.5784,-19.361123,-22.7784,-24.576737,-26.2537,886.789761,878.6756,1.0092,true,0.001047,0.003338,0.002291,1.9641,0.038778,0.182534,0.086973,0.050354,0.011282,0.030354,0.024513,0.035456,0.004583,0.007263,3.9472,0.068891,1.630566,1.561675,0.130425,0.777834,0.00003,0.00085033,894.432479,918.4159,
74,61,false,72,75,0.6667,0,12,-12,4.7115,-6.828579,-11.8021,4.9736,8.8079,-12.240175,-24.9234,-11.143074,-19.9006,-13.761481,-20.0168,-18.197119,-22.2357,-23.637308,-25.6999,925.769645,895.3455,1.034,true,0.001384,0.003972,0.002588,2.2167,0.045827,0.188466,0.096341,0.053578,0.013674,0.03336,0.027547,0.037841,0.006222,0.008083,3.555,0.069099,1.640665,1.571566,0.130624,0.775805,0.000029,0.00085633,948.207355,941.9763,
74,69,false,72,75,0.6667,0,13.3333,-13.3333,5.0061,-5.285302,-10.8987,5.6134,9.0359,-10.469661,-23.5225,-9.550254,-18.9162,-12.375304,-19.1197,-17.079382,-21.346,-22.733133,-24.8689,974.817791,917.1695,1.0629,true,0.001803,0.004668,0.002865,2.4778,0.053317,0.199286,0.105349,0.057194,0.016564,0.036057,0.030532,0.040092,0.007783,0.009224,3.3054,0.069346,1.636417,1.567071,0.130866,0.771633,0.000025,0.000853,1031.483464,975.8156,
74,77,false,72,75,0.6667,0,12,-12,5.4258,-3.746364,-9.978,6.2316,8.9589,-8.938445,-23.2222,-8.192795,-17.9139,-11.192506,-18.0884,-16.127715,-20.3173,-21.961919,-23.8271,1018.503869,960.9898,1.0598,true,0.002265,0.005557,0.003292,2.7063,0.060716,0.201948,0.112236,0.063243,0.019333,0.038682,0.033587,0.043902,0.008937,0.010574,2.9972,0.069599,1.630382,1.560783,0.13112,0.770251,0.00002,0.00086033,1106.251653,1024.1706,
74,85,false,72,75,0.6667,0,14.6667,-14.6667,5.3463,-2.323785,-8.9299,6.6062,8.7346,-7.599446,-20.868,-7.00519,-16.6991,-10.162971,-17.0444,-15.299579,-19.2649,-21.291088,-22.8207,1055.95143,1009.6435,1.0459,true,0.002732,0.006445,0.003713,2.9161,0.068535,0.201118,0.117164,0.067302,0.022068,0.041006,0.036385,0.047802,0.010012,0.012477,2.6882,0.069868,1.6183,1.548432,0.131399,0.769228,0.000015,0.00087333,1172.59276,1076.8666,
74,93,false,72,75,0.6667,0,13.3333,-13.3333,5.731,-1.058008,-7.8356,6.7776,8.3422,-6.407148,-20.6852,-5.943558,-15.5503,-9.250327,-15.9052,-14.565675,-18.1386,-20.698036,-21.6566,1098.73901,1045.4873,1.0509,true,0.003164,0.007693,0.004529,3.0819,0.076645,0.208371,0.120588,0.071701,0.024681,0.042498,0.038524,0.052484,0.010985,0.014532,2.5203,0.07016,1.623648,1.553488,0.131714,0.762821,0.000012,0.000875,1268.352855,1129.6445,
74,101,false,72,75,0.6667,0,11.3333,-11.3333,6.1426,0.107529,-6.2437,6.3512,7.4493,-5.324447,-18.6928,-4.977708,-14.1005,-8.427723,-14.264,-13.904642,-16.5847,-20.165599,-20.1662,1140.714781,1104.1615,1.0331,true,0.003548,0.009084,0.005536,3.1563,0.084522,0.215639,0.123073,0.080423,0.027054,0.045101,0.040088,0.055573,0.011996,0.017156,2.3872,0.070471,1.610749,1.540278,0.132059,0.759255,0.00001,0.00086933,1364.192596,1212.2684,
74,109,false,72,75,0.6667,0,12.6667,-12.6667,6.2205,0.851628,-4.6341,5.4858,6.3231,-4.345108,-16.5323,-4.094902,-12.2518,-7.675563,-12.5355,-13.301674,-14.8555,-19.682424,-18.5349,1187.289415,1163.1817,1.0207,true,0.003887,0.009851,0.005964,3.3061,0.091986,0.224387,0.124934,0.084847,0.029152,0.04598,0.041212,0.05752,0.013167,0.019264,2.2982,0.070315,1.600272,1.529957,0.131354,0.757666,0.000009,0.000858,1475.400561,1292.5955,
74,117,false,72,75,0.6667,0,12.6667,-12.6667,6.5159,1.261166,-2.5346,3.7958,4.9047,-3.490379,-15.5617,-3.301969,-10.154,-6.97983,-10.5391,-12.746788,-12.8823,-19.241135,-16.7635,1252.984315,1213.2537,1.0327,true,0.004191,0.009858,0.005667,3.4238,0.099164,0.233652,0.12629,0.094428,0.030976,0.042959,0.041964,0.056467,0.014421,0.020825,2.232,0.069239,1.578496,1.509257,0.12821,0.755206,0.00001,0.00084967,1636.240794,1387.2594,
74,124,false,72,75,0.6667,0,12.6667,-12.6667,6.4686,1.495798,-1.5461,3.0419,4.5311,-2.847129,-14.3956,-2.68983,-9.252,-6.412481,-9.67,-12.297675,-12.0595,-18.886862,-15.9591,1324.988149,1340.3851,1.0116,true,0.004398,0.016762,0.012364,3.4957,0.105142,0.266027,0.126923,0.117034,0.032182,0.055744,0.042213,0.074959,0.015359,0.027895,2.3973,0.068025,1.539917,1.471892,0.12452,0.736374,0.00001,0.00085667,1807.801127,1466.3496,
75,14,true,75,75,0,0,12,-12,3.9397,-25.690454,-19.2781,-6.4124,-6.9675,-34.432094,-30.1162,-38.480179,-27.1891,-39.333071,-27.5973,-41.116576,-29.3798,-43.984706,-32.6798,798.168711,730.6606,1.0924,false,0.000178,0.000159,0.000019,0.432,0.135545,0.122937,0.016606,0.014325,0.010462,0.008643,0.006884,0.008811,0.001078,0.000446,1.1141,0.090508,1.234332,1.143824,0.157161,0.918933,-0.00005,0.000812,751.326298,866.4244,
75,31,true,75,75,0,0,12,-12,1.996,-18.229038,-18.7708,0.5418,6.2478,-24.322086,-31.1051,-23.296731,-26.6579,-24.615388,-27.0267,-27.353315,-28.8318,-31.266023,-32.0823,786.658783,727.3653,1.0815,false,0.000275,0.000207,0.000068,0.9329,0.035113,0.122042,0.042,0.014482,0.012121,0.010047,0.009267,0.009982,0.003045,0.000555,2.9269,0.087215,1.238581,1.151366,0.151048,0.918075,-0.000135,0.000822,659.579297,856.7563,
75,36,true,75,75,0,0,10,-10,2.1866,-16.248514,-16.1336,-0.1149,6.0499,-21.691542,-27.9889,-20.550118,-24.2597,-22.061067,-24.5855,-25.143558,-26.4242,-29.398928,-29.6801,811.193572,766.6758,1.0581,false,0.000354,0.000661,0.000307,1.2437,0.029388,0.136374,0.051121,0.020742,0.010779,0.016778,0.013045,0.018891,0.003123,0.001385,3.7162,0.087173,1.255147,1.167974,0.15093,0.913233,-0.000135,0.000842,702.153866,834.2066,
75,40,true,75,75,0,0,14,-14,2.2093,-14.375959,-14.8786,0.5026,6.4101,-19.821316,-25.9509,-18.68631,-23.0601,-20.360349,-23.4476,-23.70472,-25.3456,-28.210823,-28.642,826.324725,793.143,1.0418,false,0.000413,0.00096,0.000547,1.4464,0.026279,0.148333,0.055583,0.024938,0.010133,0.019689,0.014721,0.022841,0.003813,0.001962,4.3643,0.087142,1.264677,1.177535,0.150847,0.910171,-0.000112,0.000844,730.556156,847.737,
75,45,true,75,75,0,0,14,-14,2.6014,-12.312504,-14.4727,2.1602,7.4537,-17.754051,-25.5517,-16.679402,-22.6241,-18.560801,-23.0433,-22.208401,-24.8928,-26.995717,-28.2089,849.396247,811.871,1.0462,true,0.000531,0.001076,0.000545,1.7981,0.025659,0.157801,0.059928,0.026754,0.010676,0.020655,0.01691,0.02402,0.004399,0.00224,4.7057,0.087128,1.272599,1.185471,0.150784,0.909004,-0.000071,0.000841,777.203497,856.2413,
75,49,true,75,75,0,0,14,-14,2.8648,-10.858958,-13.8215,2.9626,7.8791,-16.294447,-25.2926,-15.280725,-22.0144,-17.326127,-22.3823,-21.194644,-24.3044,-26.181858,-27.6099,864.644843,818.1536,1.0568,true,0.000664,0.001334,0.00067,1.9464,0.027216,0.155077,0.063574,0.027635,0.011292,0.023146,0.019353,0.026553,0.004253,0.002586,4.4356,0.087142,1.267913,1.180771,0.150776,0.908964,-0.000043,0.000856,798.333116,865.2697,
75,54,true,75,75,0,0,12,-12,3.1364,-9.281051,-12.8975,3.6164,8.0664,-14.682873,-24.8262,-13.737899,-21.1088,-15.983112,-21.5297,-20.100816,-23.398,-25.309748,-26.767,892.971569,854.3153,1.0452,true,0.000882,0.001754,0.000872,2.2494,0.030678,0.158712,0.068808,0.03104,0.011957,0.026145,0.022961,0.030321,0.004094,0.003112,4.1475,0.087192,1.262903,1.175711,0.150818,0.908879,-0.000024,0.000861,848.382439,887.029,
75,61,true,75,75,0,0,14,-14,3.5067,-7.384887,-12.1437,4.7588,8.6794,-12.75119,-24.0167,-11.884779,-20.3752,-14.392421,-20.8438,-18.813757,-22.7239,-24.288813,-26.125,935.237303,870.5378,1.0743,true,0.001251,0.002023,0.000772,2.5413,0.036598,0.167573,0.076806,0.033102,0.013888,0.028387,0.027467,0.031751,0.005194,0.003473,3.8107,0.087311,1.26612,1.178809,0.150955,0.907568,-0.000016,0.000862,916.96793,914.1992,
75,69,true,75,75,0,0,14,-14,3.8848,-5.544284,-11.3301,5.7858,9.0761,-10.894074,-22.716,-10.109058,-19.4778,-12.882895,-19.9966,-17.597707,-21.9045,-23.326787,-25.3589,985.019709,887.1308,1.1103,true,0.001709,0.002452,0.000743,2.8068,0.04349,0.176973,0.085511,0.03578,0.017223,0.031591,0.031239,0.033548,0.007405,0.004023,3.4955,0.087483,1.268335,1.180852,0.151166,0.904095,-0.000017,0.000855,998.01744,946.9235,
75,77,true,75,75,0,0,12,-12,4.3299,-3.973939,-10.3979,6.424,8.9671,-9.313207,-22.4685,-8.609215,-18.2978,-11.613511,-18.908,-16.577367,-20.7752,-22.52057,-24.2181,1039.504585,937.902,1.1083,true,0.002218,0.003142,0.000924,3.0966,0.050048,0.181372,0.092892,0.039928,0.020487,0.035465,0.034624,0.037347,0.009144,0.004683,3.187,0.087671,1.263154,1.175483,0.151406,0.903287,-0.000021,0.000862,1096.413488,1002.4138,
75,85,true,75,75,0,0,14,-14,4.5104,-2.560858,-9.3576,6.7968,8.7931,-7.936053,-20.2145,-7.316431,-17.2226,-10.52194,-17.8502,-15.701454,-19.7253,-21.829272,-23.198,1080.379251,990.1756,1.0911,true,0.002742,0.003722,0.00098,3.3044,0.056546,0.178713,0.098634,0.043124,0.023557,0.037758,0.037813,0.041321,0.010316,0.005736,2.8358,0.087862,1.249494,1.161632,0.151658,0.903548,-0.000025,0.000875,1166.332999,1059.3859,
75,93,true,75,75,0,0,12,-12,5.0257,-1.201326,-8.2704,7.069,8.4515,-6.711061,-20.5904,-6.180281,-16.062,-9.565281,-16.7083,-14.9355,-18.6177,-21.225934,-22.0341,1125.401894,1024.9845,1.098,true,0.003242,0.0044,0.001158,3.4608,0.06326,0.184632,0.102871,0.046195,0.026517,0.039954,0.040491,0.045135,0.011369,0.006776,2.6567,0.08806,1.251287,1.163227,0.151927,0.899776,-0.000029,0.00087,1262.783391,1113.5245,
75,101,true,75,75,0,0,12,-12,5.1948,0.089339,-6.5811,6.6705,7.5169,-5.601404,-17.6529,-5.163461,-14.4181,-8.712612,-14.982,-14.255174,-17.0028,-20.691882,-20.5027,1175.746641,1085.3777,1.0833,true,0.003688,0.005113,0.001425,3.5218,0.070135,0.195107,0.105917,0.053351,0.029251,0.042931,0.042523,0.046776,0.012301,0.008195,2.5595,0.088266,1.241941,1.153675,0.152218,0.894077,-0.000033,0.000865,1386.108556,1205.0286,
75,109,true,75,75,0,0,12,-12,5.497,0.867478,-4.8918,5.7593,6.2584,-4.588992,-15.7653,-4.242945,-12.5015,-7.941594,-13.066,-13.643005,-15.1321,-20.213811,-18.723,1234.24709,1149.1927,1.074,true,0.004095,0.005385,0.00129,3.6353,0.077138,0.208201,0.108075,0.057234,0.031814,0.042561,0.044003,0.048177,0.013139,0.009473,2.5041,0.088277,1.2354,1.147123,0.152047,0.890543,-0.000034,0.000858,1532.842179,1299.9119,
75,117,true,75,75,0,0,12,-12,5.9672,1.284104,-2.319,3.6031,4.5176,-3.690654,-15.0493,-3.416621,-10.0287,-7.236861,-10.729,-13.087356,-12.8357,-19.783044,-16.6937,1309.712173,1208.1345,1.0841,true,0.00449,0.00527,0.00078,3.7438,0.084331,0.220547,0.109509,0.06708,0.034352,0.038889,0.045027,0.046913,0.014012,0.010517,2.444,0.087455,1.205661,1.118206,0.149609,0.885293,-0.000035,0.000849,1718.937148,1418.867,
75,124,true,75,75,0,0,12,-12,6.0353,1.487992,-1.5494,3.0374,4.0745,-3.035017,-13.9948,-2.799354,-9.0864,-6.688675,-9.805,-12.659568,-11.9648,-19.453817,-15.8388,1389.817283,1331.1742,1.0441,true,0.00456,0.008909,0.004349,3.811,0.089802,0.252372,0.108725,0.083426,0.035258,0.050472,0.043813,0.062094,0.014817,0.014007,2.6289,0.086092,1.19051,1.104418,0.145571,0.869428,-0.000034,0.00086,1925.621301,1501.5142,
76,14,false,75,78,0.3333,0,11.3333,-11.3333,7.2136,-26.593649,-20.7701,-5.8236,-10.4821,-35.486731,-31.5473,-43.272762,-28.0793,-44.288111,-28.7394,-46.119427,-30.8681,-49.09351,-35.3232,876.465913,744.1653,1.1778,false,0.000371,0.000111,0.00026,1.481,0.106724,0.091194,0.036693,0.009412,0.017024,0.003457,0.007054,0.00233,0.001127,0.000236,2.4054,0.122291,1.155532,1.033241,0.2095,0.750314,0.000103,0.00071967,903.896661,943.743,
76,31,false,75,78,0.3333,0,11.3333,-11.3333,2.2686,-19.500154,-18.9642,-0.5359,3.059,-26.525815,-30.4247,-27.102027,-26.1094,-28.154896,-26.7653,-30.619584,-28.9093,-34.261317,-33.2838,823.084308,740.6811,1.1113,false,0.00036,0.000168,0.000192,0.7328,0.060422,0.097212,0.033081,0.012394,0.017689,0.005455,0.003573,0.004036,0.003017,0.000348,1.9238,0.123336,1.156589,1.033253,0.206182,0.752894,0.000118,0.000777,692.675631,862.6337,
76,36,false,75,78,0.3333,0,10.6667,-10.6667,2.4105,-17.469479,-16.3359,-1.1336,3.3516,-23.733806,-27.7903,-23.737739,-23.6279,-25.033098,-24.2606,-27.825472,-26.4078,-31.836692,-30.7704,842.280843,774.3043,1.0878,false,0.000298,0.000505,0.000207,0.6451,0.04339,0.108339,0.051387,0.017668,0.014135,0.009145,0.007167,0.007282,0.002781,0.000712,2.2187,0.123419,1.165541,1.042122,0.206115,0.752267,0.000045,0.00080867,714.149461,824.9147,
76,40,false,75,78,0.3333,0,13.3333,-13.3333,2.5367,-16.002459,-14.8133,-1.1891,3.7102,-21.721051,-25.9981,-21.490036,-22.143,-22.988674,-22.7979,-26.043215,-24.9841,-30.335014,-29.3474,863.708786,795.5806,1.0856,false,0.000347,0.000747,0.0004,0.8683,0.037664,0.116823,0.061636,0.021612,0.01268,0.01213,0.010387,0.009133,0.002457,0.000861,2.6608,0.123486,1.171521,1.048035,0.206138,0.753284,0.000024,0.00084033,750.434921,823.6332,
76,45,false,75,78,0.3333,0,13.3333,-13.3333,2.7366,-14.250083,-14.2667,0.0166,4.9129,-19.47276,-24.9773,-19.117933,-21.5271,-20.86059,-22.2369,-24.234008,-24.3776,-28.842574,-28.75,885.759443,812.5373,1.0901,false,0.000422,0.000854,0.000432,1.2327,0.03276,0.12315,0.069739,0.023461,0.011568,0.013368,0.01289,0.010125,0.003006,0.000979,3.1139,0.123538,1.175958,1.05242,0.206148,0.752037,0.000033,0.00084367,788.228199,826.8364,
76,49,false,75,78,0.3333,0,13.3333,-13.3333,3.0814,-12.658403,-13.442,0.7836,5.3723,-17.867995,-24.7077,-17.498987,-20.791,-19.423565,-21.4543,-23.039021,-23.642,-27.872375,-27.9777,901.224021,820.9734,1.0978,true,0.000494,0.001067,0.000573,1.4277,0.030406,0.122394,0.074231,0.024912,0.011577,0.01517,0.014274,0.010922,0.003495,0.001221,3.2766,0.123571,1.173013,1.049442,0.206154,0.75392,0.000056,0.000861,816.251233,833.5702,
76,54,false,75,78,0.3333,0,12,-12,3.4396,-10.843477,-12.6002,1.7568,5.7578,-16.073916,-24.3288,-15.750166,-19.9362,-17.882545,-20.618,-21.778436,-22.767,-26.859862,-27.1485,922.281272,850.0214,1.085,true,0.00062,0.001379,0.000759,1.7469,0.030995,0.126119,0.0794,0.0275,0.01217,0.017284,0.01643,0.012738,0.003707,0.00148,3.3204,0.123614,1.170214,1.0466,0.206181,0.753726,0.000087,0.00086767,855.999976,851.1985,
76,61,false,75,78,0.3333,0,14,-14,3.6553,-8.680266,-11.8177,3.1374,6.5239,-13.89935,-22.938,-13.699302,-19.1714,-16.086314,-19.9214,-20.329877,-22.0845,-25.707521,-26.4879,964.904946,867.2521,1.1126,true,0.000873,0.001601,0.000728,2.0805,0.034835,0.132895,0.087534,0.029471,0.01301,0.019192,0.020504,0.013742,0.003674,0.00173,3.1871,0.123687,1.172618,1.048931,0.206267,0.752035,0.000112,0.000874,940.103927,875.3316,
76,69,false,75,78,0.3333,0,14,-14,4.1633,-6.620242,-11.1637,4.5435,7.1731,-11.804953,-22.1125,-11.776185,-18.4415,-14.409306,-19.2183,-18.991187,-21.395,-24.651065,-25.826,1008.600789,881.2645,1.1445,true,0.001246,0.001916,0.00067,2.4052,0.041047,0.137198,0.097565,0.03147,0.015034,0.021219,0.024963,0.014434,0.004646,0.001953,2.8836,0.123792,1.174113,1.050321,0.206429,0.750077,0.000121,0.00087433,1008.677245,900.3079,
76,77,false,75,78,0.3333,0,12,-12,4.7346,-5.047007,-10.0426,4.9955,7.0383,-10.036463,-21.7945,-10.177853,-17.193,-13.020704,-18.0116,-17.888328,-20.1573,-23.785463,-24.5624,1070.723072,922.4577,1.1607,true,0.001692,0.002467,0.000775,2.7219,0.047923,0.13921,0.106803,0.035044,0.018263,0.024644,0.028428,0.016584,0.006514,0.002501,2.5931,0.12391,1.171786,1.047876,0.206628,0.749475,0.000122,0.00089433,1122.661473,949.2978,
76,85,false,75,78,0.3333,0,14,-14,4.9156,-3.616641,-9.0647,5.4481,6.9622,-8.518716,-19.8266,-8.815509,-16.1536,-11.843052,-16.9976,-16.954737,-19.1476,-23.055563,-23.5355,1139.932577,964.3325,1.1821,true,0.002195,0.002932,0.000737,2.9617,0.054823,0.136276,0.114416,0.037843,0.021533,0.026918,0.031558,0.018027,0.008309,0.002998,2.6005,0.124032,1.163916,1.039884,0.206846,0.750594,0.00012,0.00091033,1258.406922,998.7891,
76,93,false,75,78,0.3333,0,12.6667,-12.6667,5.2327,-2.238067,-7.9989,5.7608,6.7636,-7.193119,-19.4186,-7.628784,-15.0639,-10.824958,-15.9555,-16.148489,-18.1428,-22.427104,-22.4743,1193.74047,996.153,1.1984,true,0.002695,0.003472,0.000777,3.1362,0.061936,0.142307,0.120172,0.040633,0.02472,0.028806,0.034373,0.019839,0.009873,0.003594,2.5709,0.12415,1.166297,1.042147,0.207067,0.747826,0.000119,0.00091467,1371.774294,1045.97,
76,101,false,75,78,0.3333,0,12,-12,5.5331,-0.826707,-6.3188,5.4921,5.908,-6.014171,-17.1905,-6.576049,-13.4883,-9.930553,-14.3117,-15.441438,-16.5802,-21.8778,-20.969,1255.127277,1045.444,1.2006,true,0.003143,0.004064,0.000921,3.2425,0.069187,0.145688,0.124227,0.04578,0.027649,0.032311,0.036584,0.021361,0.011052,0.004427,2.4064,0.124262,1.159835,1.035573,0.207289,0.742062,0.000118,0.00092133,1530.296637,1124.4796,
76,109,false,75,78,0.3333,0,12.6667,-12.6667,5.9349,0.429995,-4.9139,5.3439,5.0009,-4.94781,-15.8701,-5.628254,-11.9288,-9.134584,-12.7516,-14.814881,-15.0465,-21.393548,-19.4958,1352.040654,1093.0493,1.2369,true,0.003553,0.004313,0.00076,3.3854,0.076392,0.1507,0.126831,0.048678,0.030163,0.033011,0.038145,0.021981,0.011825,0.005017,2.3319,0.124365,1.155459,1.031094,0.207504,0.738795,0.000118,0.000924,1783.688426,1196.1373,
76,117,false,75,78,0.3333,0,12,-12,6.3959,1.076328,-2.3902,3.4666,3.2239,-4.002908,-14.751,-4.773805,-9.4654,-8.427323,-10.3706,-14.26347,-12.7181,-20.970324,-17.3479,1496.415595,1151.3508,1.2997,true,0.003955,0.004394,0.000439,3.4887,0.083494,0.15808,0.127556,0.055861,0.032191,0.032657,0.038602,0.023107,0.012372,0.005619,2.0886,0.124093,1.134319,1.010226,0.206817,0.733287,0.00012,0.00093967,2100.484743,1304.5456,
76,124,false,75,78,0.3333,0,12,-12,6.5315,1.346326,-1.5389,2.8852,2.6774,-3.347531,-13.6632,-4.154752,-8.4797,-7.920984,-9.3966,-13.873619,-11.7818,-20.668038,-16.4199,1611.924826,1259.1659,1.2802,true,0.003592,0.007327,0.003735,3.5674,0.085369,0.181463,0.122727,0.069467,0.029317,0.042219,0.034841,0.030362,0.011524,0.007408,2.0076,0.12307,1.124958,1.001888,0.204131,0.722093,0.000127,0.00095,2354.999617,1386.7393,
77,14,false,75,78,0.6667,0,10.6667,-10.6667,7.0634,-26.847936,-22.2621,-4.5859,-9.1615,-35.745005,-32.9785,-43.534339,-28.9695,-44.393884,-29.8816,-46.287214,-32.3564,-49.374981,-37.9665,882.996872,757.9197,1.165,true,0.001128,0.000064,0.001064,2.5223,0.094573,0.067647,0.029816,0.006184,0.01726,0.001383,0.001925,0.000616,0.003395,0.000125,2.4602,0.154783,1.076732,0.921949,0.276126,0.581696,0.000023,0.00062733,869.963953,1027.9613,
77,31,false,75,78,0.6667,0,10.6667,-10.6667,2.5614,-20.776631,-19.1576,-1.619,-0.1589,-29.116537,-29.7443,-30.737904,-25.5608,-31.666952,-26.5038,-33.914885,-28.9867,-37.389478,-34.4853,883.355331,754.2407,1.1712,false,0.000594,0.00013,0.000464,2.0239,0.129456,0.077434,0.014603,0.010606,0.019163,0.002962,0.003897,0.001632,0.001957,0.000218,2.2499,0.161871,1.074598,0.912727,0.287169,0.587714,0.00008,0.000732,776.28016,868.5514,
77,36,false,75,78,0.6667,0,11.3333,-11.3333,2.4432,-18.764748,-16.5382,-2.2266,0.8479,-26.16163,-27.5916,-26.64014,-22.9961,-27.778777,-23.9357,-30.312701,-26.3913,-34.117323,-31.8607,886.824399,782.0088,1.134,true,0.001352,0.000348,0.001004,1.6647,0.088813,0.086067,0.030785,0.01505,0.019477,0.004985,0.002293,0.002807,0.005105,0.000366,1.9671,0.162687,1.075935,0.913248,0.288466,0.591302,0.000046,0.00077533,767.575584,815.7262,
77,40,false,75,78,0.6667,0,12.6667,-12.6667,2.6044,-17.211654,-14.748,-2.4636,1.3409,-23.917794,-26.0452,-23.930788,-21.2259,-25.256404,-22.1481,-28.051063,-24.6227,-32.142677,-30.0529,900.875471,798.0257,1.1289,true,0.002516,0.000533,0.001983,1.3386,0.069048,0.092007,0.04765,0.018729,0.016234,0.007473,0.004873,0.003652,0.005801,0.000378,2.0067,0.163006,1.078364,0.915358,0.28898,0.596398,0.000011,0.00083667,779.299405,800.2148,
77,45,false,75,78,0.6667,0,12.6667,-12.6667,2.5636,-15.402345,-14.0607,-1.3417,2.8349,-21.387196,-24.4029,-21.101569,-20.4302,-22.661095,-21.4304,-25.796807,-23.8624,-30.236716,-29.2911,931.943798,813.2041,1.146,true,0.004177,0.000631,0.003546,0.9887,0.055284,0.096107,0.063488,0.020574,0.013582,0.008651,0.01033,0.004268,0.004956,0.000428,2.4036,0.163242,1.079318,0.916076,0.289369,0.59507,-0.000013,0.00084633,830.381708,798.4413,
77,49,false,75,78,0.6667,0,12.6667,-12.6667,2.9623,-14.033446,-13.0624,-0.971,3.4104,-19.59104,-24.1227,-19.193848,-19.5676,-20.934994,-20.5262,-24.33855,-22.9797,-29.0364,-28.3455,951.227734,823.8029,1.1547,true,0.005301,0.000799,0.004502,0.9501,0.04907,0.096599,0.071831,0.022457,0.012599,0.009942,0.013416,0.004493,0.005558,0.000576,2.5212,0.163363,1.078114,0.914751,0.289566,0.598875,-0.000014,0.000866,856.016286,803.0319,
77,54,false,75,78,0.6667,0,12,-12,3.3797,-12.195963,-12.303,0.107,4.0701,-17.601002,-23.8314,-17.157139,-18.7636,-19.115132,-19.7064,-22.835174,-22.136,-27.823672,-27.53,976.899007,845.749,1.1551,true,0.006373,0.001004,0.005369,1.2904,0.044597,0.100219,0.078758,0.024364,0.012322,0.011426,0.015702,0.005351,0.00659,0.000704,2.5829,0.163467,1.077525,0.914058,0.289731,0.598574,-0.000003,0.00087433,906.960023,816.8154,
77,61,false,75,78,0.6667,0,14,-14,3.4132,-9.730221,-11.4917,1.7614,5.056,-15.207975,-21.8592,-14.803825,-17.9677,-17.040384,-18.9989,-21.158438,-21.4451,-26.49538,-26.8509,1009.762914,863.9788,1.1687,true,0.007696,0.00118,0.006516,1.6719,0.043249,0.105393,0.086231,0.026238,0.013101,0.012976,0.01859,0.005947,0.006903,0.000861,2.6555,0.163571,1.079115,0.915544,0.289892,0.596503,0.000019,0.000886,969.360228,838.1164,
77,69,false,75,78,0.6667,0,14,-14,4.0388,-7.414395,-10.9974,3.583,6,-12.911959,-21.5089,-12.63628,-17.4052,-15.151771,-18.44,-19.65471,-20.8854,-25.319016,-26.2931,1055.817552,875.4369,1.206,true,0.009496,0.00138,0.008116,2.0575,0.046749,0.106363,0.095324,0.027678,0.013893,0.014252,0.023022,0.00621,0.006728,0.000948,2.7953,0.163659,1.079891,0.916232,0.290033,0.596058,0.000036,0.00089367,1056.417783,855.987,
77,77,false,75,78,0.6667,0,12,-12,4.7416,-5.459048,-9.6872,4.2281,5.8642,-10.977049,-21.1206,-10.864057,-16.0882,-13.624138,-17.1152,-18.444489,-19.5394,-24.378756,-24.9068,1108.424671,907.2678,1.2217,true,0.011639,0.001791,0.009848,2.3961,0.053091,0.106849,0.104919,0.030757,0.015575,0.017125,0.027592,0.007364,0.008399,0.001335,2.8196,0.163734,1.080418,0.916684,0.290161,0.595663,0.000043,0.00092667,1143.216596,898.9964,
77,85,false,75,78,0.6667,0,14,-14,4.9357,-3.840146,-8.7718,4.9316,5.9008,-9.324258,-19.4388,-9.375481,-15.0845,-12.354078,-16.145,-17.438455,-18.5699,-23.60088,-23.873,1189.116598,939.164,1.2661,true,0.013859,0.002142,0.011717,2.6595,0.060956,0.103917,0.113695,0.03321,0.018404,0.01919,0.031556,0.007864,0.011351,0.001567,2.8627,0.163801,1.078339,0.914538,0.29028,0.59764,0.000045,0.00094567,1294.533104,941.6584,
77,93,false,75,78,0.6667,0,13.3333,-13.3333,5.068,-2.399496,-7.7274,5.328,5.8547,-7.893481,-18.2467,-8.097434,-14.0657,-11.272717,-15.2027,-16.582443,-17.6679,-22.942246,-22.9145,1264.517831,968.1324,1.3061,true,0.015881,0.002544,0.013337,2.8445,0.069742,0.109685,0.120904,0.035741,0.021678,0.020769,0.034923,0.00872,0.014243,0.001906,2.8618,0.163856,1.081308,0.917452,0.290385,0.595875,0.000047,0.00095933,1443.906074,982.5138,
77,101,false,75,78,0.6667,0,12,-12,5.5102,-1.094793,-6.0565,4.9617,5.0853,-6.637418,-16.7281,-6.979478,-12.5585,-10.334122,-13.6415,-15.84152,-16.1575,-22.375373,-21.4352,1326.613548,1006.9795,1.3174,true,0.017552,0.003015,0.014537,2.9914,0.079178,0.108786,0.12635,0.039283,0.025089,0.024319,0.037791,0.009755,0.016566,0.002392,2.7667,0.163894,1.077729,0.913835,0.290465,0.590048,0.000049,0.00097767,1584.535484,1049.3148,
77,109,false,75,78,0.6667,0,13.3333,-13.3333,6.0097,0.071063,-4.936,5.0071,4.5375,-5.518023,-15.975,-5.986027,-11.3561,-9.507328,-12.4371,-15.192611,-14.9608,-21.882726,-20.2686,1409.577014,1039.6487,1.3558,true,0.018839,0.003242,0.015597,3.1616,0.088876,0.10908,0.130096,0.041402,0.028342,0.025604,0.040051,0.010029,0.018522,0.002657,2.7255,0.163917,1.075519,0.911602,0.290524,0.587046,0.000051,0.00099,1785.124253,1100.6472,
77,117,false,75,78,0.6667,0,12,-12,6.4368,0.910023,-2.4615,3.3715,2.7448,-4.521141,-14.4527,-5.097214,-8.9021,-8.776563,-10.0122,-14.624894,-12.6004,-21.455973,-18.0022,1526.375572,1097.236,1.3911,true,0.019631,0.003517,0.016114,3.2601,0.098564,0.113305,0.131957,0.046518,0.031168,0.027424,0.041339,0.011382,0.020204,0.003002,2.5117,0.163769,1.062978,0.899209,0.290221,0.581281,0.000053,0.00103033,2053.371099,1199.4354,
77,124,false,75,78,0.6667,0,12,-12,6.6017,1.251026,-1.5284,2.7794,2.1456,-3.819163,-13.3317,-4.448506,-7.873,-8.250189,-8.9881,-14.222374,-11.5987,-21.155048,-17.0011,1620.206279,1191.0528,1.3603,true,0.018521,0.005745,0.012776,3.3616,0.105423,0.130477,0.127856,0.057844,0.032285,0.035316,0.038132,0.014846,0.022298,0.003918,2.3206,0.16293,1.059406,0.896476,0.28832,0.574758,0.000059,0.00104,2287.895304,1280.7376,
78,14,true,78,78,0,0,10,-10,6.4994,-27.116485,-23.7541,-3.3624,-7.0942,-35.900665,-34.4096,-42.748732,-29.8597,-43.688299,-31.0237,-45.708215,-33.8448,-49.042505,-40.6098,956.713075,771.9282,1.2394,false,0.000791,0.000016,0.000775,3.4308,0.15108,0.05018,0.027469,0.004063,0.008315,0.000553,0.006312,0.000163,0.005138,0.000066,2.6766,0.174742,0.997932,0.82319,0.324804,0.413077,0.000152,0.000535,885.360423,1119.6951,
78,31,true,78,78,0,0,10,-10,3.573,-21.983255,-19.351,-2.6322,-3.7637,-31.287968,-29.064,-34.300499,-25.0123,-35.364861,-26.2423,-37.597233,-29.0642,-41.238272,-35.6868,951.439639,768.0485,1.2388,false,0.000577,0.000091,0.000486,2.9815,0.152498,0.06168,0.021885,0.009077,0.008661,0.001608,0.008579,0.00066,0.000894,0.000137,2.267,0.180776,0.992606,0.81183,0.336721,0.422533,0.000173,0.000687,871.900209,874.5097,
78,36,true,78,78,0,0,12,-12,2.6607,-20.044213,-16.7405,-3.3037,-1.8481,-28.64091,-27.393,-29.422268,-22.3643,-30.566109,-23.6108,-32.992318,-26.3749,-36.808119,-32.9509,935.550806,789.7899,1.1846,false,0.000614,0.000192,0.000422,2.7602,0.119024,0.068374,0.014652,0.01282,0.017963,0.002717,0.005301,0.001082,0.001736,0.000188,2.1989,0.183107,0.986329,0.803222,0.341711,0.430336,0.000185,0.000742,817.516256,806.6401,
78,40,true,78,78,0,0,12,-12,2.5916,-18.506406,-14.6828,-3.8236,-1.0353,-26.28962,-26.0923,-26.157264,-20.3087,-27.392752,-21.4984,-30.065763,-24.2612,-34.119673,-30.7583,930.254845,800.4784,1.1621,true,0.001029,0.00032,0.000709,2.4432,0.090458,0.072462,0.023123,0.016231,0.02094,0.004604,0.002319,0.00146,0.002874,0.000166,2.1186,0.183941,0.985208,0.801267,0.343516,0.439511,0.000159,0.000833,796.674053,777.4622,
78,45,true,78,78,0,0,12,-12,2.177,-16.642675,-13.8546,-2.7881,0.9326,-23.431317,-23.8285,-22.779206,-19.3333,-24.167458,-20.624,-27.183931,-23.3472,-31.579352,-29.8321,950.237284,813.8714,1.1676,true,0.002207,0.000409,0.001798,2.0895,0.065639,0.075003,0.043688,0.018042,0.018933,0.005599,0.005035,0.001799,0.004641,0.000187,1.9146,0.184463,0.982677,0.798214,0.344623,0.438103,0.000101,0.000849,820.86647,771.0213,
78,49,true,78,78,0,0,12,-12,2.6064,-15.217241,-12.6829,-2.5343,1.7364,-21.341836,-23.5377,-20.520026,-18.3442,-22.057447,-19.5981,-25.350122,-22.3173,-30.021035,-28.7133,959.174486,826.6421,1.1603,true,0.003428,0.000532,0.002896,1.725,0.05376,0.076241,0.05758,0.020244,0.016841,0.006516,0.00832,0.001848,0.003548,0.000272,2.2345,0.184697,0.983214,0.798517,0.3451,0.443831,0.000069,0.000871,813.398562,773.6125,
78,54,true,78,78,0,0,12,-12,3.0978,-13.183801,-12.0057,-1.1781,2.7812,-19.02156,-23.334,-18.124137,-17.591,-19.871909,-18.7947,-23.493137,-21.505,-28.489503,-27.9114,995.07979,841.4982,1.1825,true,0.004943,0.000629,0.004314,1.41,0.045193,0.079638,0.06993,0.021585,0.015063,0.007553,0.013523,0.002248,0.003582,0.000335,2.5306,0.184885,0.984836,0.799951,0.345472,0.443421,0.000051,0.000881,880.846227,783.8211,
78,61,true,78,78,0,0,14,-14,3.0001,-10.324474,-11.1656,0.8412,4.0952,-16.27727,-20.7804,-15.378727,-16.7639,-17.442987,-18.0765,-21.479834,-20.8057,-26.880726,-27.2138,1027.848254,860.7179,1.1942,true,0.006509,0.000758,0.005751,1.3076,0.039801,0.083583,0.080046,0.02336,0.013918,0.008773,0.017689,0.002574,0.004494,0.000429,2.6992,0.185041,0.985613,0.800572,0.345773,0.44097,0.000057,0.000898,937.110482,802.4834,
78,69,true,78,78,0,0,14,-14,3.8008,-7.744822,-10.8311,3.0863,5.4028,-13.721532,-20.9054,-12.874118,-16.3689,-15.296761,-17.6617,-19.742383,-20.3759,-25.529377,-26.7603,1065.971035,869.6479,1.2258,true,0.007846,0.000844,0.007002,1.7315,0.039415,0.082458,0.087507,0.024344,0.014422,0.009573,0.02003,0.002672,0.00488,0.00046,2.8391,0.185147,0.985669,0.800522,0.345972,0.44204,0.000075,0.000913,1024.09794,813.848,
78,77,true,78,78,0,0,12,-12,4.6674,-5.623206,-9.3318,3.7086,5.2976,-11.622357,-20.4466,-10.856694,-14.9834,-13.601975,-16.2188,-18.39311,-18.9215,-24.495591,-25.2511,1095.641603,892.328,1.2278,true,0.009316,0.001116,0.0082,2.0884,0.042462,0.082011,0.095056,0.026995,0.015191,0.0119,0.022642,0.00327,0.004704,0.000713,2.8397,0.185224,0.98905,0.803826,0.346102,0.441851,0.000089,0.000959,1086.388171,851.3603,
78,85,true,78,78,0,0,14,-14,4.8839,-3.878365,-8.4788,4.6005,5.4599,-9.85767,-19.051,-9.193444,-14.0155,-12.216038,-15.2925,-17.301614,-17.9922,-23.666691,-24.2105,1149.916014,914.6522,1.2572,true,0.011135,0.001352,0.009783,2.3858,0.047202,0.079241,0.103109,0.029143,0.016651,0.013681,0.026503,0.003431,0.005343,0.000819,2.8896,0.185294,0.992761,0.807467,0.346206,0.444686,0.000096,0.000981,1195.190664,887.7956,
78,93,true,78,78,0,0,14,-14,4.8283,-2.366276,-7.456,5.0897,5.5712,-8.344992,-17.0749,-7.792888,-13.0676,-11.051186,-14.4499,-16.391029,-17.1929,-22.98188,-23.3547,1236.569519,940.9001,1.3142,true,0.013162,0.001616,0.011546,2.5968,0.053348,0.084541,0.110689,0.031438,0.019505,0.014974,0.030789,0.003833,0.007637,0.001011,2.9487,0.18536,0.996318,0.810958,0.346296,0.443925,0.000099,0.001004,1362.348551,922.9074,
78,101,true,78,78,0,0,12,-12,5.4062,-1.056046,-5.7942,4.7382,4.8882,-7.026797,-16.2656,-6.59052,-11.6287,-10.052513,-12.9712,-15.615972,-15.7348,-22.406393,-21.9015,1319.628446,969.9302,1.3605,true,0.015023,0.001966,0.013057,2.7998,0.060704,0.081231,0.116773,0.033708,0.023324,0.018303,0.034066,0.004455,0.010368,0.001292,3.0485,0.185415,0.995623,0.810208,0.346362,0.438033,0.000101,0.001034,1521.490799,979.1743,
78,109,true,78,78,0,0,14,-14,5.997,0.059337,-4.9581,5.0175,4.6974,-5.861221,-16.0799,-5.539956,-10.7834,-9.183621,-12.1227,-14.947127,-14.8752,-21.917437,-21.0414,1395.633806,988.8571,1.4114,true,0.016505,0.00217,0.014335,3.011,0.068918,0.078954,0.120984,0.035213,0.027505,0.019859,0.036014,0.004576,0.012933,0.001407,3.1568,0.185452,0.995578,0.810126,0.346397,0.435298,0.000103,0.001056,1677.539879,1012.7803,
78,117,true,78,78,0,0,12,-12,6.3681,0.801705,-2.5328,3.3345,2.8875,-4.830784,-14.1545,-4.613668,-8.3388,-8.419208,-9.6538,-14.364623,-12.4828,-21.499764,-18.6565,1485.362107,1045.6646,1.4205,true,0.017608,0.002641,0.014967,3.1164,0.07776,0.081213,0.123375,0.038738,0.031884,0.02303,0.036863,0.005606,0.015289,0.001604,3.0029,0.185177,0.991636,0.806459,0.345831,0.429275,0.000106,0.001121,1869.078055,1102.7942,
78,124,true,78,78,0,0,12,-12,6.5284,1.220574,-1.5179,2.7385,2.2508,-4.083311,-13.0002,-3.928339,-7.2664,-7.844149,-8.5797,-13.93414,-11.4157,-21.200242,-17.5822,1583.492392,1126.6241,1.4055,true,0.017624,0.004163,0.013461,3.254,0.085387,0.093817,0.121601,0.048166,0.035251,0.029541,0.03494,0.007259,0.01724,0.002072,2.6039,0.183862,0.993854,0.809992,0.343112,0.427423,0.000109,0.00113,2053.590937,1182.8387,
79,14,false,78,81,0.3333,0,7.3333,-7.3333,9.5413,-26.84566,-26.2996,-0.5461,-6.7658,-36.213811,-41.8139,-45.047847,-33.3458,-46.160719,-34.0615,-48.297065,-36.762,-51.68456,-42.7885,1064.512261,718.3841,1.4818,true,0.002713,0.000016,0.002697,2.639,0.124589,0.045205,0.046488,0.003669,0.0176,0.000854,0.007438,0.000297,0.002267,0.000063,4.1326,0.178701,0.866778,0.688077,0.337114,0.455274,-0.00001,0.00083867,1032.298073,1230.0721,
79,31,false,78,81,0.3333,0,10,-10,5.7077,-22.758565,-21.9019,-0.8567,-5.1116,-32.412483,-31.9724,-38.544523,-28.1725,-39.650352,-29.2113,-42.073641,-32.1928,-45.993835,-38.2347,1053.875286,783.8564,1.3445,true,0.00188,0.000079,0.001801,2.1218,0.102866,0.043555,0.03946,0.007855,0.011932,0.001851,0.005353,0.000991,0.002038,0.00009,2.7701,0.184513,0.872563,0.68805,0.349004,0.487782,-0.000031,0.00096367,1104.652366,1017.5789,
79,36,false,78,81,0.3333,0,11.3333,-11.3333,3.9978,-21.220257,-19.0886,-2.1317,-3.392,-30.549282,-29.8098,-34.119926,-25.3622,-35.147599,-26.4151,-37.608016,-29.4467,-41.60723,-35.4747,1032.501237,790.2761,1.3065,false,0.000746,0.000162,0.000584,2.0288,0.136971,0.042669,0.023691,0.011125,0.008989,0.002562,0.004622,0.001339,0.00142,0.000103,2.7905,0.188295,0.86991,0.681615,0.35748,0.483092,-0.000007,0.00056767,1020.693007,921.7636,
79,40,false,78,81,0.3333,0,10.6667,-10.6667,4.2538,-19.788891,-15.6982,-4.0907,-2.5742,-28.571641,-33.846,-30.259936,-22.3128,-31.363879,-23.5598,-33.936055,-26.5925,-38.027622,-32.6242,1008.164585,801.3876,1.258,false,0.000511,0.000285,0.000226,1.9401,0.120945,0.053291,0.017031,0.014698,0.010394,0.003805,0.005552,0.001681,0.00203,0.000089,2.0689,0.19009,0.874782,0.684692,0.361753,0.486455,0.000006,0.00060867,952.549738,852.5893,
79,45,false,78,81,0.3333,0,12.6667,-12.6667,1.682,-17.942998,-14.8986,-3.0444,0.2876,-25.808839,-24.7027,-26.093252,-21.2288,-27.376576,-22.595,-30.202188,-25.7205,-34.550336,-31.6329,990.768791,832.4396,1.1902,false,0.000726,0.000367,0.000359,1.5642,0.091278,0.063232,0.017351,0.016308,0.016991,0.004375,0.002912,0.002034,0.001411,0.000082,1.8777,0.191075,0.8775,0.686425,0.364211,0.475181,0.000011,0.001037,911.434498,843.4261,
79,49,false,78,81,0.3333,0,14.6667,-14.6667,1.4896,-16.532372,-13.1975,-3.3349,1.5922,-23.597306,-23.4778,-23.327487,-20.1524,-24.771602,-21.4933,-27.84347,-24.6664,-32.449493,-30.5272,1014.037371,846.3715,1.1981,true,0.001691,0.000483,0.001208,1.2548,0.072815,0.068117,0.033593,0.018528,0.017855,0.004966,0.002864,0.002122,0.003564,0.000106,1.8612,0.191478,0.881091,0.689613,0.365186,0.480328,-0.000006,0.00105,930.909645,839.7884,
79,54,false,78,81,0.3333,0,10,-10,1.6664,-14.784644,-12.0469,-2.7377,2.7241,-21.024728,-22.5337,-20.443893,-18.8433,-22.098002,-20.2123,-25.495589,-23.4504,-30.435422,-29.3202,1032.467703,862.428,1.1972,true,0.003492,0.000647,0.002845,0.93,0.057833,0.081486,0.053245,0.021283,0.015799,0.006735,0.003295,0.002762,0.004423,0.000126,2.0217,0.191807,0.8852,0.693393,0.365906,0.473513,-0.000026,0.00105567,942.183384,839.9591,
79,61,false,78,81,0.3333,0,12.6667,-12.6667,1.5207,-12.041869,-11.1931,-0.8488,4.5532,-17.902625,-20.2915,-17.218174,-18.1433,-19.167723,-19.5558,-23.012072,-22.796,-28.390894,-28.6279,1081.203224,884.4858,1.2224,true,0.00609,0.000764,0.005326,0.6041,0.046448,0.086577,0.0719,0.022802,0.012884,0.007978,0.010165,0.003111,0.004539,0.000154,2.4968,0.192102,0.884533,0.692431,0.366492,0.467608,-0.000035,0.00107233,1017.373468,855.5054,
79,69,false,78,81,0.3333,0,11.3333,-11.3333,2.2725,-9.014252,-10.6915,1.6772,6.1085,-14.984836,-20.3614,-14.36175,-17.6208,-16.635328,-19.0346,-20.942959,-22.2822,-26.755984,-28.0789,1121.604323,898.6275,1.2481,true,0.008086,0.000872,0.007214,1.0601,0.041021,0.086839,0.082841,0.024103,0.01205,0.008795,0.013419,0.003295,0.005468,0.000172,2.7224,0.192274,0.88296,0.690686,0.366831,0.464004,-0.000029,0.00109167,1095.720289,862.8671,
79,77,false,78,81,0.3333,0,11.3333,-11.3333,3.0395,-6.755915,-9.3589,2.603,6.3623,-12.622035,-19.7792,-12.115691,-16.3163,-14.687913,-17.7521,-19.396175,-20.9892,-25.571046,-26.7513,1157.678569,923.0605,1.2542,true,0.009436,0.001164,0.008272,1.4712,0.040385,0.087502,0.089297,0.027119,0.012945,0.01109,0.014383,0.003935,0.006103,0.000259,2.6751,0.192371,0.885577,0.693206,0.367019,0.463594,-0.000019,0.001126,1183.273052,893.5431,
79,85,false,78,81,0.3333,0,12,-12,3.298,-4.685197,-8.4704,3.7852,6.6684,-10.676577,-18.2278,-10.295326,-15.4629,-13.136795,-16.8623,-18.183193,-20.0823,-24.660932,-25.7555,1202.362586,952.9863,1.2617,true,0.010806,0.001429,0.009377,1.8264,0.042346,0.087987,0.09529,0.02946,0.013885,0.013287,0.016277,0.004264,0.005919,0.000327,2.6683,0.192453,0.888325,0.695872,0.367159,0.464781,-0.000012,0.00114033,1288.157897,924.5596,
79,93,false,78,81,0.3333,0,13.3333,-13.3333,3.4367,-3.030247,-7.4838,4.4536,6.7904,-9.042649,-16.6444,-8.782361,-14.4759,-11.862615,-15.9695,-17.194481,-19.2156,-23.931633,-24.8652,1271.540205,978.6113,1.2993,true,0.012452,0.001709,0.010743,2.0857,0.045773,0.094495,0.101674,0.031616,0.014762,0.01505,0.019792,0.004806,0.006306,0.000405,2.6834,0.192544,0.891996,0.699452,0.367298,0.46407,-0.000009,0.001157,1429.758153,958.6837,
79,101,false,78,81,0.3333,0,14,-14,3.935,-1.682744,-5.8477,4.1649,6.1799,-7.64326,-15.5478,-7.498406,-13.0451,-10.789819,-14.5221,-16.367609,-17.7782,-23.332276,-23.447,1359.55072,1015.546,1.3387,true,0.014224,0.0022,0.012024,2.3217,0.050693,0.095514,0.107679,0.03477,0.016378,0.018567,0.023577,0.005626,0.008032,0.000502,2.6285,0.192648,0.895888,0.70324,0.367444,0.457468,-0.000009,0.001175,1600.099438,1017.7122,
79,109,false,78,81,0.3333,0,14,-14,4.5025,-0.510484,-4.9151,4.4046,5.9081,-6.422561,-15.079,-6.390096,-12.1095,-9.871388,-13.5728,-15.666109,-16.8049,-22.833614,-22.5148,1457.649861,1038.9301,1.403,true,0.015814,0.002474,0.01334,2.5626,0.056943,0.094153,0.112342,0.036135,0.018786,0.020957,0.026555,0.005926,0.010391,0.000565,2.6518,0.192755,0.896798,0.704043,0.367588,0.45905,-0.00001,0.001195,1782.806482,1056.8128,
79,117,false,78,81,0.3333,0,10,-10,4.9427,0.507162,-2.8585,3.3656,4.5164,-5.34253,-13.5858,-5.419937,-10.0523,-9.076556,-11.5346,-15.067104,-14.8142,-22.417407,-20.5668,1574.029575,1094.8946,1.4376,true,0.017067,0.003059,0.014008,2.7109,0.064067,0.096883,0.115221,0.03984,0.021597,0.024385,0.028534,0.006983,0.012774,0.000642,2.5125,0.192818,0.89751,0.704692,0.367649,0.455691,-0.00001,0.001241,1992.391762,1143.1136,
79,124,false,78,81,0.3333,0,18,-18,5.1058,1.007999,-1.5265,2.5345,3.6841,-4.550847,-12.1602,-4.686455,-8.81,-8.479947,-10.287,-14.628046,-13.5429,-22.121649,-19.3177,1696.960277,1167.2469,1.4538,true,0.017521,0.004346,0.013175,2.8922,0.07088,0.107655,0.114704,0.046881,0.024254,0.030757,0.028891,0.008022,0.015053,0.000825,2.3143,0.192045,0.901023,0.708978,0.366159,0.457962,-0.00001,0.001253,2184.52573,1231.3703,
80,14,false,78,81,0.6667,0,4.6667,-4.6667,16.3798,-26.872229,-28.8451,1.9729,-9.6904,-36.52494,-49.2182,-51.06692,-36.832,-52.421664,-37.0994,-54.138977,-39.6792,-56.664676,-44.9671,1340.009438,668.554,2.0043,true,0.011368,0.000016,0.011352,2.7622,0.128735,0.040724,0.084993,0.003313,0.063088,0.001319,0.041335,0.000542,0.010903,0.00006,7.1352,0.17432,0.735623,0.561303,0.328097,0.497472,0.000043,0.00114233,1515.381593,1351.3299,
80,31,false,78,81,0.6667,0,10,-10,6.7834,-23.039518,-24.4528,1.4133,-3.8973,-32.81486,-34.8809,-40.502156,-31.3327,-41.53265,-32.1803,-43.987873,-35.3213,-47.848692,-40.7827,1117.549281,799.9896,1.397,true,0.002947,0.000068,0.002879,1.6006,0.085246,0.030756,0.049129,0.006797,0.029126,0.00213,0.002023,0.001489,0.003393,0.000059,3.5202,0.185029,0.75252,0.567491,0.351919,0.553031,0.000039,0.00124033,1203.827014,1184.054,
80,36,false,78,81,0.6667,0,10.6667,-10.6667,6.3407,-21.793123,-21.4367,-0.3564,-5.0692,-31.709696,-32.2266,-38.728835,-28.3602,-39.817722,-29.2193,-42.357033,-32.5185,-46.39953,-37.9984,1173.761461,790.7626,1.4843,true,0.003476,0.000133,0.003343,1.4374,0.115619,0.026628,0.05711,0.009654,0.014073,0.002415,0.017699,0.001657,0.004255,0.000057,3.4296,0.186239,0.753492,0.567253,0.354285,0.535849,0.000019,0.00039333,1288.339232,1053.3175,
80,40,false,78,81,0.6667,0,9.3333,-9.3333,7.2879,-20.847867,-16.7137,-4.1342,-5.5829,-30.452517,-41.5996,-35.607413,-24.3169,-36.732648,-25.6212,-39.276062,-28.9239,-43.436554,-34.49,1154.652228,802.2979,1.4392,true,0.00177,0.000251,0.001519,1.4057,0.170623,0.039192,0.038492,0.013309,0.021715,0.003144,0.003165,0.001935,0.006499,0.000048,3.6718,0.188415,0.764357,0.575942,0.359394,0.5334,0.000046,0.00038433,1226.407486,934.9761,
80,45,false,78,81,0.6667,0,13.3333,-13.3333,2.0414,-19.208434,-15.9426,-3.2659,-1.9738,-28.308356,-25.5769,-31.026777,-23.1244,-32.207165,-24.566,-34.836889,-28.0938,-39.064893,-33.4337,1133.897438,851.4315,1.3318,true,0.001127,0.000326,0.000801,1.1119,0.167164,0.053309,0.029597,0.014741,0.014197,0.003418,0.01583,0.002301,0.002619,0.000036,2.7984,0.190099,0.772324,0.582225,0.363932,0.512258,0.000065,0.001225,1155.588133,922.6302,
80,49,false,78,81,0.6667,0,17.3333,-17.3333,0.9165,-17.793953,-13.7121,-4.0819,-0.034,-26.302998,-23.4179,-27.731913,-21.9607,-29.001932,-23.3885,-31.818704,-27.0154,-36.200482,-32.3412,1130.158136,866.5718,1.3042,false,0.000883,0.000433,0.00045,0.944,0.140712,0.060859,0.017138,0.016958,0.024384,0.003784,0.00744,0.002437,0.004039,0.000041,2.4944,0.190517,0.778968,0.588451,0.365426,0.516825,0.000075,0.001229,1173.133432,911.6252,
80,54,false,78,81,0.6667,0,8,-8,0.5862,-16.142272,-12.0881,-4.0541,1.3678,-23.734028,-21.7333,-24.257428,-20.0956,-25.685998,-21.6299,-28.797138,-25.3957,-33.462951,-30.729,1156.929972,883.8784,1.3089,true,0.002379,0.000666,0.001713,0.6675,0.109217,0.083376,0.037595,0.020985,0.031564,0.006005,0.005718,0.003394,0.006126,0.000048,2.597,0.190775,0.785564,0.594789,0.366359,0.503606,0.00006,0.00123033,1201.821245,900.1177,
80,61,false,78,81,0.6667,0,11.3333,-11.3333,0.2875,-13.829178,-11.2206,-2.6086,3.9111,-20.399028,-19.8026,-20.389611,-19.5227,-22.098816,-21.0352,-25.64452,-24.7863,-30.754869,-30.042,1226.230098,908.91,1.3491,true,0.006482,0.000769,0.005713,0.2055,0.080955,0.089679,0.076232,0.022258,0.028338,0.007255,0.00771,0.00376,0.011624,0.000056,2.6732,0.191127,0.783453,0.592326,0.367199,0.494247,0.000027,0.00124667,1293.25585,912.0307,
80,69,false,78,81,0.6667,0,8.6667,-8.6667,0.9185,-11.46084,-10.5518,-0.909,5.876,-17.167182,-19.8174,-17.019042,-18.8727,-19.06757,-20.4075,-23.08167,-24.1884,-28.668208,-29.3976,1309.435325,928.5728,1.4102,true,0.011205,0.000901,0.010304,0.3773,0.064619,0.091453,0.103898,0.023864,0.021151,0.008081,0.022459,0.004063,0.008676,0.000064,3.3634,0.191457,0.78025,0.588793,0.367829,0.485967,0.000013,0.00127033,1425.942374,914.8387,
80,77,false,78,81,0.6667,0,10.6667,-10.6667,1.5091,-8.784535,-9.3861,0.6016,6.5999,-14.52499,-19.1117,-14.431522,-17.6492,-16.800857,-19.2854,-21.226216,-23.0569,-27.217055,-28.2516,1389.056386,954.8515,1.4547,true,0.014804,0.001213,0.013591,0.7961,0.058284,0.093361,0.119,0.027244,0.020266,0.010335,0.031071,0.004736,0.010455,0.000094,3.4636,0.191634,0.782104,0.59047,0.36816,0.485336,0.000015,0.001293,1560.983736,937.816,
80,85,false,78,81,0.6667,0,10,-10,1.7405,-6.794774,-8.4619,1.6671,7.1168,-12.356653,-17.4047,-12.383927,-16.9103,-15.045327,-18.4322,-19.824729,-22.1723,-26.152947,-27.3004,1494.358448,992.927,1.505,true,0.017245,0.001505,0.01574,1.2001,0.058389,0.097699,0.127644,0.029781,0.024353,0.012904,0.033777,0.005298,0.014822,0.00013,3.4601,0.191727,0.783889,0.592162,0.368333,0.484877,0.000021,0.00129967,1754.542939,962.8461,
80,93,false,78,81,0.6667,0,12.6667,-12.6667,2.027,-4.736114,-7.5116,2.7755,7.2806,-10.554978,-16.2138,-10.718922,-15.8841,-13.641163,-17.4891,-18.727001,-21.2383,-25.339787,-26.3757,1571.916595,1017.8339,1.5444,true,0.018668,0.001801,0.016867,1.4754,0.061995,0.10562,0.133,0.031795,0.028691,0.015127,0.031979,0.006025,0.017132,0.000162,3.4215,0.191794,0.787673,0.595879,0.368449,0.484214,0.000027,0.00131,1919.427319,995.847,
80,101,false,78,81,0.6667,0,16,-16,2.4227,-3.043168,-5.9011,2.8579,6.7514,-9.03534,-14.8299,-9.332935,-14.4616,-12.486418,-16.073,-17.839514,-19.8216,-24.697064,-24.9925,1649.572959,1063.3071,1.5514,true,0.019594,0.002435,0.017159,1.6866,0.066697,0.112308,0.136921,0.035865,0.030766,0.018834,0.029195,0.007105,0.015746,0.000195,3.2033,0.191876,0.796152,0.604276,0.368576,0.476902,0.00003,0.001316,2113.119004,1057.7669,
80,109,false,78,81,0.6667,0,14,-14,2.9605,-1.452438,-4.8721,3.4196,6.3995,-7.729304,-14.0782,-8.155141,-13.4355,-11.51648,-15.0229,-17.104453,-18.7347,-24.175926,-23.9882,1822.621042,1091.5386,1.6698,true,0.020808,0.002777,0.018031,1.8762,0.071395,0.112279,0.140414,0.03708,0.030708,0.022116,0.030318,0.007674,0.011498,0.000227,3.1948,0.192019,0.798017,0.605998,0.368789,0.482803,0.000032,0.001334,2431.156288,1102.7596,
80,117,false,78,81,0.6667,0,8,-8,3.4723,0.105681,-3.1842,3.2898,5.4208,-6.581045,-13.0171,-7.136329,-11.7658,-10.694347,-13.4153,-16.494124,-17.1456,-23.754252,-22.4772,2082.628812,1146.4423,1.8166,true,0.022685,0.003478,0.019207,2.0695,0.075789,0.115576,0.143115,0.040973,0.029077,0.02582,0.036117,0.008697,0.006203,0.000257,3.0038,0.19228,0.803385,0.611105,0.369185,0.482107,0.000031,0.001361,2816.892969,1184.9073,
80,124,false,78,81,0.6667,0,24,-24,3.6563,0.910849,-1.5351,2.4459,4.3639,-5.723127,-11.3201,-6.389611,-10.3537,-10.110365,-11.9943,-16.075513,-15.6701,-23.47775,-21.0533,2307.679193,1209.3343,1.9082,true,0.023577,0.004529,0.019048,2.2894,0.079195,0.123534,0.140935,0.04563,0.02644,0.032023,0.040903,0.008866,0.003318,0.000329,2.7132,0.192383,0.808193,0.61581,0.369317,0.488501,0.000031,0.001376,3103.019455,1281.893,
81,14,true,81,81,0,0,2,-2,19.5191,-27.485225,-31.3906,3.9054,-8.3241,-36.633731,-56.6225,-52.327376,-40.3182,-54.567881,-40.1372,-55.689818,-42.5965,-57.701553,-47.1458,1606.952706,622.1803,2.5828,true,0.020139,0.000016,0.020123,2.5375,0.446059,0.036687,0.126552,0.002992,0.025874,0.002037,0.031418,0.000988,0.016389,0.000057,10.5105,0.18424,0.604469,0.420229,0.345936,0.539669,0.000446,0.001446,1623.672002,1484.541,
81,31,true,81,81,0,0,10,-10,11.5778,-23.340876,-27.0037,3.6628,-3.7022,-33.08865,-37.7894,-41.134837,-34.4929,-44.803233,-35.1493,-46.921336,-38.4498,-49.981431,-43.3307,1240.578157,816.4549,1.5195,true,0.001411,0.000056,0.001355,1.8207,0.156485,0.021718,0.034592,0.005882,0.005737,0.002452,0.009477,0.002237,0.006583,0.000039,5.2489,0.185151,0.632477,0.447326,0.350996,0.61828,0.00063,0.001517,1272.156437,1377.7644,
81,36,true,81,81,0,0,10,-10,11.3044,-22.079382,-23.7848,1.7054,-5.5074,-32.159814,-34.6434,-39.810762,-31.3581,-43.477913,-32.0236,-45.86702,-35.5903,-48.950433,-40.5222,1235.021811,791.2493,1.5609,true,0.001873,0.000103,0.00177,1.8484,0.099071,0.016617,0.031231,0.008378,0.022583,0.002277,0.004971,0.002051,0.003706,0.000031,4.0978,0.184964,0.637073,0.452109,0.350814,0.588605,0.000449,0.000219,1321.044144,1203.6468,
81,40,true,81,81,0,0,8,-8,14.6211,-21.150378,-17.7292,-3.4212,-8.9561,-31.381641,-49.3533,-38.741542,-26.321,-42.436344,-27.6826,-44.980574,-31.2552,-48.10781,-36.3559,1297.80378,803.2092,1.6158,true,0.003198,0.000216,0.002982,1.9734,0.068401,0.028823,0.047386,0.012052,0.009285,0.002598,0.012295,0.002227,0.007203,0.000026,2.6023,0.185269,0.653931,0.468662,0.351372,0.580344,0.000372,0.00016,1463.017777,1025.324,
81,45,true,81,81,0,0,14,-14,8.4348,-20.043629,-16.9866,-3.0571,-6.891,-30.088534,-26.4511,-35.843725,-25.02,-39.690237,-26.537,-42.127431,-30.4671,-45.463644,-35.2344,1285.586949,870.8566,1.4762,true,0.002146,0.000284,0.001862,1.493,0.134454,0.044943,0.039534,0.013325,0.016872,0.002671,0.002947,0.002602,0.005322,0.000016,2.6292,0.185951,0.667147,0.481196,0.353645,0.549336,0.000573,0.001413,1393.854533,1009.2722,
81,49,true,81,81,0,0,20,-20,6.5043,-19.044449,-14.2267,-4.8178,-4.6755,-28.653341,-23.358,-32.55002,-23.769,-36.501911,-25.2837,-38.809308,-29.3645,-42.2788,-34.1551,1282.655865,887.2542,1.4456,true,0.001714,0.000384,0.00133,1.7734,0.155833,0.054374,0.034259,0.015521,0.014702,0.002884,0.008986,0.002799,0.00401,0.000016,2.5761,0.186025,0.676845,0.49082,0.355141,0.553322,0.000637,0.001408,1339.177548,989.607,
81,54,true,81,81,0,0,6,-6,5.4902,-17.475115,-12.1293,-5.3458,-2.8867,-26.440029,-20.933,-28.510861,-21.3479,-32.597381,-23.0475,-34.997033,-27.341,-38.621702,-32.1378,1252.818921,905.8623,1.383,false,0.000726,0.000684,0.000042,1.8939,0.141588,0.085311,0.016997,0.020691,0.013994,0.005354,0.008714,0.00417,0.00426,0.000018,1.5905,0.185429,0.685928,0.500499,0.355385,0.533698,0.00065,0.001405,1323.354139,964.585,
81,61,true,81,81,0,0,10,-10,5.1011,-15.322577,-11.2481,-4.0745,0.594,-23.088483,-19.3137,-23.830821,-20.9021,-28.140069,-22.5145,-30.951921,-26.7766,-34.864193,-31.456,1314.390662,934.0087,1.4073,true,0.002677,0.000775,0.001902,1.4503,0.107026,0.092891,0.03106,0.021727,0.031499,0.006598,0.007168,0.004544,0.004005,0.00002,2.5002,0.184864,0.682373,0.497509,0.355245,0.520885,0.000447,0.001421,1391.636461,972.2907,
81,69,true,81,81,0,0,6,-6,5.6376,-12.899107,-10.4122,-2.4869,3.1139,-19.540723,-19.2734,-19.779557,-20.1246,-24.364229,-21.7805,-27.750056,-26.0947,-32.011104,-30.7163,1384.677985,959.516,1.4431,true,0.007507,0.000929,0.006578,0.9284,0.080966,0.096312,0.069082,0.023627,0.03143,0.007424,0.004231,0.005011,0.00747,0.000024,2.3778,0.184818,0.677541,0.492723,0.355468,0.507931,0.000347,0.001449,1469.187619,969.9406,
81,77,true,81,81,0,0,10,-10,5.9067,-10.59894,-9.4132,-1.1857,4.3792,-16.557565,-18.4442,-16.718478,-18.9821,-21.580903,-20.8187,-25.514629,-25.1245,-30.081404,-29.7518,1484.467263,987.7374,1.5029,true,0.012398,0.001261,0.011137,0.3721,0.067372,0.099612,0.093896,0.02737,0.02695,0.009632,0.017249,0.0057,0.006784,0.000034,2.7802,0.184946,0.678631,0.493685,0.355772,0.507079,0.000253,0.00146,1617.997731,984.2825,
81,85,true,81,81,0,0,8,-8,6.1397,-8.588682,-8.4534,-0.1353,5.1531,-14.115293,-16.5815,-14.342036,-18.3578,-19.469664,-20.002,-23.878447,-24.2623,-28.704246,-28.8453,1621.63064,1034.5416,1.5675,true,0.016391,0.001582,0.014809,0.2428,0.061227,0.108482,0.108424,0.030105,0.028268,0.012532,0.024081,0.006584,0.010131,0.000052,2.9528,0.185053,0.679453,0.4944,0.355984,0.504972,0.000199,0.001459,1844.787919,1002.718,
81,93,true,81,81,0,0,12,-12,6.4455,-6.695402,-7.5395,0.8441,5.3957,-12.108449,-15.7832,-12.450238,-17.2924,-17.823706,-19.0087,-22.634541,-23.261,-27.673845,-27.8863,1741.091277,1058.6287,1.6447,true,0.0191,0.001894,0.017206,0.5586,0.062275,0.118056,0.116731,0.031975,0.032899,0.015204,0.025007,0.007554,0.01137,0.000065,3.0192,0.185111,0.683351,0.49824,0.356098,0.504359,0.000183,0.001463,2056.387622,1034.4508,
81,101,true,81,81,0,0,18,-18,6.6843,-4.796531,-5.9545,1.158,4.9733,-10.437621,-14.112,-10.911096,-15.8781,-16.510609,-17.624,-21.66099,-21.865,-26.878067,-26.5381,1876.78942,1113.3144,1.6858,true,0.020682,0.002669,0.018013,0.9093,0.067784,0.132055,0.120209,0.036995,0.038294,0.019105,0.023113,0.008973,0.013914,0.000076,2.7707,0.185167,0.696417,0.51125,0.356193,0.496337,0.000203,0.001457,2316.371037,1099.398,
81,109,true,81,81,0,0,14,-14,7.1244,-3.081737,-4.8291,1.7473,4.5472,-9.026688,-13.0774,-9.639111,-14.7616,-15.450151,-16.473,-20.88656,-20.6644,-26.254378,-25.4616,2103.552373,1146.8111,1.8343,true,0.0218,0.003081,0.018719,1.245,0.074769,0.133893,0.11991,0.038051,0.043857,0.023339,0.020182,0.009937,0.01525,0.000091,2.7036,0.185293,0.699237,0.513944,0.356387,0.506555,0.000206,0.001473,2696.754428,1150.7041,
81,117,true,81,81,0,0,6,-6,7.7606,-1.590395,-3.5099,1.9195,3.9419,-7.842111,-12.4484,-8.604243,-13.4793,-14.628213,-15.2961,-20.304413,-19.4771,-25.792777,-24.3875,2402.7734,1200.4169,2.0016,true,0.022024,0.003896,0.018128,1.4953,0.080021,0.137876,0.113398,0.042139,0.047974,0.027339,0.014787,0.010833,0.013995,0.000103,2.375,0.185498,0.709259,0.523761,0.356704,0.508523,0.000214,0.001481,3131.05213,1228.2289,
81,124,true,81,81,0,0,30,-30,8.0466,-0.423257,-1.5436,1.1204,2.5685,-7.01534,-10.48,-7.92531,-11.8973,-14.143455,-13.7016,-19.998093,-17.7973,-25.557139,-22.7888,2692.328484,1252.9393,2.1488,true,0.02007,0.004712,0.015358,1.7589,0.080746,0.141755,0.097667,0.044413,0.046871,0.033341,0.013768,0.009798,0.013674,0.000131,2.3368,0.185732,0.715362,0.52963,0.35707,0.51904,0.000215,0.001499,3502.419116,1334.4887,
82,14,false,81,84,0.3333,0,4,-4,13.2152,-27.789712,-28.119,0.3292,-5.2546,-36.542214,-55.8458,-47.922242,-37.7886,-49.079847,-38.2637,-51.525671,-41.5018,-55.025709,-47.6078,1172.609825,687.596,1.7054,true,0.001793,0.001451,0.000342,2.606,0.061791,0.04464,0.036263,0.004203,0.009233,0.001649,0.002718,0.000534,0.002342,0.000091,3.2574,0.192935,0.669748,0.476813,0.363789,0.2988,0.000029,0.00187233,1163.309938,1533.228,
82,31,false,81,84,0.3333,0,12,-12,9.2979,-23.440365,-24.1399,0.6995,-5.0585,-33.379647,-42.7064,-43.029802,-32.791,-44.333102,-33.7178,-47.153599,-37.3258,-51.368795,-43.5776,1316.885818,822.1426,1.6018,true,0.002843,0.001129,0.001714,2.0366,0.123898,0.028836,0.043798,0.006775,0.01556,0.002312,0.007961,0.000934,0.0054,0.000076,3.4478,0.192797,0.689724,0.496927,0.363021,0.346764,0.000021,0.00171433,1349.817611,1392.2263,
82,36,false,81,84,0.3333,0,12.6667,-12.6667,6.6057,-22.408052,-20.9414,-1.4666,-4.7787,-32.349597,-37.7723,-39.956951,-29.6477,-41.258597,-30.8832,-44.274402,-34.7264,-48.960152,-41.1209,1247.181908,810.0863,1.5396,true,0.001272,0.001208,0.000064,1.7087,0.131144,0.024949,0.030882,0.008314,0.005164,0.002726,0.004102,0.000941,0.003626,0.00005,4.0386,0.191097,0.692698,0.501601,0.360679,0.323918,0.000019,0.00064433,1253.217604,1245.7177,
82,40,false,81,84,0.3333,0,10,-10,7.4566,-21.480982,-16.8814,-4.5996,-5.8929,-31.612085,-41.4726,-38.585471,-26.4175,-39.944214,-28.2151,-43.054134,-32.3919,-47.919916,-38.3437,1240.723223,808.3435,1.5349,true,0.000571,0.002877,0.002306,1.086,0.101584,0.042003,0.016957,0.013479,0.010608,0.002942,0.005552,0.000853,0.002809,0.000038,2.1457,0.190412,0.705901,0.515489,0.359645,0.307215,0.000026,0.000659,1325.587488,1131.785,
82,45,false,81,84,0.3333,0,12.6667,-12.6667,3.8841,-20.34946,-17.0604,-3.2891,-5.3056,-30.713889,-26.8031,-37.221963,-25.4181,-38.683127,-27.4435,-41.911462,-31.8366,-46.989552,-37.2033,1299.73854,825.9294,1.5737,true,0.001587,0.002188,0.000601,1.1647,0.054929,0.05574,0.03215,0.014441,0.010834,0.00293,0.004828,0.000904,0.005136,0.000032,1.7246,0.190156,0.710944,0.520788,0.359234,0.277314,0.00001,0.00147733,1506.30443,1107.8643,
82,49,false,81,84,0.3333,0,18,-18,2.4444,-19.455039,-13.9433,-5.5117,-5.145,-29.839884,-23.3111,-35.419444,-23.9754,-36.911926,-25.8047,-40.239449,-30.3252,-45.568771,-36.177,1289.34282,886.6256,1.4542,true,0.001411,0.006284,0.004873,1.1929,0.084509,0.071347,0.032145,0.018171,0.003238,0.003265,0.00506,0.001253,0.002042,0.000029,1.4961,0.189695,0.732587,0.542892,0.358719,0.28308,-0.000006,0.00144133,1498.712844,1082.3914,
82,54,false,81,84,0.3333,0,7.3333,-7.3333,1.1011,-18.340793,-12.2695,-6.0713,-3.7538,-28.324071,-21.4252,-31.871756,-21.6093,-33.358502,-23.5009,-36.781837,-28.2587,-42.40669,-34.036,1322.041659,914.7384,1.4453,true,0.000993,0.015456,0.014463,1.3345,0.121792,0.11628,0.024546,0.024414,0.010857,0.006396,0.002979,0.001707,0.00399,0.000028,1.395,0.188468,0.741634,0.553166,0.357332,0.254575,0.000016,0.00197367,1489.184771,1043.934,
82,61,false,81,84,0.3333,0,11.3333,-11.3333,0.6786,-16.673158,-11.047,-5.6261,0.7989,-25.427908,-19.8471,-26.574843,-21.2396,-28.151595,-23.0836,-31.727292,-27.7569,-37.526208,-33.4334,1288.545172,933.3641,1.3805,true,0.000349,0.014429,0.01408,1.0976,0.118562,0.119092,0.013921,0.02508,0.004488,0.007424,0.00526,0.001693,0.003115,0.000033,1.4665,0.186707,0.732916,0.546209,0.355146,0.257167,0.000023,0.001982,1460.697477,1047.8948,
82,69,false,81,84,0.3333,0,6.6667,-6.6667,0.4532,-14.40887,-9.8189,-4.59,3.148,-21.787687,-19.4476,-21.678904,-19.3619,-23.518508,-21.2662,-27.447482,-25.8262,-33.552797,-31.8342,1321.444011,1007.2142,1.312,true,0.000851,0.045288,0.044437,0.631,0.091763,0.156526,0.016955,0.034169,0.015499,0.010986,0.003669,0.002149,0.002438,0.000047,1.6386,0.185793,0.733739,0.547946,0.353973,0.227868,0.000035,0.00193767,1498.363893,1039.5382,
82,77,false,81,84,0.3333,0,10,-10,0.3863,-12.005281,-8.8589,-3.1464,5.2385,-18.502582,-18.0995,-17.994323,-18.3987,-20.142903,-20.3995,-24.490042,-24.9592,-31.005155,-30.9469,1390.000496,1039.1861,1.3376,true,0.002569,0.050215,0.047646,0.5275,0.073748,0.162466,0.038788,0.039274,0.015707,0.013778,0.002783,0.002416,0.005061,0.000071,2.0593,0.185526,0.73446,0.548934,0.353649,0.222135,0.000012,0.001946,1600.180578,1053.0214,
82,85,false,81,84,0.3333,0,9.3333,-9.3333,0.7261,-9.818821,-7.8965,-1.9223,6.2831,-15.754951,-16.155,-15.187102,-17.5335,-17.638054,-19.3042,-22.393923,-23.9078,-29.312727,-30.01,1427.784386,1099.6033,1.2985,true,0.004022,0.073726,0.069704,0.8165,0.063353,0.186603,0.052079,0.045498,0.010781,0.018817,0.004955,0.00279,0.002085,0.00011,2.6802,0.185445,0.728795,0.54335,0.35356,0.217083,-0.000016,0.001952,1717.755943,1080.5134,
82,93,false,81,84,0.3333,0,11.3333,-11.3333,1.12,-7.326938,-6.9452,-0.3817,6.7505,-13.49638,-15.698,-12.99356,-16.4013,-15.724096,-18.2179,-20.847276,-22.8285,-28.126847,-29.0741,1570.226981,1127.0274,1.3932,true,0.005485,0.087048,0.081563,1.034,0.057621,0.204975,0.060326,0.050501,0.010294,0.023345,0.011485,0.003278,0.004736,0.000151,3.1791,0.18548,0.732791,0.547311,0.353623,0.211717,-0.000019,0.00196033,1963.438606,1118.2862,
82,101,false,81,84,0.3333,0,16,-16,1.3513,-5.408292,-5.954,0.5457,7.0635,-11.634012,-14.1853,-11.238856,-15.5539,-14.222232,-17.3966,-19.668227,-21.9624,-27.26756,-28.272,1742.800504,1156.5824,1.5069,true,0.006917,0.086467,0.07955,1.2897,0.057149,0.221304,0.065654,0.055312,0.012714,0.027109,0.01551,0.003561,0.007951,0.000167,3.4446,0.185591,0.742367,0.556776,0.35379,0.208095,-0.000017,0.001959,2226.776079,1162.3166,
82,109,false,81,84,0.3333,0,12,-12,1.7256,-3.745483,-4.7779,1.0324,6.7271,-10.075552,-13.8545,-9.803701,-14.3096,-13.021722,-16.0946,-18.753255,-20.7111,-26.637557,-27.1403,1931.198207,1211.6092,1.5939,true,0.00805,0.106355,0.098305,1.4551,0.060895,0.233746,0.067848,0.059663,0.01687,0.034191,0.016709,0.004404,0.010569,0.000213,3.4381,0.185777,0.74102,0.555243,0.354066,0.203383,0.000004,0.00197033,2504.544142,1219.0805,
82,117,false,81,84,0.3333,0,8,-8,2.0415,-2.155307,-3.4785,1.3232,6.2993,-8.771038,-12.2684,-8.633574,-13.1255,-12.074985,-14.9423,-18.058936,-19.5889,-26.197723,-26.1405,2136.084888,1273.6546,1.6771,true,0.008723,0.118115,0.109392,1.5872,0.066983,0.243347,0.064671,0.06652,0.020394,0.03963,0.015858,0.00504,0.01329,0.000255,3.2909,0.186037,0.739397,0.55336,0.354455,0.204661,0.00001,0.001973,2739.963656,1291.662,
82,124,false,81,84,0.3333,0,23.3333,-23.3333,2.2833,-0.912454,-1.5283,0.6159,5.0342,-7.828938,-10.9059,-7.827232,-11.5158,-11.462373,-13.2942,-17.645946,-17.9108,-25.988076,-24.6475,2388.804671,1343.274,1.7783,true,0.009062,0.125569,0.116507,1.6055,0.072784,0.249203,0.053054,0.072276,0.021665,0.047252,0.014527,0.005217,0.016483,0.000321,3.1311,0.186417,0.736231,0.549814,0.35503,0.20572,0.000018,0.001981,2997.580042,1388.0367,
83,14,false,81,84,0.6667,0,6,-6,11.7761,-27.464799,-24.8473,-2.6175,-6.0429,-36.529286,-55.0692,-47.277543,-35.2591,-48.693436,-36.3903,-51.219204,-40.4071,-54.916923,-48.0698,1223.771886,759.8895,1.6105,true,0.001074,0.002886,0.001812,3.965,0.079483,0.054318,0.02263,0.005903,0.017151,0.001335,0.007068,0.000289,0.003007,0.000145,2.3953,0.207556,0.735026,0.52747,0.387196,0.05793,-0.000087,0.00229867,1114.004787,1583.5117,
83,31,false,81,84,0.6667,0,14,-14,14.8916,-23.670875,-21.2761,-2.3948,-11.0895,-33.685114,-47.6235,-48.420329,-31.0891,-50.124065,-32.2864,-52.060524,-36.2017,-54.658924,-43.8246,1630.727167,827.8699,1.9698,true,0.013181,0.002203,0.010978,5.0245,0.155469,0.038287,0.089612,0.007803,0.047657,0.00218,0.024484,0.00039,0.010043,0.000149,5.5953,0.211253,0.746972,0.535719,0.393517,0.075249,-0.000059,0.00191167,1915.805239,1406.84,
83,36,false,81,84,0.6667,0,15.3333,-15.3333,9.2801,-22.582418,-18.098,-4.4844,-9.2104,-32.722646,-40.9013,-43.410439,-27.9372,-44.986498,-29.7429,-47.842164,-33.8625,-51.948989,-41.7195,1429.977737,829.3718,1.7242,true,0.004662,0.002313,0.002349,3.7502,0.126485,0.037458,0.055424,0.008251,0.024588,0.003265,0.005127,0.000432,0.006191,0.000081,3.5847,0.209022,0.748322,0.5393,0.388324,0.059231,-0.000062,0.00106967,1535.013458,1289.2592,
83,40,false,81,84,0.6667,0,12,-12,6.6368,-21.772126,-16.0336,-5.7385,-6.9745,-31.939115,-33.5919,-40.576548,-26.5139,-42.125634,-28.7476,-45.272376,-33.5286,-50.007848,-40.3315,1402.374372,813.5106,1.7239,true,0.003434,0.005538,0.002104,2.0674,0.14308,0.061209,0.048662,0.015076,0.018414,0.003331,0.007951,0.000326,0.002362,0.000056,2.3394,0.20791,0.757872,0.549962,0.385688,0.034086,-0.000063,0.001158,1436.727658,1249.3,
83,45,false,81,84,0.6667,0,11.3333,-11.3333,4.3834,-20.659257,-17.1342,-3.525,-5.3832,-31.033113,-27.155,-38.431428,-25.8162,-40.04326,-28.35,-43.358443,-33.206,-48.461105,-39.1722,1354.989254,783.32,1.7298,true,0.001055,0.004091,0.003036,1.5408,0.11936,0.069131,0.024394,0.01565,0.013924,0.003213,0.006754,0.000314,0.002919,0.000064,1.8106,0.206991,0.754742,0.547751,0.383676,0.005292,-0.000056,0.00154167,1462.734001,1216.0876,
83,49,false,81,84,0.6667,0,16,-16,3.4957,-19.772693,-13.6599,-6.1128,-6.3047,-30.343423,-23.2642,-37.263676,-24.1817,-38.928236,-26.3257,-42.359894,-31.2859,-47.665172,-38.1988,1416.124572,885.9974,1.5983,true,0.002132,0.012185,0.010053,1.6076,0.07841,0.093619,0.032343,0.021273,0.023616,0.003697,0.006513,0.000561,0.005367,0.000053,2.4542,0.206722,0.788329,0.581607,0.383027,0.012838,-0.000056,0.00147467,1605.329112,1183.8752,
83,54,false,81,84,0.6667,0,8.6667,-8.6667,3.3072,-18.670345,-12.4097,-6.2606,-6.8072,-29.378961,-21.9174,-35.492611,-21.8707,-37.156916,-23.9542,-40.752896,-29.1764,-46.375946,-35.9341,1399.087782,923.7014,1.5147,true,0.002055,0.030227,0.028172,1.6262,0.072292,0.15849,0.039259,0.028807,0.002743,0.007641,0.00625,0.000699,0.002367,0.000045,2.0475,0.206242,0.79734,0.591098,0.381999,-0.024549,-0.000092,0.00254233,1688.372908,1129.8104,
83,61,false,81,84,0.6667,0,12.6667,-12.6667,0.8994,-17.186578,-10.846,-6.3406,-3.0974,-27.437124,-20.3805,-31.154265,-21.5771,-32.800384,-23.6526,-36.603843,-28.7372,-42.758437,-35.4107,1487.434195,932.7199,1.5947,true,0.001922,0.028084,0.026162,1.2811,0.127372,0.152683,0.032199,0.028951,0.019245,0.008354,0.002868,0.000631,0.004824,0.000054,1.5934,0.204998,0.78346,0.578462,0.379567,-0.00655,-0.000071,0.002543,1721.342132,1129.3777,
83,69,false,81,84,0.6667,0,7.3333,-7.3333,0.4375,-15.609618,-9.2256,-6.384,-1.1555,-24.350312,-19.6218,-25.719197,-18.5993,-27.515276,-20.752,-31.482407,-25.5576,-37.900976,-32.9522,1453.059071,1057.2834,1.3743,true,0.000631,0.089648,0.089017,0.976,0.127322,0.254386,0.019744,0.049416,0.002065,0.016257,0.007344,0.000921,0.005641,0.000091,2.1763,0.203343,0.789938,0.586595,0.376671,-0.052195,-0.000059,0.00242633,1723.640876,1114.1297,
83,77,false,81,84,0.6667,0,10,-10,0.0967,-13.517471,-8.3045,-5.2129,1.8867,-21.058734,-17.7547,-21.365523,-17.8152,-23.412122,-19.9804,-27.676546,-24.7939,-34.368498,-32.142,1487.335915,1093.3146,1.3604,true,0.001177,0.09917,0.097993,0.6561,0.104116,0.264982,0.015307,0.056354,0.02101,0.019708,0.004059,0.001024,0.003527,0.000146,2.622,0.202626,0.79029,0.587664,0.375451,-0.06281,-0.000057,0.002432,1750.377522,1126.5609,
83,85,false,81,84,0.6667,0,10.6667,-10.6667,0.303,-11.359668,-7.3396,-4.02,3.3266,-18.101186,-15.7284,-18.057021,-16.7092,-20.368179,-18.6063,-24.995869,-23.5532,-32.048723,-31.1748,1571.838526,1168.7567,1.3449,true,0.002886,0.14587,0.142984,0.5687,0.087704,0.320982,0.0363,0.06876,0.023789,0.028254,0.00802,0.001182,0.007056,0.000233,3.3876,0.202406,0.778138,0.575732,0.37508,-0.070806,-0.000079,0.002445,1843.755448,1164.3445,
83,93,false,81,84,0.6667,0,10.6667,-10.6667,0.7989,-9.545104,-6.3509,-3.1942,4.0858,-15.621852,-15.6127,-15.511997,-15.5102,-18.088976,-17.4271,-23.079409,-22.396,-30.493992,-30.2619,1586.638855,1199.8454,1.3224,true,0.003698,0.172203,0.168505,0.4514,0.077568,0.355889,0.047501,0.079759,0.016499,0.035846,0.003845,0.001422,0.00344,0.000349,4.1783,0.20226,0.78223,0.57997,0.374839,-0.080926,-0.000095,0.00245767,1931.748525,1208.9158,
83,101,false,81,84,0.6667,0,14,-14,0.962,-7.403358,-5.9535,-1.4498,5.1716,-13.570687,-14.2585,-13.50604,-15.2298,-16.334616,-17.1692,-21.657456,-22.0598,-29.403543,-30.006,1669.955765,1201.5321,1.3899,true,0.004688,0.170266,0.165578,0.4322,0.071882,0.370872,0.055218,0.082697,0.009919,0.038465,0.007307,0.001413,0.00455,0.000369,4.6515,0.202262,0.788317,0.586055,0.374835,-0.080148,-0.000107,0.002461,2096.109463,1228.8361,
83,109,false,81,84,0.6667,0,10,-10,1.9503,-5.591097,-4.7268,-0.8643,4.9566,-11.862594,-14.6316,-11.887262,-13.8575,-14.949317,-15.7161,-20.570382,-20.7577,-28.616319,-28.819,1846.106158,1280.0686,1.4422,true,0.006135,0.20963,0.203495,0.5795,0.069768,0.408065,0.061059,0.093549,0.012512,0.050088,0.01419,0.001952,0.009912,0.000499,5.241,0.202445,0.782802,0.580357,0.375121,-0.099788,-0.000111,0.00246767,2336.05031,1291.5199,
83,117,false,81,84,0.6667,0,10,-10,1.8375,-4.028613,-3.4472,-0.5814,4.7417,-10.414572,-12.0885,-10.548934,-12.7717,-13.835395,-14.5884,-19.72834,-19.7008,-28.047386,-27.8935,2062.495448,1351.3604,1.5262,true,0.007803,0.232335,0.224532,0.7806,0.070517,0.429499,0.064406,0.105007,0.018208,0.057446,0.019667,0.002345,0.014516,0.000629,5.4585,0.202843,0.769534,0.566691,0.375755,-0.099202,-0.00011,0.002465,2592.938898,1358.3711,
83,124,false,81,84,0.6667,0,16.6667,-16.6667,2.6009,-2.659043,-1.513,-1.146,3.5985,-9.368087,-11.3318,-9.612715,-11.1342,-13.089423,-12.8868,-19.195129,-18.0244,-27.728102,-26.5062,2265.647085,1440.1217,1.5732,true,0.008294,0.246427,0.238133,0.9682,0.07566,0.438096,0.060004,0.117618,0.021762,0.066968,0.021706,0.002778,0.018335,0.000786,5.2311,0.203224,0.757101,0.553877,0.376367,-0.1076,-0.000102,0.002463,2851.77891,1443.7333,
84,14,true,84,84,0,0,8,-8,12.8604,-27.156219,-21.5756,-5.5806,-9.239,-36.584195,-54.2925,-49.817616,-32.7295,-51.125223,-34.5169,-53.320652,-39.3123,-56.32107,-48.5318,1403.499472,839.7839,1.6713,true,0.021099,0.004321,0.016778,6.2191,0.125783,0.066093,0.050634,0.008291,0.02283,0.001081,0.012721,0.000156,0.006199,0.000232,3.315,0.226845,0.800305,0.57346,0.420825,-0.182939,-0.000164,0.002725,1380.208566,1635.4445,
84,31,true,84,84,0,0,16,-16,15.0216,-24.028858,-18.4123,-5.6166,-11.857,-33.734181,-52.5405,-47.999135,-29.3872,-49.613236,-30.8549,-51.703982,-35.0777,-54.473422,-44.0716,1625.981386,833.6371,1.9505,true,0.097098,0.003276,0.093822,6.2244,0.299978,0.050836,0.077096,0.008987,0.014215,0.002055,0.026412,0.000163,0.006109,0.000291,5.0953,0.227227,0.804219,0.576992,0.421082,-0.196267,-0.000163,0.002109,1788.472524,1421.6071,
84,36,true,84,84,0,0,18,-18,13.3144,-22.921903,-15.2547,-7.6672,-13.9872,-32.970506,-44.0303,-48.321749,-26.2267,-49.966356,-28.6025,-51.755084,-32.9986,-54.136845,-42.3182,1989.981042,849.1164,2.3436,true,0.145267,0.003418,0.141849,6.9379,0.354221,0.05624,0.177491,0.008188,0.08107,0.003909,0.045302,0.000198,0.014892,0.00013,10.3085,0.226613,0.803947,0.577334,0.42036,-0.205456,-0.000135,0.001495,2280.781591,1334.3226,
84,40,true,84,84,0,0,14,-14,8.088,-21.999481,-15.1858,-6.8137,-9.951,-32.286112,-25.7112,-45.217224,-26.6103,-46.83078,-29.28,-49.385636,-34.6654,-52.771029,-42.3193,1538.670854,818.7108,1.8794,true,0.021564,0.008199,0.013365,4.2685,0.125269,0.089198,0.056985,0.016861,0.012638,0.003771,0.007966,0.000125,0.010485,0.000082,2.4938,0.228808,0.809842,0.581034,0.42204,-0.239043,-0.000137,0.001657,1835.834434,1379.0168,
84,45,true,84,84,0,0,10,-10,6.0726,-20.913653,-17.208,-3.7056,-6.7964,-31.37352,-27.507,-41.309371,-26.2143,-42.956519,-29.2565,-46.141093,-34.5755,-50.685962,-41.1411,1548.597035,742.9087,2.0845,true,0.030638,0.005995,0.024643,2.1344,0.156739,0.085739,0.048705,0.016961,0.021422,0.003524,0.012542,0.000109,0.005199,0.000128,2.3234,0.232465,0.798539,0.566074,0.42551,-0.26673,-0.00015,0.001606,1647.164046,1334.8828,
84,49,true,84,84,0,0,14,-14,4.5182,-20.071999,-13.3766,-6.6954,-7.3283,-30.662806,-23.2174,-39.26224,-24.3881,-40.945555,-26.8467,-44.344142,-32.2466,-49.367316,-40.2206,1447.173279,885.3697,1.6345,true,0.026516,0.018085,0.008431,2.9509,0.149839,0.122843,0.03663,0.024904,0.002271,0.004186,0.002363,0.000251,0.003227,0.000097,1.336,0.23402,0.844071,0.610051,0.426878,-0.257404,-0.000159,0.001508,1589.596447,1294.8739,
84,54,true,84,84,0,0,10,-10,4.6544,-19.004547,-12.5499,-6.4547,-7.9883,-29.810285,-22.4096,-37.545727,-22.1322,-39.261654,-24.4076,-42.851717,-30.0941,-48.214416,-37.8322,1555.254065,932.7523,1.6674,true,0.014387,0.044999,0.030612,2.3754,0.105303,0.216023,0.028315,0.033991,0.020799,0.009128,0.011048,0.000286,0.004844,0.000071,2.0463,0.234983,0.853046,0.618063,0.427715,-0.303672,-0.000135,0.003111,1793.283875,1222.7513,
84,61,true,84,84,0,0,14,-14,3.0432,-17.501579,-10.645,-6.8566,-6.168,-28.523258,-20.914,-35.050536,-21.9146,-36.798988,-24.2217,-40.654663,-29.7174,-46.508324,-37.3881,1574.038588,932.0762,1.6887,true,0.009646,0.041738,0.032092,1.817,0.086182,0.195749,0.032744,0.03342,0.001808,0.0094,0.009248,0.000235,0.002857,0.000089,2.1392,0.236179,0.834003,0.597824,0.428737,-0.270268,-0.000171,0.003104,1981.261027,1217.1967,
84,69,true,84,84,0,0,8,-8,2.3048,-15.926613,-8.6323,-7.2943,-6.271,-26.462624,-19.796,-30.383152,-17.8367,-32.231237,-20.2377,-36.329345,-25.2891,-42.921106,-34.0701,1664.749089,1109.8417,1.5,true,0.025004,0.134007,0.109003,2.1893,0.145274,0.413427,0.033625,0.071465,0.017034,0.024058,0.004322,0.000395,0.000971,0.000178,2.727,0.238467,0.846136,0.607669,0.430988,-0.332258,-0.000165,0.002915,1983.135951,1194.0735,
84,77,true,84,84,0,0,10,-10,0.7456,-14.478882,-7.7502,-6.7287,-2.461,-23.743799,-17.4099,-25.641991,-17.2318,-27.596914,-19.5613,-31.858913,-24.6287,-38.81394,-33.337,1652.558303,1150.2625,1.4367,true,0.02484,0.148124,0.123284,1.7533,0.14784,0.432183,0.018716,0.080863,0.004944,0.028191,0.008356,0.000434,0.002623,0.000304,3.1642,0.239356,0.846119,0.606763,0.431518,-0.347754,-0.000166,0.002918,2014.93136,1205.236,
84,85,true,84,84,0,0,12,-12,0.3137,-12.869479,-6.7828,-6.0867,-0.4943,-20.883382,-15.3018,-21.803868,-15.8849,-23.934781,-17.9085,-28.462264,-23.1987,-35.65964,-32.3395,1679.877711,1242.2591,1.3523,true,0.019299,0.218014,0.198715,1.9435,0.128863,0.552132,0.009916,0.103917,0.016581,0.042424,0.002784,0.000501,0.001466,0.000493,5.7199,0.239641,0.82748,0.587839,0.431635,-0.358695,-0.000152,0.002938,2070.780043,1254.6796,
84,93,true,84,84,0,0,10,-10,1.1326,-10.671747,-5.7567,-4.9151,0.7216,-18.285351,-15.5274,-18.811322,-14.6191,-21.158382,-16.6363,-26.011114,-21.9634,-33.511895,-31.4497,1805.108651,1277.3682,1.4131,true,0.01736,0.257357,0.239997,1.9855,0.115915,0.617914,0.02886,0.12597,0.026589,0.055041,0.010475,0.000617,0.004321,0.00081,4.9868,0.239886,0.83167,0.591784,0.431927,-0.373568,-0.000155,0.002955,2186.427152,1306.8904,
84,101,true,84,84,0,0,12,-12,0.9169,-8.841064,-5.953,-2.888,2.6806,-16.070489,-14.3317,-16.475196,-14.9056,-19.060866,-16.9418,-24.245836,-22.1572,-32.06643,-31.74,1911.194589,1248.2287,1.5311,true,0.016502,0.254064,0.237562,1.7622,0.109575,0.621525,0.035812,0.123642,0.027242,0.05458,0.012557,0.000561,0.00584,0.000812,5.2814,0.240044,0.834267,0.594223,0.432142,-0.36839,-0.000161,0.002963,2358.098898,1299.1625,
84,109,true,84,84,0,0,8,-8,2.3636,-7.203436,-4.6757,-2.5278,2.624,-14.206695,-15.4087,-14.618573,-13.4055,-17.45123,-15.3377,-22.949611,-20.8043,-31.072888,-30.4977,2023.962111,1352.3962,1.4966,true,0.015858,0.312904,0.297046,1.5702,0.106251,0.712385,0.036031,0.146681,0.023679,0.073377,0.012299,0.000865,0.006288,0.00117,6.214,0.240197,0.824585,0.584388,0.432386,-0.40296,-0.000167,0.002965,2571.440715,1368.2637,
84,117,true,84,84,0,0,12,-12,1.9311,-5.627113,-3.4158,-2.2113,2.599,-12.615849,-11.9086,-13.103066,-12.4179,-16.187948,-14.2346,-21.983003,-19.8127,-30.387493,-29.6464,2193.083738,1433.8072,1.5296,true,0.015948,0.346554,0.330606,1.4293,0.104882,0.758051,0.032554,0.165762,0.019986,0.083272,0.013732,0.001091,0.007607,0.001555,6.6856,0.2405,0.799672,0.559172,0.432938,-0.403064,-0.000169,0.002957,2833.994045,1428.5255,
84,124,true,84,84,0,0,10,-10,3.035,-4.28643,-1.4977,-2.7887,1.5575,-11.398969,-11.7576,-11.989438,-10.7526,-15.300991,-12.4795,-21.349672,-18.1379,-29.987104,-28.3649,2387.815352,1543.9518,1.5466,true,0.017209,0.367284,0.350075,1.5896,0.106226,0.770167,0.026987,0.191406,0.019899,0.094909,0.016778,0.001479,0.009599,0.001927,6.7125,0.240985,0.77797,0.536985,0.433851,-0.42092,-0.000162,0.002945,3067.89924,1501.6648,
85,14,false,84,87,0.3333,0,6,-6,14.5242,-26.870536,-23.2782,-3.5923,-9.7808,-36.608608,-53.7079,-51.775898,-33.7478,-53.119419,-35.5734,-54.723009,-40.1729,-56.980401,-48.9501,1768.762939,822.3158,2.151,true,0.15701,0.003693,0.153317,6.5199,0.418671,0.069287,0.181413,0.013311,0.069606,0.001643,0.040579,0.000193,0.019257,0.000232,8.2114,0.238613,0.92183,0.683217,0.443476,0.053853,-0.000127,0.00221833,1998.747139,1702.2827,
85,31,false,84,87,0.3333,0,14,-14,11.166,-23.710501,-20.0101,-3.7004,-8.3018,-33.639158,-46.8274,-44.66717,-30.4143,-46.357228,-31.8872,-49.323658,-36.2526,-53.283657,-45.1829,1406.971287,863.3515,1.6297,true,0.006452,0.004091,0.002361,4.9703,0.058677,0.057567,0.039292,0.012434,0.012759,0.002311,0.007341,0.000155,0.002963,0.00023,2.1972,0.250583,0.954134,0.703551,0.459522,0.082682,-0.000112,0.00178833,1479.059356,1524.545,
85,36,false,84,87,0.3333,0,16,-16,10.8697,-22.906455,-16.5996,-6.3068,-12.2054,-32.959657,-38.8324,-46.030445,-26.7722,-47.708138,-28.9179,-50.230925,-33.2562,-53.458097,-42.3682,1588.671899,882.6976,1.7998,true,0.052435,0.004163,0.048272,5.8848,0.212017,0.059606,0.036351,0.00996,0.009204,0.003203,0.019299,0.000144,0.004438,0.000106,3.1896,0.2455,0.950194,0.704694,0.451899,0.10445,-0.000142,0.00149667,1821.591183,1387.2706,
85,40,false,84,87,0.3333,0,12.6667,-12.6667,10.5446,-22.187627,-15.5283,-6.6593,-12.8906,-32.421582,-25.6699,-47.271596,-26.0396,-48.963105,-28.2944,-50.917721,-33.2578,-53.449048,-41.2684,2144.984872,871.7255,2.4606,true,0.241478,0.007074,0.234404,5.4793,0.520665,0.077764,0.199303,0.019947,0.079463,0.003412,0.032854,0.000101,0.019126,0.000067,6.989,0.241711,0.942153,0.700442,0.446293,0.086937,-0.00013,0.001768,2466.246671,1372.2622,
85,45,false,84,87,0.3333,0,10,-10,10.0366,-21.135568,-15.9212,-5.2144,-12.7041,-31.674841,-25.7569,-45.406809,-24.6409,-47.139294,-27.1375,-49.53375,-32.0603,-52.536661,-39.3942,1801.463337,844.3934,2.1334,true,0.029017,0.006037,0.02298,4.331,0.144375,0.078293,0.062506,0.024245,0.00901,0.00306,0.017226,0.000098,0.014457,0.000088,2.6961,0.244326,0.94424,0.699914,0.449797,0.071337,-0.000114,0.00185633,2403.0895,1316.6329,
85,49,false,84,87,0.3333,0,12.6667,-12.6667,7.5283,-20.342457,-12.7666,-7.5758,-12.3795,-31.004121,-22.386,-42.163135,-22.8703,-43.970499,-24.9902,-47.15903,-30.0103,-51.256475,-38.277,1729.457612,949.1453,1.8221,true,0.026948,0.015011,0.011937,4.1693,0.14247,0.104369,0.041794,0.033775,0.023632,0.003683,0.016427,0.000201,0.005861,0.000065,2.5906,0.251423,0.968796,0.717373,0.459961,0.08109,-0.000123,0.00179833,2077.754757,1281.686,
85,54,false,84,87,0.3333,0,10,-10,6.1352,-19.320096,-11.7167,-7.6034,-11.6132,-30.137047,-21.3518,-39.053176,-20.9141,-40.932668,-22.9484,-44.621966,-28.2395,-49.690008,-36.3399,1668.154446,1006.0831,1.6581,true,0.028956,0.034885,0.005929,3.0324,0.151422,0.162664,0.041302,0.04435,0.009088,0.007295,0.00705,0.000232,0.004104,0.000059,1.6663,0.258394,0.982431,0.724037,0.470195,0.053126,-0.000132,0.002852,1992.655783,1239.013,
85,61,false,84,87,0.3333,0,13.3333,-13.3333,4.5079,-17.802501,-10.178,-7.6245,-9.8613,-28.959736,-20.0788,-36.291121,-20.478,-38.273494,-22.5268,-42.305454,-27.6749,-48.068606,-35.7713,1773.591626,1013.0606,1.7507,true,0.0138,0.032749,0.018949,2.3333,0.100737,0.150751,0.023947,0.043322,0.018594,0.007724,0.013666,0.000207,0.005327,0.000065,2.3187,0.262877,0.952028,0.689151,0.477014,0.076983,-0.000112,0.00285233,2242.612102,1235.9919,
85,69,false,84,87,0.3333,0,8.6667,-8.6667,4.0508,-16.178234,-8.6443,-7.5339,-10.3045,-27.504718,-19.1498,-33.185428,-17.5843,-35.251451,-19.7021,-39.647126,-24.5734,-46.173534,-33.4222,1899.063594,1138.9113,1.6674,true,0.010484,0.094773,0.084289,2.3224,0.088285,0.251296,0.02579,0.072979,0.00325,0.014999,0.014287,0.000271,0.006233,0.0001,2.6586,0.267259,0.960223,0.692964,0.483737,0.036109,-0.000146,0.00272267,2559.173785,1219.3021,
85,77,false,84,87,0.3333,0,10,-10,2.2231,-14.703366,-7.781,-6.9224,-7.2015,-25.540359,-17.171,-28.943066,-16.8539,-31.075315,-18.9432,-35.796605,-23.8258,-43.232284,-32.5912,2042.812404,1190.8308,1.7155,true,0.02469,0.105156,0.080466,1.3297,0.139858,0.265364,0.032932,0.079646,0.014535,0.01742,0.008749,0.00028,0.004685,0.000153,2.0881,0.272829,0.956293,0.683464,0.492371,0.027714,-0.000144,0.00271667,2647.171506,1230.2861,
85,85,false,84,87,0.3333,0,11.3333,-11.3333,1.3213,-13.319746,-7.0054,-6.3144,-4.6262,-23.085577,-15.6008,-24.813679,-15.7251,-27.063574,-17.5481,-31.966275,-22.5708,-39.955151,-31.748,2113.338774,1272.457,1.6608,true,0.027163,0.152926,0.125763,1.1884,0.14925,0.318364,0.022799,0.096024,0.010006,0.024523,0.010617,0.000302,0.004746,0.000237,3.2325,0.275887,0.951917,0.67603,0.497208,0.018792,-0.000145,0.00268667,2771.92728,1279.0396,
85,93,false,84,87,0.3333,0,10.6667,-10.6667,1.525,-12.000227,-6.055,-5.9452,-2.597,-20.528214,-15.551,-21.409504,-14.6487,-23.835152,-16.5156,-28.952703,-21.5864,-37.2439,-30.9958,2189.737786,1304.3803,1.6788,true,0.022584,0.180419,0.157835,1.1182,0.135472,0.354528,0.009684,0.111432,0.009511,0.030279,0.008203,0.00036,0.005409,0.000318,6.1691,0.27715,0.960193,0.683043,0.499296,0.007474,-0.000137,0.00268767,2950.941413,1315.975,
85,101,false,84,87,0.3333,0,11.3333,-11.3333,1.354,-10.215506,-5.7189,-4.4966,-0.7958,-18.176702,-14.2478,-18.681018,-14.3279,-21.317173,-16.1862,-26.706448,-21.1414,-35.25078,-30.6029,2383.000002,1293.8427,1.8418,true,0.020442,0.180313,0.159871,0.9173,0.121035,0.370053,0.023367,0.113598,0.02037,0.032074,0.009853,0.000365,0.006046,0.000307,3.7042,0.27787,0.96717,0.6893,0.500564,0.009011,-0.00011,0.002681,3143.884451,1322.9435,
85,109,false,84,87,0.3333,0,9.3333,-9.3333,2.2943,-8.21539,-4.3103,-3.9051,-0.5418,-16.125877,-14.4374,-16.494492,-12.8044,-19.369634,-14.663,-25.063089,-19.752,-33.88376,-29.2797,2620.142104,1394.6991,1.8786,true,0.021691,0.221184,0.199493,0.707,0.114203,0.414868,0.035429,0.130135,0.028039,0.041269,0.015252,0.000534,0.007076,0.000414,3.4208,0.278423,0.951859,0.673436,0.501586,-0.013276,-0.00013,0.00267933,3375.130473,1383.6005,
85,117,false,84,87,0.3333,0,11.3333,-11.3333,2.2103,-6.353401,-3.0251,-3.3283,-0.5739,-14.340088,-11.6888,-14.711373,-11.7135,-17.860168,-13.4435,-23.885503,-18.5424,-33.004048,-28.1297,2909.604557,1474.5437,1.9732,true,0.024926,0.244646,0.21972,0.9265,0.111922,0.436922,0.044782,0.144304,0.034021,0.047511,0.020688,0.000605,0.011307,0.000507,3.6656,0.278971,0.937501,0.65853,0.502644,-0.012649,-0.000149,0.00266467,3658.040215,1437.3956,
85,124,false,84,87,0.3333,0,10.6667,-10.6667,3.0571,-4.754637,-1.4903,-3.2644,-1.1785,-12.937821,-11.2398,-13.39632,-10.316,-16.829767,-12.0778,-23.175694,-17.2279,-32.562227,-27.082,3224.90927,1560.7418,2.0663,true,0.029222,0.259979,0.230757,1.1959,0.110389,0.449596,0.052543,0.162549,0.03801,0.053186,0.025385,0.000763,0.015373,0.000656,3.8176,0.279563,0.927452,0.647889,0.503828,-0.026923,-0.000158,0.002656,3946.861713,1496.6541,
86,14,false,84,87,0.6667,0,4,-4,13.0281,-26.655497,-24.9808,-1.6747,-7.7563,-36.52696,-53.1233,-49.87502,-34.7661,-51.40194,-36.6299,-53.559049,-41.0334,-56.437137,-49.3685,1424.218841,805.211,1.7688,true,0.027783,0.003066,0.024717,5.4569,0.163032,0.072634,0.028287,0.02137,0.006385,0.002496,0.003425,0.000238,0.003836,0.000231,2.0939,0.255899,1.043356,0.787457,0.472448,0.290644,-0.00005,0.00171167,1492.443936,1771.8526,
86,31,false,84,87,0.6667,0,12,-12,9.5915,-23.462717,-21.6079,-1.8548,-6.8205,-33.60375,-41.1142,-44.059602,-31.4415,-45.747693,-32.9195,-49.017303,-37.4275,-53.265206,-46.2943,1443.514338,894.1251,1.6144,true,0.012507,0.004905,0.007602,4.6189,0.105472,0.065189,0.015735,0.017203,0.008463,0.002599,0.000805,0.000147,0.001276,0.000182,1.5357,0.265919,1.104048,0.838129,0.487319,0.361632,-0.000073,0.00146767,1507.04436,1634.9367,
86,36,false,84,87,0.6667,0,14,-14,8.2319,-22.589964,-17.9446,-4.6454,-10.0861,-32.862589,-33.6344,-43.207601,-27.3176,-45.038675,-29.2334,-48.369233,-33.5139,-52.677204,-42.4181,1477.541151,917.607,1.6102,true,0.003888,0.004908,0.00102,4.5963,0.045806,0.063173,0.029659,0.012116,0.009382,0.002625,0.002012,0.000105,0.001003,0.000086,1.7932,0.266012,1.09644,0.830428,0.487341,0.414355,-0.000053,0.00149833,1680.802366,1442.3196,
86,40,false,84,87,0.6667,0,11.3333,-11.3333,8.3376,-21.960922,-15.8709,-6.0901,-12.0581,-32.346674,-25.6286,-43.667966,-25.469,-45.574591,-27.3087,-48.677646,-31.8502,-52.583342,-40.2176,1638.764135,928.1731,1.7656,true,0.023348,0.00595,0.017398,4.4616,0.146064,0.067796,0.017663,0.023598,0.008577,0.003087,0.006803,0.000082,0.003587,0.000055,2.0061,0.263317,1.074463,0.811146,0.482635,0.412918,-0.000054,0.001879,1980.389433,1365.5406,
86,45,false,84,87,0.6667,0,10,-10,10.4006,-21.237848,-14.6344,-6.6035,-15.2008,-31.72761,-24.0068,-45.243349,-23.0674,-47.073108,-25.0184,-49.515299,-29.5452,-52.536065,-37.6474,2123.90867,959.7413,2.213,true,0.123406,0.006079,0.117327,5.0814,0.355902,0.071493,0.082395,0.034658,0.028641,0.002658,0.007772,0.000089,0.01156,0.00006,4.49,0.258216,1.089942,0.831726,0.473987,0.409405,-0.000058,0.00210667,2616.317626,1298.6326,
86,49,false,84,87,0.6667,0,11.3333,-11.3333,10.9089,-20.498899,-12.1567,-8.3422,-16.9562,-31.198167,-21.5545,-45.704096,-21.3525,-47.397294,-23.1337,-49.499484,-27.774,-52.18957,-36.3334,2605.783813,1017.5149,2.5609,true,0.161791,0.011938,0.149853,5.8693,0.431987,0.088673,0.143471,0.045806,0.037892,0.003241,0.029267,0.000161,0.021707,0.000043,4.4793,0.256254,1.093522,0.837268,0.470773,0.419585,-0.000048,0.00208867,3295.350205,1268.6324,
86,54,false,84,87,0.6667,0,10,-10,9.3779,-19.555774,-10.8835,-8.6723,-16.5054,-30.449168,-20.2941,-42.844184,-19.696,-44.674726,-21.4893,-47.659615,-26.3849,-51.219731,-34.8477,2195.110956,1085.179,2.0228,true,0.031429,0.02477,0.006659,4.9026,0.161867,0.122485,0.03269,0.057865,0.020061,0.005831,0.010834,0.000188,0.008005,0.000048,2.0449,0.261696,1.111815,0.850119,0.479298,0.409924,-0.00004,0.002593,2948.950751,1255.4911,
86,61,false,84,87,0.6667,0,12.6667,-12.6667,6.5585,-18.071564,-9.7111,-8.3605,-13.9981,-29.290293,-19.2436,-38.314196,-19.0414,-40.366697,-20.8319,-44.399751,-25.6324,-49.530231,-34.1545,2121.224812,1101.0815,1.9265,true,0.033607,0.023761,0.009846,3.3917,0.167031,0.116097,0.036875,0.056158,0.005542,0.006347,0.004976,0.000182,0.007515,0.000047,1.7433,0.272536,1.070052,0.797516,0.496701,0.424234,-0.000054,0.00260067,2748.726576,1255.0773,
86,69,false,84,87,0.6667,0,9.3333,-9.3333,5.4784,-16.434615,-8.6563,-7.7783,-13.1391,-27.979403,-18.5036,-34.944273,-17.332,-37.203736,-19.1665,-41.7661,-23.8577,-47.90074,-32.7742,2341.079686,1168.7423,2.0031,true,0.014547,0.05554,0.040993,2.7819,0.100374,0.152747,0.017663,0.074524,0.016605,0.009351,0.01098,0.000185,0.010212,0.000057,3.0555,0.27825,1.07431,0.79606,0.506519,0.404476,-0.000037,0.00253033,3094.677191,1245.0637,
86,77,false,84,87,0.6667,0,10,-10,4.0999,-14.950609,-7.8118,-7.1388,-11.3074,-26.523131,-16.932,-31.665122,-16.476,-34.084835,-18.3251,-39.099733,-23.023,-46.2136,-31.8453,2550.591174,1232.8299,2.0689,true,0.014561,0.062188,0.047627,1.7084,0.094095,0.162936,0.020635,0.078448,0.004481,0.010765,0.013509,0.00018,0.014027,0.000077,2.8872,0.283459,1.066466,0.783007,0.515443,0.403182,-0.000076,0.00251533,3382.809937,1255.8567,
86,85,false,84,87,0.6667,0,10.6667,-10.6667,3.0402,-13.587368,-7.228,-6.3594,-9.1016,-24.646649,-15.8998,-27.889627,-15.5654,-30.391573,-17.1876,-35.813796,-21.9429,-44.034176,-31.1565,2702.856222,1303.3891,2.0737,true,0.030736,0.087837,0.057101,0.9933,0.146442,0.183572,0.033933,0.088731,0.014633,0.014175,0.012511,0.000182,0.014745,0.000114,2.4465,0.289298,1.076355,0.787057,0.525285,0.396278,-0.000072,0.00243533,3431.141956,1303.8726,
86,93,false,84,87,0.6667,0,11.3333,-11.3333,2.519,-12.311498,-6.3534,-5.9581,-6.6654,-22.445524,-15.5746,-24.332011,-14.6784,-26.936143,-16.3949,-32.644105,-21.2094,-41.694139,-30.5419,2851.040828,1331.9637,2.1405,true,0.036747,0.10348,0.066733,0.8935,0.160783,0.203411,0.030239,0.098572,0.017951,0.016657,0.01154,0.000211,0.018467,0.000125,2.8116,0.29259,1.088715,0.796125,0.531045,0.388515,-0.000067,0.00242033,3578.311432,1325.1227,
86,101,false,84,87,0.6667,0,10.6667,-10.6667,2.3084,-11.049792,-5.4848,-5.565,-5.1875,-20.203805,-14.1638,-21.326998,-13.7502,-24.118791,-15.4306,-30.082305,-20.1255,-39.674276,-29.4659,3039.084727,1341.1235,2.2661,true,0.03442,0.106561,0.072141,1.2686,0.149674,0.220328,0.022464,0.10437,0.01385,0.018848,0.012963,0.000237,0.020225,0.000116,3.523,0.293968,1.100073,0.806105,0.533646,0.386413,-0.000054,0.002399,3822.610039,1347.1598,
86,109,false,84,87,0.6667,0,10.6667,-10.6667,2.7045,-9.78847,-3.9449,-5.8436,-4.6693,-18.096818,-13.4661,-18.843752,-12.2032,-21.885106,-13.9883,-28.138311,-18.6997,-38.133961,-28.0617,3325.939942,1438.3251,2.3124,true,0.03138,0.129465,0.098085,1.5418,0.126605,0.241605,0.028541,0.115456,0.015551,0.02321,0.012699,0.00033,0.023891,0.000147,3.3401,0.294752,1.079132,0.78438,0.53519,0.376409,-0.000047,0.00239367,4109.461432,1399.1091,
86,117,false,84,87,0.6667,0,10.6667,-10.6667,2.9407,-8.151263,-2.6345,-5.5168,-4.6735,-16.156449,-11.469,-16.772366,-11.0091,-20.11838,-12.6525,-26.714788,-17.272,-37.058483,-26.613,3783.3126,1516.4377,2.4949,true,0.035861,0.142739,0.106878,1.9768,0.101569,0.251831,0.03812,0.125624,0.023612,0.027107,0.015637,0.000335,0.03049,0.000166,3.9831,0.295644,1.075329,0.779685,0.536843,0.377767,-0.000039,0.00237233,4434.97601,1446.3209,
86,124,false,84,87,0.6667,0,11.3333,-11.3333,3.555,-5.844163,-1.4828,-4.3613,-4.8231,-14.527555,-10.722,-15.204856,-9.8794,-18.918501,-11.6762,-25.910263,-16.3179,-36.559424,-25.7991,4394.59585,1577.7144,2.7854,true,0.057118,0.152674,0.095556,2.3501,0.07504,0.262458,0.049125,0.138042,0.029159,0.029804,0.018532,0.000394,0.037809,0.000223,4.6765,0.296951,1.076935,0.779984,0.539179,0.367074,-0.000039,0.002367,4754.480626,1491.6601,
87,14,true,87,87,0,0,2,-2,12.464,-26.51921,-26.6834,0.1642,-6.4467,-36.433628,-52.5387,-49.3425,-35.7844,-50.753473,-37.6864,-53.109965,-41.894,-56.228536,-49.7868,1418.59649,788.462,1.7992,true,0.008623,0.002438,0.006185,4.7742,0.094914,0.076144,0.019381,0.034308,0.009416,0.003793,0.007424,0.000294,0.002641,0.000231,1.6926,0.269036,1.164881,0.895845,0.494897,0.527436,-0.000069,0.001205,1422.303038,1844.2656,
87,31,true,87,87,0,0,10,-10,10.4434,-23.236935,-23.2057,-0.0312,-7.2852,-33.68448,-35.4011,-46.417829,-32.4686,-48.039089,-33.9518,-50.656846,-38.6024,-53.966224,-47.4056,1672.835609,925.9956,1.8065,true,0.02474,0.00572,0.01902,5.4939,0.160171,0.073821,0.033032,0.023802,0.014713,0.002922,0.011362,0.000139,0.004551,0.000144,2.1069,0.270531,1.253963,0.983432,0.496214,0.640581,-0.000077,0.001147,1839.515777,1753.3217,
87,36,true,87,87,0,0,12,-12,8.3101,-22.357086,-19.2895,-3.0676,-10.3143,-32.865457,-28.4365,-43.884053,-27.863,-45.627753,-29.5489,-48.855091,-33.7715,-52.948451,-42.468,1548.017115,953.8969,1.6228,true,0.013844,0.005653,0.008191,4.6032,0.119716,0.066954,0.010734,0.014739,0.005215,0.002151,0.004877,0.000076,0.003343,0.00007,1.6856,0.274667,1.242687,0.96802,0.502965,0.724261,-0.000124,0.0015,1653.166332,1499.5531,
87,40,true,87,87,0,0,10,-10,8.2833,-21.68879,-16.2134,-5.4754,-12.8411,-32.276855,-25.5873,-42.809951,-24.8983,-44.665197,-26.323,-48.053081,-30.4427,-52.359244,-39.1667,1608.7369,988.276,1.6278,true,0.003436,0.004825,0.001389,4.4179,0.051,0.059106,0.021231,0.027918,0.00934,0.002793,0.006147,0.000066,0.005683,0.000045,1.6041,0.27553,1.206774,0.931244,0.504413,0.738898,-0.000085,0.00199,1827.427767,1358.852,
87,45,true,87,87,0,0,10,-10,8.7352,-20.918587,-13.3476,-7.571,-16.0765,-31.63171,-22.2568,-42.606572,-21.494,-44.555454,-22.8993,-47.875872,-27.0301,-51.955841,-35.9005,1791.236062,1090.8462,1.6421,true,0.011002,0.006121,0.004881,4.7904,0.101256,0.065284,0.019378,0.049543,0.010678,0.002308,0.012223,0.00008,0.009076,0.000041,2.2047,0.274863,1.235643,0.96078,0.50285,0.747472,-0.000071,0.002357,2126.811774,1280.8783,
87,49,true,87,87,0,0,10,-10,9.5786,-20.313363,-11.5467,-8.7666,-17.8726,-31.160605,-20.7231,-43.239029,-19.8347,-45.157487,-21.2771,-48.179562,-25.5377,-51.764789,-34.3898,1992.975445,1090.8092,1.8271,true,0.038073,0.008864,0.029209,5.2669,0.199375,0.075338,0.020601,0.062122,0.013482,0.002852,0.004071,0.000129,0.015492,0.000029,2.5418,0.273241,1.218247,0.945006,0.499548,0.758079,-0.000096,0.002379,2478.135326,1255.7117,
87,54,true,87,87,0,0,10,-10,10.7181,-19.603925,-10.0502,-9.5537,-19.1777,-30.568508,-19.2364,-44.253065,-18.478,-46.068817,-20.0301,-48.477355,-24.5303,-51.430133,-33.3554,2781.070835,1170.4932,2.376,true,0.108474,0.014656,0.093818,5.8723,0.353394,0.092231,0.106482,0.075499,0.039042,0.00466,0.03675,0.000153,0.038758,0.00004,4.8564,0.270812,1.2412,0.970388,0.495013,0.766722,-0.000062,0.002334,3311.359261,1272.1883,
87,61,true,87,87,0,0,12,-12,10.2027,-18.306719,-9.2441,-9.0626,-18.8176,-29.636955,-18.4085,-42.514703,-17.6047,-44.426696,-19.1369,-47.176782,-23.5899,-50.510024,-32.5378,2937.646999,1196.7502,2.4547,true,0.038212,0.014772,0.02344,5.6147,0.182214,0.089409,0.016205,0.072798,0.011841,0.005216,0.028841,0.00016,0.039653,0.000034,4.9485,0.272625,1.188077,0.915452,0.497906,0.771485,-0.00008,0.002349,3689.192775,1274.4574,
87,69,true,87,87,0,0,10,-10,7.8101,-16.694964,-8.6683,-8.0267,-16.4313,-28.420102,-17.8574,-38.005686,-17.0797,-40.292838,-18.6309,-44.342562,-23.142,-49.094566,-32.1262,2959.364773,1199.3547,2.4675,true,0.029787,0.016306,0.013481,4.2323,0.146884,0.092845,0.044295,0.076103,0.014553,0.00583,0.013761,0.000127,0.031911,0.000032,4.1777,0.280438,1.188397,0.907959,0.511055,0.772843,-0.000045,0.002338,3594.494921,1271.3696,
87,77,true,87,87,0,0,10,-10,6.2422,-15.206258,-7.8427,-7.3636,-14.8957,-27.162614,-16.6931,-34.716995,-16.0981,-37.187664,-17.707,-41.885175,-22.2202,-47.716785,-31.0995,3368.134873,1276.3102,2.639,true,0.016851,0.01922,0.002369,3.0477,0.081196,0.100044,0.017841,0.077268,0.01695,0.006652,0.025218,0.000116,0.039613,0.000039,4.942,0.284494,1.17664,0.892146,0.518641,0.77865,-0.000017,0.002314,3970.456038,1281.9589,
87,85,true,87,87,0,0,10,-10,5.3017,-13.838824,-7.4506,-6.3883,-13.3178,-25.734581,-16.1988,-31.543911,-15.4057,-34.139706,-16.8272,-39.402102,-21.315,-46.300354,-30.5651,3775.324485,1335.0731,2.8278,true,0.023521,0.022749,0.000772,2.3518,0.087869,0.105849,0.01894,0.081992,0.01426,0.008194,0.027595,0.00011,0.047429,0.000055,5.7115,0.288868,1.200792,0.911924,0.526514,0.773765,-0.000068,0.002184,4231.097603,1329.1877,
87,93,true,87,87,0,0,12,-12,4.2048,-12.562059,-6.6518,-5.9103,-11.0652,-24.009584,-15.5981,-28.175116,-14.708,-30.889645,-16.2742,-36.666846,-20.8324,-44.714268,-30.088,4097.981546,1360.1303,3.0129,true,0.042777,0.026542,0.016235,1.219,0.134299,0.116707,0.03768,0.087196,0.012051,0.009163,0.031848,0.000123,0.051785,0.000049,6.1484,0.294048,1.217238,0.92319,0.53539,0.769557,-0.00007,0.002153,4330.129823,1334.334,
87,101,true,87,87,0,0,10,-10,3.8469,-11.352079,-5.2507,-6.1014,-10.1782,-22.072631,-14.0799,-25.057667,-13.1725,-27.923955,-14.675,-34.057241,-19.1097,-43.080584,-28.3289,4549.371746,1390.1322,3.2726,true,0.061321,0.03281,0.028511,1.6986,0.150581,0.131182,0.041069,0.095892,0.026978,0.011076,0.022666,0.000154,0.057136,0.000044,6.6842,0.297477,1.232976,0.935499,0.541399,0.763814,-0.000117,0.002117,4522.84822,1371.8194,
87,109,true,87,87,0,0,12,-12,3.6053,-10.167592,-3.5795,-6.5881,-9.4388,-20.004597,-12.4948,-22.389179,-11.6021,-25.484079,-13.3136,-31.855586,-17.6475,-41.566166,-26.8436,5275.181312,1483.3158,3.5563,true,0.094885,0.037745,0.05714,2.0377,0.143734,0.140702,0.03962,0.102432,0.035979,0.013054,0.024231,0.000204,0.066963,0.000052,7.6565,0.299627,1.206406,0.906779,0.545276,0.766093,-0.000109,0.002108,4735.177785,1414.7916,
87,117,true,87,87,0,0,10,-10,4.3274,-8.09776,-2.2438,-5.854,-9.4225,-17.706419,-11.2492,-20.180396,-10.3047,-23.645212,-11.8614,-30.193501,-16.0017,-40.299892,-25.0963,6322.934242,1559.5219,4.0544,true,0.18646,0.040831,0.145629,2.408,0.113086,0.145149,0.040991,0.109362,0.042612,0.015466,0.029969,0.000186,0.077993,0.000054,8.752,0.302415,1.213158,0.910743,0.550022,0.768182,-0.00009,0.00208,4868.967405,1455.3016,
87,124,true,87,87,0,0,12,-12,4.9874,-6.018441,-1.4754,-4.5431,-9.3891,-15.866633,-10.2042,-19.132221,-9.4427,-22.984932,-11.2746,-29.566259,-15.4079,-39.798072,-24.5162,7382.594299,1594.8716,4.629,true,0.351753,0.045369,0.306384,2.448,0.125458,0.153214,0.032659,0.11723,0.03098,0.016702,0.03642,0.000203,0.11364,0.000076,12.2707,0.306756,1.226417,0.919661,0.556773,0.761071,-0.000101,0.002078,4902.034273,1486.6827,
88,14,false,87,90,0.3333,0,4,-4,11.5231,-26.422097,-27.4017,0.9796,-5.1171,-36.395798,-49.8308,-50.112224,-36.9715,-51.49548,-39.5348,-53.540518,-43.6542,-56.326324,-51.081,1579.595639,863.3383,1.8296,true,0.026407,0.00189,0.024517,4.641,0.160362,0.055632,0.041283,0.014228,0.028857,0.00174,0.012725,0.000224,0.00308,0.000186,3.3099,0.2798,1.044873,0.765073,0.512521,0.28178,-0.000143,0.00198,1743.698542,1886.2148,
88,31,false,87,90,0.3333,0,9.3333,-9.3333,10.9397,-23.034383,-22.6979,-0.3364,-7.9869,-33.703432,-35.7964,-47.893226,-32.1834,-49.376694,-34.3669,-51.376388,-38.6202,-54.111221,-46.6126,2154.124459,981.5029,2.1947,true,0.063984,0.003851,0.060133,5.2576,0.329472,0.034342,0.077388,0.010467,0.087513,0.000961,0.05659,0.000117,0.037578,0.000093,8.8962,0.280264,1.070414,0.79015,0.512156,0.337405,-0.000138,0.00181433,2668.999732,1663.9368,
88,36,false,87,90,0.3333,0,12,-12,9.7707,-22.120914,-19.3542,-2.7667,-10.8729,-32.955634,-29.4777,-45.973315,-28.462,-47.691304,-30.5838,-50.192125,-34.55,-53.351394,-42.5437,1934.052767,994.2771,1.9452,true,0.023051,0.003806,0.019245,4.8345,0.133493,0.032841,0.038981,0.006608,0.031576,0.000773,0.018752,0.000079,0.012753,0.000052,3.8591,0.281658,1.056385,0.774727,0.514346,0.387254,-0.00015,0.00235267,2196.574122,1453.0736,
88,40,false,87,90,0.3333,0,10.6667,-10.6667,8.7301,-21.458678,-16.8508,-4.6079,-12.2803,-32.340163,-26.97,-43.855497,-25.996,-45.782471,-27.9519,-48.869966,-31.8204,-52.650146,-39.859,1742.370928,1018.3799,1.7109,true,0.016024,0.003274,0.01275,4.2584,0.116338,0.032788,0.017732,0.011541,0.002952,0.001025,0.006647,0.00007,0.011061,0.000041,2.9526,0.283449,1.033202,0.749753,0.517415,0.398199,-0.000197,0.00268867,1947.281893,1337.6007,
88,45,false,87,90,0.3333,0,10.6667,-10.6667,8.1185,-20.635809,-14.2831,-6.3528,-13.9305,-31.608517,-24.3193,-42.103573,-22.9914,-44.177907,-24.9635,-47.630759,-28.931,-51.888666,-37.0047,1836.80688,1104.7268,1.6627,true,0.005605,0.004231,0.001374,3.8158,0.060024,0.039268,0.02043,0.015924,0.017635,0.001031,0.006639,0.000075,0.011357,0.000035,2.5051,0.284484,1.058235,0.773751,0.519288,0.409936,-0.0001,0.00254233,2109.160559,1267.5721,
88,49,false,87,90,0.3333,0,10.6667,-10.6667,7.9688,-19.954695,-12.667,-7.2877,-14.8516,-31.077925,-22.6096,-41.545566,-21.4431,-43.636036,-23.4579,-47.152013,-27.5311,-51.449288,-35.5992,1935.905872,1117.8662,1.7318,true,0.004203,0.006192,0.001989,3.7708,0.04275,0.048149,0.02553,0.017863,0.007538,0.001377,0.012869,0.000112,0.013174,0.00003,2.3104,0.284752,1.048541,0.763789,0.519561,0.416276,-0.000073,0.00257067,2320.262635,1261.2045,
88,54,false,87,90,0.3333,0,10.6667,-10.6667,8.4053,-19.216409,-11.2359,-7.9805,-15.8071,-30.485325,-21.1026,-41.696807,-20.1487,-43.745134,-22.2088,-47.077538,-26.5012,-51.04948,-34.5846,2198.527437,1177.1884,1.8676,true,0.014917,0.010304,0.004613,4.1115,0.105022,0.060806,0.00744,0.02066,0.023787,0.00212,0.010081,0.00012,0.019386,0.000032,2.9291,0.284785,1.065893,0.781108,0.518974,0.425468,-0.000137,0.00255967,2748.891003,1241.327,
88,61,false,87,90,0.3333,0,12,-12,9.7936,-18.345687,-10.2828,-8.0629,-16.94,-29.700534,-20.3347,-42.506662,-19.1857,-44.491527,-21.225,-47.221119,-25.5119,-50.486826,-33.7518,3196.857171,1205.2722,2.6524,true,0.066744,0.01066,0.056084,4.9742,0.21136,0.06377,0.093115,0.021774,0.063817,0.002473,0.014645,0.000137,0.058557,0.00003,6.8353,0.284551,1.03242,0.747869,0.517522,0.427815,-0.000074,0.002584,3646.208266,1245.2356,
88,69,false,87,90,0.3333,0,10.6667,-10.6667,9.6709,-16.930676,-9.4797,-7.4509,-16.5643,-28.720454,-19.4275,-41.375882,-18.4564,-43.406924,-20.5041,-46.189699,-24.8561,-49.566228,-33.2287,3863.854429,1213.018,3.1853,true,0.055226,0.012145,0.043081,4.996,0.168422,0.070141,0.024081,0.024164,0.03097,0.002823,0.017873,0.000113,0.087424,0.000025,9.7182,0.285224,1.037675,0.752451,0.5184,0.427176,-0.000146,0.002587,4301.651548,1234.6363,
88,77,false,87,90,0.3333,0,11.3333,-11.3333,8.106,-15.465392,-8.5983,-6.8671,-15.4236,-27.578223,-18.5267,-37.591624,-17.488,-40.055294,-19.5012,-44.021822,-23.8289,-48.426613,-32.2542,3887.008567,1280.3724,3.0358,true,0.04168,0.014354,0.027326,4.0205,0.103534,0.076023,0.065258,0.026062,0.048737,0.003208,0.012896,0.000103,0.067863,0.000026,7.7659,0.288704,1.026015,0.737311,0.524677,0.419419,-0.00005,0.00256633,4153.936842,1240.385,
88,85,false,87,90,0.3333,0,10,-10,6.7758,-14.10246,-7.8168,-6.2857,-14.1553,-26.366478,-17.6138,-34.409599,-16.5208,-37.042085,-18.4215,-41.789042,-22.8644,-47.272587,-31.6183,4246.740403,1342.6376,3.163,true,0.031871,0.018046,0.013825,3.2703,0.040805,0.087729,0.029249,0.031699,0.027429,0.004075,0.006067,0.000106,0.073955,0.000044,8.3584,0.290254,1.051217,0.760963,0.528282,0.426251,-0.000026,0.00245767,4492.422097,1283.2567,
88,93,false,87,90,0.3333,0,12,-12,5.5167,-12.781676,-6.781,-6.0007,-12.6728,-24.990562,-16.5825,-31.22641,-15.5568,-34.047831,-17.5343,-39.510332,-22.0682,-46.084291,-30.9805,4737.857299,1371.7696,3.4538,true,0.051113,0.022252,0.028861,2.3383,0.070509,0.101374,0.021456,0.036948,0.05179,0.004814,0.006424,0.000125,0.07986,0.00005,8.941,0.292951,1.065719,0.772768,0.533472,0.410281,-0.00008,0.002757,4649.868894,1301.3675,
88,101,false,87,90,0.3333,0,10,-10,4.7904,-11.459225,-5.5118,-5.9475,-11.6773,-23.369146,-15.4098,-28.046871,-14.3057,-31.047792,-16.219,-37.159173,-20.7126,-44.857634,-29.6137,5263.983967,1393.2991,3.7781,true,0.088329,0.027186,0.061143,1.6178,0.113538,0.112535,0.045007,0.041244,0.048224,0.00559,0.009429,0.000151,0.090375,0.000052,9.9853,0.296968,1.076692,0.779724,0.540389,0.397025,-0.00008,0.002728,4767.414731,1332.1609,
88,109,false,87,90,0.3333,0,11.3333,-11.3333,4.3006,-10.099008,-3.834,-6.265,-10.9229,-21.486045,-13.9111,-25.149649,-12.7125,-28.2707,-14.7149,-34.889379,-19.1972,-43.609795,-28.2185,5977.4839,1479.1029,4.0413,true,0.14961,0.032368,0.117242,2.1363,0.132583,0.123726,0.054489,0.047175,0.055293,0.006517,0.015614,0.000207,0.100102,0.000071,10.9321,0.301205,1.05209,0.750885,0.547402,0.397974,-0.000079,0.002725,4891.488989,1377.0359,
88,117,false,87,90,0.3333,0,10,-10,4.4651,-8.438168,-2.6161,-5.822,-10.3727,-19.26595,-12.6712,-22.658731,-11.5518,-25.84319,-13.4118,-32.886826,-17.7448,-42.374101,-26.8668,6932.469355,1541.7123,4.4966,true,0.271373,0.03537,0.236003,2.7107,0.130027,0.128535,0.060347,0.051298,0.075591,0.007659,0.019358,0.000189,0.115962,0.000081,12.4956,0.306608,1.050831,0.744223,0.555989,0.389497,-0.000116,0.00270067,4936.644637,1411.6013,
88,124,false,87,90,0.3333,0,12,-12,4.5155,-6.970463,-1.4861,-5.4844,-10.2106,-17.385817,-11.0519,-21.155462,-10.3707,-24.323756,-12.3916,-31.680699,-16.7008,-41.507587,-26.0233,7664.048279,1595.1237,4.8047,true,0.42861,0.039878,0.388732,3.0478,0.167914,0.137033,0.049778,0.056332,0.065104,0.009102,0.048821,0.000219,0.157377,0.000118,16.5419,0.312959,1.051968,0.739009,0.565683,0.386402,-0.000134,0.002683,4771.563217,1449.708,
89,14,false,87,90,0.6667,0,6,-6,9.843,-26.379512,-28.1201,1.7406,-3.2166,-36.312999,-47.1229,-50.051442,-38.1586,-51.34283,-41.3832,-53.400207,-45.4143,-56.22911,-52.3753,1533.606957,945.3252,1.6223,true,0.042205,0.001343,0.040862,4.132,0.289993,0.040645,0.080936,0.0059,0.036113,0.000798,0.003117,0.000171,0.017929,0.00015,5.9234,0.293057,0.924865,0.631808,0.533602,0.036125,-0.000259,0.002755,1951.125037,1929.1181,
89,31,false,87,90,0.6667,0,8.6667,-8.6667,9.3332,-22.863512,-22.1902,-0.6733,-7.185,-33.610711,-36.1917,-46.303337,-31.8981,-47.977592,-34.782,-50.59236,-38.6381,-53.8705,-45.8196,1591.105982,1040.3375,1.5294,true,0.015629,0.001981,0.013648,3.9034,0.122948,0.015976,0.020737,0.004603,0.008424,0.000316,0.004612,0.000098,0.013256,0.00006,5.1181,0.293787,0.886866,0.593079,0.533968,0.034229,-0.000251,0.00248167,1740.408744,1579.1087,
89,36,false,87,90,0.6667,0,12,-12,9.947,-21.930713,-19.4189,-2.5118,-10.315,-32.936843,-30.5189,-46.700517,-29.061,-48.213036,-31.6187,-50.41275,-35.3284,-53.358517,-42.6194,1984.040953,1036.3666,1.9144,true,0.055179,0.001958,0.053221,4.3452,0.31368,0.016108,0.086236,0.002962,0.064209,0.000278,0.019585,0.000083,0.045282,0.000039,12.3976,0.294118,0.870084,0.575966,0.534034,0.050246,-0.000212,0.00320533,2517.400679,1408.0348,
89,40,false,87,90,0.6667,0,11.3333,-11.3333,9.6291,-21.242593,-17.4882,-3.7543,-11.8337,-32.388184,-28.3527,-45.86321,-27.0936,-47.508702,-29.5808,-49.801198,-33.1982,-52.858651,-40.5514,1940.207787,1049.4009,1.8489,true,0.022192,0.001724,0.020468,4.2958,0.150922,0.018189,0.052389,0.004771,0.041873,0.000376,0.012527,0.000075,0.035748,0.000038,5.7087,0.294297,0.85963,0.565333,0.534164,0.057501,-0.000184,0.00338733,2490.294552,1316.6818,
89,45,false,87,90,0.6667,0,11.3333,-11.3333,8.672,-20.489996,-15.2185,-5.2715,-12.7867,-31.656311,-26.3819,-43.283192,-24.4889,-45.268644,-27.0276,-48.387902,-30.8319,-52.117013,-38.1089,1800.350567,1118.7839,1.6092,true,0.017676,0.002342,0.015334,3.5479,0.126715,0.023619,0.027112,0.005118,0.005638,0.000461,0.002324,0.000071,0.019461,0.000029,4.0665,0.294895,0.880827,0.585932,0.535209,0.072401,-0.00026,0.00272767,2033.760236,1254.4041,
89,49,false,87,90,0.6667,0,11.3333,-11.3333,7.6626,-19.802619,-13.7873,-6.0153,-13.0019,-31.07538,-24.4962,-41.519124,-23.0515,-43.675185,-25.6387,-47.295715,-29.5246,-51.529806,-36.8086,1897.627159,1145.5943,1.6565,true,0.010558,0.003519,0.007039,3.05,0.093855,0.030773,0.014735,0.005137,0.021827,0.000665,0.009637,0.000098,0.017042,0.000032,2.9843,0.29507,0.878834,0.583764,0.535627,0.074472,-0.000252,0.00276233,2122.969024,1266.7214,
89,54,false,87,90,0.6667,0,11.3333,-11.3333,7.1611,-18.956583,-12.4216,-6.5349,-13.1589,-30.406767,-22.9688,-40.233867,-21.8194,-42.496736,-24.3875,-46.400159,-28.472,-50.90781,-35.8138,1930.365945,1183.9219,1.6305,true,0.003827,0.005951,0.002124,2.8341,0.043427,0.040088,0.02865,0.005653,0.006535,0.000965,0.012216,0.000094,0.018594,0.000026,2.852,0.2952,0.890587,0.595387,0.535833,0.084213,-0.000178,0.00278533,2276.391468,1211.2144,
89,61,false,87,90,0.6667,0,12,-12,7.7195,-17.906316,-11.3214,-6.5849,-13.7621,-29.590078,-22.2609,-39.866715,-20.7666,-42.141745,-23.313,-45.965232,-27.4338,-50.229671,-34.9657,2297.055286,1213.8549,1.8924,true,0.011412,0.006547,0.004865,3.2674,0.086213,0.045484,0.01653,0.006513,0.023905,0.001173,0.018117,0.000118,0.031216,0.000026,4.1108,0.29613,0.876763,0.580633,0.536815,0.084144,-0.00022,0.002819,2787.575455,1216.6838,
89,69,false,87,90,0.6667,0,11.3333,-11.3333,8.6655,-16.914989,-10.2912,-6.6238,-14.504,-28.722271,-20.9975,-40.387293,-19.8331,-42.564364,-22.3774,-45.843633,-26.5703,-49.491616,-34.3312,3263.598669,1226.837,2.6602,true,0.051682,0.007984,0.043698,4.1129,0.168511,0.052989,0.08072,0.007672,0.077417,0.001367,0.041174,0.0001,0.078276,0.000019,8.8106,0.297842,0.886954,0.589112,0.538662,0.081509,-0.000171,0.002836,3603.349442,1198.9644,
89,77,false,87,90,0.6667,0,12.6667,-12.6667,9.1931,-15.61993,-9.3539,-6.266,-14.8126,-27.796907,-20.3604,-39.64767,-18.878,-41.868375,-21.2954,-45.019522,-25.4376,-48.625984,-33.4089,4095.261271,1284.4474,3.1883,true,0.079474,0.009488,0.069986,4.3648,0.188141,0.057769,0.047299,0.008791,0.081431,0.001547,0.075989,0.000091,0.13037,0.000018,14.0121,0.298749,0.875391,0.576642,0.539771,0.060187,-0.000188,0.00281867,4234.666559,1200.1593,
89,85,false,87,90,0.6667,0,10,-10,8.0394,-14.210995,-8.183,-6.028,-14.1835,-26.696608,-19.0288,-36.442661,-17.6359,-39.206945,-20.0157,-43.366671,-24.4139,-47.642159,-32.6716,4360.909301,1350.2451,3.2297,true,0.074029,0.013342,0.060687,3.9822,0.105321,0.072711,0.093708,0.012255,0.100906,0.002027,0.076967,0.000103,0.115284,0.000036,12.4836,0.300269,0.901641,0.601372,0.542501,0.078738,-0.000126,0.00273133,4257.524524,1238.9129,
89,93,false,87,90,0.6667,0,12,-12,6.7603,-12.873388,-6.9102,-5.9632,-13.3594,-25.490826,-17.567,-33.300529,-16.4056,-36.368744,-18.7943,-41.432778,-23.3041,-46.634646,-31.873,4745.512634,1383.5086,3.4301,true,0.061736,0.017962,0.043774,3.3671,0.017077,0.088055,0.059446,0.015656,0.0749,0.002529,0.061638,0.000127,0.113951,0.000052,12.3314,0.300117,0.914199,0.614082,0.542967,0.051006,-0.000103,0.003361,4547.168973,1269.2154,
89,101,false,87,90,0.6667,0,10,-10,5.9348,-11.564126,-5.7729,-5.7913,-12.2981,-24.080675,-16.7396,-30.099802,-15.4389,-33.487346,-17.763,-39.382886,-22.3155,-45.609701,-30.8986,5209.948246,1396.4732,3.7308,true,0.086251,0.021563,0.064688,2.3563,0.066542,0.096538,0.038373,0.01774,0.095164,0.002821,0.071822,0.000148,0.118882,0.000062,12.8085,0.301297,0.920407,0.61911,0.545414,0.030237,-0.00014,0.003339,4656.415539,1293.6488,
89,109,false,87,90,0.6667,0,10.6667,-10.6667,5.5605,-10.14697,-4.0885,-6.0585,-11.7757,-22.388625,-15.3273,-26.967563,-13.8229,-30.666474,-16.1161,-37.291983,-20.747,-44.588741,-29.5935,5741.816945,1474.9019,3.893,true,0.135294,0.026992,0.108302,1.9946,0.116862,0.108798,0.053304,0.021726,0.11456,0.003253,0.08327,0.000211,0.127353,0.000098,13.6017,0.304498,0.897774,0.593276,0.550742,0.029854,-0.00015,0.003342,4734.200953,1340.2878,
89,117,false,87,90,0.6667,0,10,-10,5.5879,-8.653324,-2.9885,-5.6648,-10.958,-20.387361,-14.0933,-24.105553,-12.7988,-28.082881,-14.9623,-35.215191,-19.4879,-43.603509,-28.6373,6408.622548,1524.106,4.2048,true,0.213064,0.02991,0.183154,2.6067,0.1451,0.113822,0.067231,0.024063,0.126624,0.003792,0.093185,0.000192,0.140606,0.00012,14.8819,0.309054,0.888505,0.579451,0.557946,0.010811,-0.000153,0.00332133,4811.53052,1369.2133,
89,124,false,87,90,0.6667,0,12,-12,5.6603,-7.281436,-1.4968,-5.7847,-10.8226,-18.489509,-11.8997,-21.982752,-11.2987,-26.245238,-13.5087,-33.585582,-17.9937,-42.792472,-27.5305,6992.717165,1595.376,4.3831,true,0.309809,0.034388,0.275421,2.8553,0.175003,0.12256,0.0594,0.027069,0.139279,0.00496,0.115393,0.000236,0.166515,0.000184,17.3321,0.314169,0.877518,0.563349,0.565828,0.011733,-0.000164,0.003288,4797.604967,1413.6528,
90,14,true,90,90,0,0,8,-8,7.6507,-26.356509,-28.8384,2.4819,-0.9371,-36.201523,-44.415,-49.04925,-39.3457,-50.500251,-43.2317,-52.880949,-47.1745,-56.049571,-53.6695,1345.053031,1035.098,1.2994,true,0.00582,0.000795,0.005025,3.3263,0.072675,0.029696,0.020875,0.002447,0.004827,0.000366,0.001482,0.00013,0.003282,0.000121,2.4805,0.306575,0.804857,0.498282,0.554487,-0.209531,-0.000192,0.00353,1421.741874,1972.9973,
90,31,true,90,90,0,0,8,-8,8.3329,-22.719843,-21.6825,-1.0374,-6.8284,-33.522381,-36.5869,-45.692032,-31.6129,-47.416743,-35.1971,-50.253634,-38.656,-53.758561,-45.0266,1558.045577,1102.6988,1.4129,true,0.006428,0.000112,0.006316,2.8657,0.066215,0.007432,0.025,0.002024,0.008132,0.000104,0.007585,0.000082,0.007463,0.000039,4.3721,0.30704,0.703317,0.396277,0.554217,-0.268947,-0.000209,0.003149,1610.063231,1498.6052,
90,36,true,90,90,0,0,12,-12,8.797,-21.776557,-19.4836,-2.293,-8.8296,-32.837494,-31.56,-45.09451,-29.66,-46.918203,-32.6536,-49.705767,-36.1069,-53.174178,-42.6951,1579.475377,1080.2379,1.4622,true,0.011323,0.000111,0.011212,3.1198,0.095625,0.007901,0.012114,0.001328,0.00228,0.0001,0.011342,0.000086,0.013739,0.000029,5.9005,0.307407,0.683782,0.376375,0.554566,-0.286761,-0.000236,0.004058,1734.858281,1364.3919,
90,40,true,90,90,0,0,12,-12,8.8792,-21.110355,-18.1257,-2.9847,-10.171,-32.331383,-29.7353,-45.27222,-28.1913,-47.026831,-31.2097,-49.516184,-34.5759,-52.760869,-41.2437,1824.141462,1081.3667,1.6869,true,0.033931,0.000173,0.033758,3.4231,0.181457,0.01009,0.056347,0.001972,0.025069,0.000138,0.014205,0.00008,0.027641,0.000035,9.53,0.30792,0.686058,0.378138,0.555257,-0.283198,-0.000219,0.004086,2169.761789,1296.0901,
90,45,true,90,90,0,0,12,-12,9.4304,-20.275113,-16.154,-4.1211,-11.5534,-31.696851,-28.4445,-45.152883,-25.9864,-46.738071,-29.0917,-49.055584,-32.7329,-52.20629,-39.2132,1947.553853,1133.02,1.7189,true,0.027782,0.000452,0.02733,3.3296,0.227857,0.014207,0.053167,0.001645,0.051887,0.000206,0.0334,0.000067,0.074294,0.000025,9.826,0.308209,0.703419,0.39521,0.555511,-0.265135,-0.000221,0.002913,2773.061132,1241.3729,
90,49,true,90,90,0,0,12,-12,8.5141,-19.646158,-14.9076,-4.7385,-11.9557,-31.151682,-26.3827,-43.625035,-24.66,-45.419481,-27.8195,-48.243031,-31.518,-51.69828,-38.018,1967.342702,1174.0102,1.6757,true,0.024126,0.000847,0.023279,3.0448,0.133054,0.019667,0.044806,0.001477,0.012013,0.000321,0.024603,0.000085,0.032412,0.000033,4.822,0.308525,0.709128,0.400603,0.555715,-0.267331,-0.000229,0.002954,2346.872615,1272.2624,
90,54,true,90,90,0,0,12,-12,7.3834,-18.839381,-13.6074,-5.232,-11.7976,-30.450099,-24.835,-41.332923,-23.4902,-43.42756,-26.5662,-47.009737,-30.4429,-51.032367,-37.043,1976.072828,1190.6939,1.6596,true,0.015046,0.001599,0.013447,2.5775,0.096851,0.026429,0.011972,0.001547,0.016799,0.000439,0.023593,0.000074,0.025134,0.000021,3.506,0.308619,0.71528,0.406661,0.555487,-0.257041,-0.000275,0.003011,2230.177789,1181.8322,
90,61,true,90,90,0,0,12,-12,6.9245,-17.699062,-12.36,-5.3391,-11.5587,-29.52639,-24.1871,-39.22076,-22.3475,-41.565782,-25.401,-45.68381,-29.3558,-50.180164,-36.1797,2103.115129,1222.4986,1.7203,true,0.005446,0.002435,0.003011,2.3275,0.038736,0.032441,0.025545,0.001948,0.010429,0.000556,0.028542,0.000101,0.031113,0.000023,4.1019,0.308706,0.721106,0.4124,0.555243,-0.259526,-0.000243,0.003054,2460.195922,1188.7866,
90,69,true,90,90,0,0,12,-12,7.0038,-16.539376,-11.1026,-5.4367,-11.8864,-28.606288,-22.5676,-38.304491,-21.2099,-40.811186,-24.2507,-44.940174,-28.2845,-49.353635,-35.4336,2476.060286,1240.8133,1.9955,true,0.012216,0.003823,0.008393,2.7357,0.05865,0.040031,0.018833,0.002436,0.015441,0.000662,0.047469,0.000089,0.053621,0.000015,6.3526,0.309793,0.736232,0.426439,0.556681,-0.264158,-0.000235,0.003085,2950.956252,1164.3231,
90,77,true,90,90,0,0,14,-14,8.1104,-15.486793,-10.1096,-5.3772,-12.6729,-27.745654,-22.194,-38.044872,-20.2679,-40.608747,-23.0896,-44.488525,-27.0463,-48.55693,-34.5637,3255.564182,1288.5355,2.5266,true,0.044654,0.004622,0.040032,3.4489,0.102256,0.043898,0.061198,0.002965,0.055895,0.000746,0.092024,0.000081,0.107618,0.000012,11.7477,0.311898,0.724766,0.412868,0.559743,-0.299044,-0.000218,0.003071,3534.93372,1161.2381,
90,85,true,90,90,0,0,10,-10,7.9836,-14.297161,-8.5492,-5.748,-12.9951,-26.83089,-20.4438,-37.150595,-18.7511,-39.808236,-21.61,-43.72772,-25.9633,-47.709017,-33.7249,3955.439787,1357.8956,2.9129,true,0.098607,0.008639,0.089968,3.7803,0.158023,0.060264,0.037214,0.004738,0.079455,0.001008,0.16982,0.000099,0.184746,0.000029,19.4183,0.313873,0.752066,0.438193,0.562606,-0.268776,-0.000243,0.003005,3974.996597,1196.1015,
90,93,true,90,90,0,0,12,-12,7.3937,-12.901225,-7.0394,-5.8618,-13.1695,-25.749838,-18.5514,-34.603654,-17.2544,-37.766063,-20.0544,-42.478655,-24.5399,-46.806309,-32.7656,4419.09207,1395.348,3.167,true,0.130675,0.013672,0.117003,3.898,0.135171,0.076486,0.087876,0.006634,0.117277,0.001329,0.189543,0.000129,0.218471,0.000053,22.7266,0.316548,0.76268,0.446132,0.566489,-0.30827,-0.000216,0.003965,4068.043141,1237.8577,
90,101,true,90,90,0,0,10,-10,6.791,-11.513905,-6.034,-5.48,-12.2491,-24.503267,-18.0695,-31.56401,-16.5721,-35.229273,-19.3069,-40.93679,-23.9184,-45.883453,-32.1834,4767.034652,1399.6545,3.4059,true,0.135767,0.015939,0.119828,3.3183,0.091034,0.082815,0.092136,0.00763,0.122709,0.001424,0.189758,0.000145,0.222338,0.000074,23.0631,0.31885,0.764123,0.445273,0.569802,-0.336552,-0.000203,0.00395,4213.613761,1256.2501,
90,109,true,90,90,0,0,10,-10,6.6193,-10.10143,-4.3429,-5.7585,-12.2057,-23.055981,-16.7435,-28.492217,-14.9333,-32.599856,-17.5173,-39.271719,-22.2968,-44.967265,-30.9684,5137.174979,1470.7128,3.493,true,0.153955,0.021615,0.13234,2.9761,0.09284,0.095671,0.080319,0.010006,0.128091,0.001624,0.190102,0.000214,0.235736,0.000135,24.2463,0.32142,0.743458,0.422038,0.573588,-0.338265,-0.000205,0.003959,4362.789214,1304.5204,
90,117,true,90,90,0,0,10,-10,6.5253,-8.644831,-3.3608,-5.284,-11.576,-21.303824,-15.5154,-25.334063,-14.0459,-29.931618,-16.5127,-37.576289,-21.231,-44.076565,-30.4079,5573.222335,1506.7008,3.699,true,0.199172,0.024449,0.174723,2.9264,0.123241,0.100794,0.080969,0.011287,0.145887,0.001878,0.203328,0.000195,0.253583,0.000179,25.8948,0.325821,0.726178,0.400357,0.58029,-0.367874,-0.000211,0.003942,4477.31252,1328.0981,
90,124,true,90,90,0,0,12,-12,6.5389,-7.332453,-1.5075,-5.825,-12.0742,-19.470465,-12.7474,-22.57869,-12.2266,-27.688762,-14.6258,-36.130145,-19.2866,-43.354411,-29.0377,6047.277152,1595.6282,3.7899,true,0.262814,0.028897,0.233917,3.7805,0.150411,0.109616,0.091218,0.013007,0.163735,0.002703,0.223008,0.000255,0.272651,0.000287,27.4765,0.33106,0.703069,0.372009,0.588407,-0.362936,-0.000215,0.003893,4575.404315,1378.4944,
91,14,false,90,93,0.3333,0,7.3333,-7.3333,9.2237,-26.054353,-27.8355,1.7811,-0.6833,-36.103897,-46.8222,-49.058672,-37.5319,-50.450566,-40.7898,-52.782472,-47.3299,-55.996772,-52.0675,1375.058716,1067.7453,1.2878,true,0.018039,0.000741,0.017298,4.2082,0.180724,0.029113,0.043916,0.002674,0.02083,0.000284,0.006101,0.000122,0.00471,0.000107,4.8762,0.320595,0.989452,0.668857,0.575685,-0.257704,-0.000124,0.00351667,1657.403407,1833.3008,
91,31,false,90,93,0.3333,0,8.6667,-8.6667,8.6775,-22.651759,-21.8324,-0.8194,-5.0362,-33.478656,-36.7268,-46.421446,-30.9078,-47.99653,-34.5003,-50.452569,-40.647,-53.773363,-45.4215,1590.818602,1129.8863,1.4079,true,0.02037,0.000453,0.019917,3.6907,0.168824,0.012138,0.064084,0.002334,0.051138,0.000099,0.011199,0.000073,0.007485,0.000046,8.0779,0.321179,0.929226,0.608047,0.575676,-0.299679,-0.000122,0.00330167,1901.473127,1478.0965,
91,36,false,90,93,0.3333,0,12,-12,7.7988,-21.665253,-19.7745,-1.8908,-6.1753,-32.757601,-31.8569,-44.942792,-28.9575,-46.693778,-32.3419,-49.536239,-38.5917,-53.115674,-43.4711,1684.908097,1145.2606,1.4712,true,0.013625,0.000666,0.012959,3.4074,0.106482,0.013141,0.057749,0.001913,0.026365,0.000095,0.009343,0.000074,0.004034,0.000035,5.6871,0.322167,0.91826,0.596093,0.57642,-0.312026,-0.000123,0.003902,1770.71886,1377.5455,
91,40,false,90,93,0.3333,0,11.3333,-11.3333,7.8476,-20.972455,-18.2172,-2.7553,-7.5323,-32.226151,-30.3783,-44.288725,-27.1781,-46.08312,-30.474,-49.011571,-36.71,-52.640609,-41.864,1543.391996,1160.5182,1.3299,true,0.006473,0.000954,0.005519,3.3075,0.079797,0.017216,0.023711,0.002658,0.004781,0.000128,0.008367,0.000068,0.00505,0.000035,3.2994,0.322472,0.924469,0.601997,0.576619,-0.308289,-0.000128,0.00423133,1706.142647,1307.8242,
91,45,false,90,93,0.3333,0,11.3333,-11.3333,8.251,-20.157231,-16.4167,-3.7405,-8.9545,-31.615418,-28.6287,-44.170066,-25.1214,-45.908506,-28.4989,-48.631622,-34.9078,-52.109743,-40.0559,1857.124358,1203.634,1.5429,true,0.024369,0.001322,0.023047,3.6859,0.156044,0.023045,0.084285,0.002506,0.043608,0.000186,0.015638,0.000055,0.010843,0.000028,7.5391,0.322441,0.93648,0.614039,0.57673,-0.29416,-0.000118,0.00345367,2224.078838,1259.3542,
91,49,false,90,93,0.3333,0,12,-12,8.3081,-19.486668,-15.6397,-3.8469,-9.3782,-31.144726,-27.3195,-44.219442,-24.3195,-45.863967,-27.7495,-48.342527,-34.1951,-51.689316,-39.3368,1969.747297,1215.3199,1.6208,true,0.037934,0.001553,0.036381,3.967,0.359176,0.028673,0.102265,0.002257,0.072965,0.000245,0.05735,0.000071,0.031988,0.000035,9.5462,0.32229,0.93795,0.61566,0.576657,-0.294811,-0.000124,0.003478,2839.03404,1281.1321,
91,54,false,90,93,0.3333,0,12,-12,8.3406,-18.66318,-14.216,-4.4472,-10.0364,-30.52825,-26.0854,-43.273434,-22.9987,-45.045313,-26.2781,-47.667737,-32.862,-51.121269,-38.206,2231.207614,1268.0369,1.7596,true,0.035092,0.002322,0.03277,3.9615,0.2083,0.036839,0.12888,0.002562,0.054732,0.000341,0.052431,0.000064,0.02791,0.000023,11.0552,0.322976,0.943953,0.620977,0.57733,-0.287756,-0.000118,0.00408533,2907.675296,1210.9496,
91,61,false,90,93,0.3333,0,12,-12,7.0709,-17.632129,-12.9772,-4.6549,-9.754,-29.609134,-24.5963,-40.5938,-21.7734,-42.781454,-25.1607,-46.258738,-31.7354,-50.269591,-37.1793,2253.07522,1289.0939,1.7478,true,0.016721,0.003115,0.013606,3.0975,0.108805,0.044049,0.024826,0.003213,0.04386,0.000403,0.033111,0.000081,0.020263,0.000023,5.1776,0.325081,0.944941,0.61986,0.579178,-0.288883,-0.000125,0.00409933,2709.885822,1212.4945,
91,69,false,90,93,0.3333,0,12,-12,6.3688,-16.354896,-11.6185,-4.7364,-9.5575,-28.583822,-23.1799,-38.209686,-20.4874,-40.69286,-23.8217,-44.848095,-30.5213,-49.341259,-36.1511,2529.909593,1319.687,1.9171,true,0.010464,0.004673,0.005791,2.5444,0.05237,0.053474,0.044172,0.00395,0.037507,0.000491,0.041877,0.000079,0.027644,0.000016,5.1469,0.327064,0.949467,0.622403,0.581014,-0.300319,-0.000131,0.00414767,3026.241679,1198.5883,
91,77,false,90,93,0.3333,0,12.6667,-12.6667,6.629,-15.139755,-10.599,-4.5408,-9.8394,-27.653461,-22.4726,-36.930871,-19.4449,-39.56716,-22.642,-43.932383,-29.3237,-48.498502,-35.2407,3058.497039,1368.212,2.2354,true,0.015177,0.005477,0.0097,2.3165,0.037495,0.057579,0.034191,0.004629,0.043899,0.000573,0.067556,0.000078,0.046556,0.000014,7.6957,0.328292,0.931045,0.602753,0.582567,-0.326776,-0.000127,0.00414067,3648.370959,1195.9628,
91,85,false,90,93,0.3333,0,10.6667,-10.6667,6.7582,-13.973592,-9.1593,-4.8142,-10.425,-26.740576,-20.9841,-35.854971,-17.9755,-38.7023,-21.1495,-43.185916,-27.9916,-47.681401,-34.2745,3968.697371,1422.9615,2.789,true,0.05968,0.008694,0.050986,2.3586,0.088646,0.073647,0.105626,0.006697,0.115285,0.000801,0.116579,0.000093,0.08312,0.000026,12.5408,0.330344,0.963572,0.633228,0.585757,-0.299201,-0.000114,0.00409133,4126.762256,1228.4741,
91,93,false,90,93,0.3333,0,11.3333,-11.3333,6.7261,-12.824294,-7.4871,-5.3372,-11.0986,-25.750787,-19.1767,-34.256423,-16.3517,-37.470836,-19.4573,-42.31178,-26.4439,-46.847941,-33.056,4794.51704,1469.6456,3.2624,true,0.132006,0.012481,0.119525,2.1457,0.164546,0.087045,0.10134,0.008641,0.183432,0.00105,0.195085,0.00012,0.135863,0.000044,20.2652,0.333657,0.972128,0.638471,0.590735,-0.322675,-0.000119,0.00472633,4490.523264,1266.48,
91,101,false,90,93,0.3333,0,10.6667,-10.6667,6.3047,-11.621131,-6.3326,-5.2885,-10.7953,-24.609296,-18.0391,-31.950154,-15.4158,-35.640878,-18.5498,-41.182994,-25.6185,-46.000619,-32.3061,5406.616233,1485.204,3.6403,true,0.200886,0.014411,0.186475,1.87,0.190136,0.092847,0.131938,0.009637,0.246149,0.001165,0.247136,0.000139,0.177091,0.00006,25.3617,0.338236,0.972537,0.634301,0.597305,-0.343276,-0.00012,0.00471033,4665.070086,1283.5632,
91,109,false,90,93,0.3333,0,11.3333,-11.3333,6.1782,-10.278712,-4.7204,-5.5583,-10.8915,-23.212085,-16.7095,-29.050858,-13.8527,-33.281813,-16.9088,-39.816829,-24.1561,-45.156094,-31.1853,5872.549683,1552.8239,3.7819,true,0.269052,0.018847,0.250205,1.6899,0.185511,0.103784,0.191376,0.011957,0.316433,0.001383,0.279327,0.000191,0.207755,0.000093,28.6772,0.344453,0.954723,0.61027,0.606232,-0.342709,-0.000119,0.00471133,4723.267358,1327.3555,
91,117,false,90,93,0.3333,0,10.6667,-10.6667,5.9951,-8.768683,-3.5997,-5.1689,-10.5149,-21.549399,-15.3338,-26.083449,-12.7586,-30.795694,-15.7698,-38.344268,-23.0601,-44.343073,-30.494,6263.48504,1591.3175,3.936,true,0.324764,0.021781,0.302983,1.4351,0.190014,0.112538,0.226488,0.013606,0.364764,0.001669,0.300567,0.000194,0.229149,0.000126,32.1153,0.350622,0.939692,0.58907,0.615234,-0.363709,-0.000119,0.00467733,4784.509883,1355.4574,
91,124,false,90,93,0.3333,0,12,-12,5.9021,-7.318651,-1.5107,-5.8079,-11.3692,-19.879573,-12.6105,-23.570113,-10.6793,-28.665545,-13.645,-37.038874,-20.9004,-43.686319,-28.7012,6598.993274,1688.3533,3.9085,true,0.375181,0.025715,0.349466,1.1534,0.206783,0.122161,0.255682,0.015289,0.403834,0.002149,0.314347,0.000231,0.247421,0.000168,34.0638,0.35553,0.925881,0.570351,0.622584,-0.359545,-0.00012,0.004647,4833.392219,1384.8011,
92,14,false,90,93,0.6667,0,6.6667,-6.6667,10.6951,-25.7538,-26.8325,1.0787,-0.3644,-36.001542,-49.2293,-48.841144,-35.7181,-50.234842,-38.3479,-52.618883,-47.4852,-55.948171,-50.4656,1150.751164,1101.4224,1.0448,true,0.008092,0.000687,0.007405,6.7533,0.267785,0.028541,0.064004,0.002923,0.022937,0.00022,0.021059,0.000114,0.010835,0.000094,7.2075,0.33411,1.174048,0.839938,0.595768,-0.305877,-0.000211,0.00350333,2166.74262,1703.4954,
92,31,false,90,93,0.6667,0,9.3333,-9.3333,8.4842,-22.673725,-21.9823,-0.6914,-2.9154,-33.399961,-36.8667,-46.268613,-30.2027,-47.834458,-33.8036,-50.32278,-42.6381,-53.74016,-45.8163,1593.646784,1157.744,1.3765,true,0.015693,0.000793,0.0149,6.3462,0.26379,0.019822,0.082568,0.002691,0.059839,0.000094,0.032221,0.000066,0.013266,0.000053,9.1807,0.334718,1.155135,0.820417,0.595833,-0.330411,-0.000199,0.00345433,2528.505447,1457.8685,
92,36,false,90,93,0.6667,0,12,-12,7.2899,-21.643275,-20.0653,-1.5779,-3.8118,-32.713835,-32.1538,-45.477014,-28.255,-47.083263,-32.0302,-49.657581,-41.0765,-53.138481,-44.2471,1669.91557,1214.1972,1.3753,true,0.007065,0.001222,0.005843,6.472,0.104013,0.021857,0.039705,0.002755,0.043306,0.00009,0.02955,0.000064,0.011717,0.000042,5.2832,0.335249,1.152738,0.817489,0.596282,-0.337292,-0.000163,0.003746,2504.810646,1390.8258,
92,40,false,90,93,0.6667,0,10.6667,-10.6667,7.5353,-20.881315,-18.3087,-2.5726,-5.3665,-32.158967,-31.0212,-44.287663,-26.1648,-46.082843,-29.7384,-48.979865,-38.8441,-52.649095,-42.4842,1762.102987,1245.4632,1.4148,true,0.00925,0.001735,0.007515,6.2087,0.093481,0.029375,0.022874,0.003582,0.01948,0.000119,0.017904,0.000058,0.007324,0.000036,2.9134,0.337068,1.162881,0.825813,0.598268,-0.333381,-0.000218,0.00437667,2213.268966,1319.6646,
92,45,false,90,93,0.6667,0,10.6667,-10.6667,7.0998,-20.029966,-16.6795,-3.3505,-6.4006,-31.508324,-28.813,-43.210561,-24.2565,-45.157641,-27.906,-48.252682,-37.0828,-52.064743,-40.8987,1781.262222,1278.6489,1.3931,true,0.003499,0.002191,0.001308,6.0818,0.044277,0.037381,0.021725,0.003818,0.009003,0.000167,0.020622,0.000046,0.007363,0.000031,3.0482,0.338362,1.169541,0.831179,0.59963,-0.323184,-0.000172,0.00399433,2259.74443,1277.596,
92,49,false,90,93,0.6667,0,12,-12,7.0496,-19.374087,-16.3719,-3.0022,-6.2219,-31.031847,-28.2564,-42.902436,-23.9791,-44.841034,-27.6795,-47.863274,-36.8721,-51.62818,-40.6556,1999.1279,1258.0832,1.589,true,0.006398,0.002259,0.004139,6.1704,0.057931,0.041802,0.020067,0.00345,0.029037,0.000186,0.033805,0.000059,0.011336,0.000037,4.3549,0.338134,1.166772,0.828638,0.599326,-0.322291,-0.000162,0.004002,2599.068366,1290.0636,
92,54,false,90,93,0.6667,0,12,-12,7.9388,-18.493881,-14.8245,-3.6693,-7.4388,-30.47078,-27.3357,-42.919802,-22.5073,-44.735887,-25.99,-47.489258,-35.2812,-51.10044,-39.369,2410.364198,1350.4038,1.7849,true,0.022132,0.003044,0.019088,6.5377,0.157182,0.05135,0.053824,0.004244,0.049216,0.000264,0.091516,0.000055,0.027493,0.000025,10.0956,0.337061,1.172625,0.835564,0.598081,-0.318471,-0.000178,0.00515967,3237.21036,1240.7844,
92,61,false,90,93,0.6667,0,12,-12,7.1902,-17.397499,-13.5944,-3.8031,-7.8193,-29.668577,-25.0055,-42.126099,-21.1993,-43.94387,-24.9203,-46.70362,-34.115,-50.344467,-38.179,2753.839595,1359.3169,2.0259,true,0.026719,0.003796,0.022923,6.435,0.143083,0.05981,0.049336,0.005298,0.032043,0.000291,0.161503,0.000066,0.043367,0.000023,17.0383,0.337494,1.168777,0.831283,0.598523,-0.318241,-0.000158,0.00514467,3700.292353,1236.6751,
92,69,false,90,93,0.6667,0,12,-12,6.4887,-16.241366,-12.1344,-4.107,-7.7729,-28.653437,-23.7922,-39.230338,-19.7648,-41.616164,-23.3927,-45.3003,-32.7581,-49.450941,-36.8685,2813.462047,1403.5744,2.0045,true,0.020687,0.005524,0.015163,5.6813,0.06782,0.071431,0.02275,0.006406,0.014277,0.000364,0.088738,0.000071,0.025881,0.000017,9.8045,0.342684,1.162702,0.820018,0.604518,-0.336479,-0.000169,0.00521033,3402.214013,1233.8619,
92,77,false,90,93,0.6667,0,11.3333,-11.3333,5.8957,-14.899567,-11.0884,-3.8112,-7.5815,-27.623068,-22.7512,-36.701539,-18.6219,-39.546317,-22.1944,-43.951852,-31.6011,-48.57795,-35.9178,3212.370525,1452.8154,2.2111,true,0.026049,0.006333,0.019716,5.0012,0.045363,0.075523,0.022694,0.007226,0.022717,0.00044,0.103284,0.000075,0.032269,0.000016,11.2442,0.347439,1.137324,0.789885,0.61014,-0.354508,-0.000145,0.00521033,3657.593011,1231.7259,
92,85,false,90,93,0.6667,0,11.3333,-11.3333,5.9263,-13.592683,-9.7695,-3.8231,-8.1078,-26.649646,-21.5244,-35.049412,-17.1999,-38.184488,-20.6889,-42.897031,-30.0199,-47.740616,-34.8242,3816.227957,1491.1451,2.5593,true,0.043984,0.008749,0.035235,4.6185,0.008878,0.090003,0.013309,0.009467,0.001733,0.000636,0.144263,0.000088,0.049024,0.000023,15.2917,0.349874,1.175079,0.825205,0.613155,-0.329627,-0.000128,0.00517767,4202.264367,1261.723,
92,93,false,90,93,0.6667,0,10.6667,-10.6667,6.0138,-12.258167,-7.9348,-4.3233,-8.8518,-25.645786,-19.802,-33.470089,-15.449,-37.036291,-18.8602,-41.968914,-28.3479,-46.91866,-33.3465,4667.189201,1547.8992,3.0152,true,0.099955,0.011289,0.088666,4.5551,0.044757,0.099061,0.060773,0.011256,0.011583,0.000829,0.221744,0.000112,0.07856,0.000037,22.9183,0.352372,1.181577,0.829205,0.616652,-0.337079,-0.000106,0.00548767,4492.139103,1295.7641,
92,101,false,90,93,0.6667,0,11.3333,-11.3333,5.7396,-10.872831,-6.6313,-4.2416,-8.9112,-24.518842,-18.0087,-31.541132,-14.2595,-35.742191,-17.7926,-40.99899,-27.3186,-46.104748,-32.4288,5478.896123,1575.9825,3.4765,true,0.188319,0.012884,0.175435,4.2692,0.093434,0.104094,0.088418,0.012173,0.058543,0.000953,0.318016,0.000133,0.112359,0.000049,32.3719,0.356258,1.180952,0.824694,0.622204,-0.350001,-0.000113,0.00547067,4676.176951,1311.4701,
92,109,false,90,93,0.6667,0,12.6667,-12.6667,5.9766,-9.38126,-5.0978,-4.2835,-9.1232,-23.185715,-16.6754,-29.202273,-12.7721,-34.157386,-16.3004,-39.907811,-26.0154,-45.307978,-31.4022,6181.98523,1639.5194,3.7706,true,0.289857,0.01608,0.273777,3.9646,0.128103,0.112586,0.107812,0.014288,0.103494,0.001178,0.41738,0.00017,0.148227,0.000064,42.0252,0.36167,1.165988,0.804318,0.629931,-0.347154,-0.000115,0.00546367,4791.018417,1350.5904,
92,117,false,90,93,0.6667,0,11.3333,-11.3333,6.1396,-7.761026,-3.8386,-3.9224,-9.0597,-21.594513,-15.1521,-26.626015,-11.4713,-32.306873,-15.0268,-38.718179,-24.8892,-44.553858,-30.5802,6764.004687,1680.6862,4.0245,true,0.379299,0.019112,0.360187,3.451,0.147756,0.125651,0.142191,0.016401,0.143647,0.001484,0.49517,0.000194,0.17808,0.000088,49.5573,0.367823,1.153206,0.785383,0.638785,-0.359544,-0.000111,0.00541267,4859.29625,1383.3803,
92,124,false,90,93,0.6667,0,12,-12,6.454,-6.25339,-1.514,-4.7394,-10.3543,-19.966054,-12.4736,-24.306856,-9.132,-30.55758,-12.6643,-37.637741,-22.5142,-43.964272,-28.3648,7213.747927,1786.4668,4.038,true,0.450157,0.022534,0.427623,2.7698,0.158442,0.136141,0.181731,0.017972,0.177218,0.001708,0.547654,0.000209,0.201952,0.000099,54.6246,0.37315,1.148694,0.775544,0.646586,-0.356153,-0.000107,0.005401,4888.395365,1391.1367,
93,14,true,93,93,0,0,6,-6,12.0001,-25.55677,-25.8296,0.2728,0.0989,-35.867844,-51.6365,-48.266444,-33.9044,-49.8173,-35.906,-52.310934,-47.6405,-55.898481,-48.8637,1393.249254,1136.1615,1.2263,true,0.004396,0.000633,0.003763,9.2409,0.099777,0.027981,0.045764,0.003194,0.009602,0.000171,0.007236,0.000107,0.00941,0.000083,4.2265,0.348103,1.358643,1.01054,0.615788,-0.35405,-0.000644,0.00349,1763.269545,1582.8808,
93,31,true,93,93,0,0,10,-10,8.0533,-22.555478,-22.1322,-0.4232,-0.5672,-33.276554,-37.0065,-45.600065,-29.4977,-47.416923,-33.1068,-49.965701,-44.6292,-53.694458,-46.2112,1596.646472,1186.2886,1.3459,true,0.005086,0.001134,0.003952,8.9736,0.080668,0.032373,0.037178,0.003103,0.004208,0.00009,0.017118,0.000059,0.012063,0.000062,3.6005,0.348959,1.381044,1.032085,0.616184,-0.361143,-0.000617,0.003607,1953.347518,1437.9174,
93,36,true,93,93,0,0,12,-12,6.2953,-21.655762,-20.3562,-1.2996,-1.1235,-32.618142,-32.4507,-45.166623,-27.5526,-46.832045,-31.7185,-49.454056,-43.5612,-53.123302,-45.0231,1785.647833,1287.2833,1.3871,true,0.022384,0.001777,0.020607,9.2208,0.276715,0.036354,0.103046,0.003968,0.012374,0.000085,0.034663,0.000055,0.022393,0.000051,8.0932,0.348639,1.387216,1.038577,0.615639,-0.362557,-0.003025,0.00359,2382.383879,1404.2342,
93,40,true,93,93,0,0,10,-10,7.4205,-20.874986,-18.4002,-2.4748,-3.2666,-32.107379,-31.6641,-44.747727,-25.1516,-46.375297,-29.0027,-49.014012,-40.9781,-52.669374,-43.1044,1739.972496,1336.6259,1.3018,true,0.009328,0.002516,0.006812,9.3367,0.419964,0.050121,0.105496,0.004827,0.100081,0.00011,0.131569,0.00005,0.07032,0.000036,14.0865,0.348566,1.401292,1.052726,0.615428,-0.358472,0.001931,0.004522,2924.390854,1331.6122,
93,45,true,93,93,0,0,10,-10,6.7965,-19.972454,-16.9422,-3.0303,-4.2324,-31.454443,-28.9973,-43.703496,-23.3915,-45.62951,-27.3131,-48.259418,-39.2578,-52.077394,-41.7414,1975.660164,1358.339,1.4545,true,0.019529,0.003061,0.016468,9.3148,0.19161,0.060636,0.048351,0.005817,0.023526,0.000151,0.039259,0.000038,0.020105,0.000035,4.9073,0.349978,1.402602,1.052624,0.617036,-0.352209,-0.002861,0.004535,2407.462565,1296.102,
93,49,true,93,93,0,0,12,-12,6.5392,-19.311836,-17.104,-2.2079,-3.3155,-30.942682,-29.1933,-42.800362,-23.6387,-45.012876,-27.6094,-47.633986,-39.5492,-51.608036,-41.9744,2034.601011,1302.3512,1.5623,true,0.013536,0.002965,0.010571,9.3186,0.124647,0.060944,0.038328,0.005273,0.011028,0.000142,0.040092,0.000049,0.016142,0.000039,4.9848,0.351291,1.395594,1.044303,0.618566,-0.349771,-0.002685,0.004526,2379.935929,1299.0574,
93,54,true,93,93,0,0,12,-12,7.3673,-18.436002,-15.4331,-3.0029,-4.558,-30.350782,-28.5861,-42.058567,-22.0158,-44.373779,-25.702,-47.027561,-37.7003,-51.060165,-40.532,2158.814493,1438.1209,1.5011,true,0.005909,0.003767,0.002142,9.3446,0.055601,0.071577,0.028955,0.00703,0.031315,0.000205,0.052152,0.000048,0.020272,0.000028,6.1855,0.3519,1.401298,1.049398,0.619222,-0.349186,-0.000736,0.006234,2677.013868,1271.3542,
93,61,true,93,93,0,0,12,-12,6.265,-17.261095,-14.2116,-3.0495,-5.1903,-29.592533,-25.4147,-41.703808,-20.6252,-43.652684,-24.6799,-46.454205,-36.4946,-50.349396,-39.1786,2841.666544,1433.3652,1.9825,true,0.038529,0.004476,0.034053,9.0131,0.247839,0.08121,0.111727,0.008738,0.07488,0.000211,0.127921,0.000053,0.050755,0.000023,13.7194,0.351334,1.392612,1.041278,0.618419,-0.347598,-0.00224,0.00619,3395.301711,1261.338,
93,69,true,93,93,0,0,12,-12,6.6361,-16.068387,-12.6503,-3.4181,-5.8654,-28.723715,-24.4045,-40.901859,-19.0423,-42.767286,-22.9637,-45.629666,-34.995,-49.516964,-37.586,3606.157151,1492.7942,2.4157,true,0.041884,0.006374,0.03551,9.1689,0.272933,0.095418,0.153476,0.010389,0.198015,0.00027,0.400318,0.000063,0.146528,0.000018,40.7749,0.35158,1.375937,1.024357,0.618637,-0.37264,0.000618,0.006273,4260.147473,1270.1736,
93,77,true,93,93,0,0,10,-10,6.0422,-14.981114,-11.5778,-3.4033,-5.6592,-27.745902,-23.0299,-38.688308,-17.7989,-41.403012,-21.7468,-44.306946,-33.8784,-48.626987,-36.5949,3449.261487,1542.6502,2.2359,true,0.039339,0.007188,0.032151,9.2277,0.147144,0.09906,0.055552,0.011281,0.06708,0.000338,0.170719,0.000072,0.061896,0.000018,17.9427,0.355562,1.343603,0.988041,0.62359,-0.38224,-0.001773,0.00628,3894.362922,1268.5584,
93,85,true,93,93,0,0,12,-12,6.026,-13.653299,-10.3797,-3.2736,-6.0849,-26.70931,-22.0646,-36.311348,-16.4244,-39.85616,-20.2284,-42.902442,-32.0482,-47.739788,-35.3738,3738.509211,1562.5959,2.3925,true,0.04809,0.008804,0.039286,8.7736,0.140875,0.109991,0.03527,0.013382,0.081608,0.000505,0.167094,0.000083,0.062159,0.000021,17.5636,0.360468,1.386585,1.026117,0.62982,-0.360052,-0.001748,0.006264,3985.47504,1295.8717,
93,93,true,93,93,0,0,10,-10,5.7639,-12.295566,-8.3825,-3.913,-6.6627,-25.688401,-20.4273,-34.358246,-14.5463,-38.452037,-18.263,-41.683801,-30.2519,-46.894534,-33.6369,4217.672502,1630.3196,2.587,true,0.056947,0.010098,0.046849,8.7571,0.092116,0.112736,0.042568,0.014662,0.084242,0.000655,0.200665,0.000104,0.079293,0.000031,20.8497,0.364012,1.391025,1.027013,0.634424,-0.351484,-0.001421,0.006249,4336.838085,1325.7254,
93,101,true,93,93,0,0,12,-12,4.8468,-10.863088,-6.9299,-3.9332,-6.7916,-24.620993,-17.9784,-32.486902,-13.1031,-36.954205,-17.0354,-40.579564,-29.0187,-46.084523,-32.5516,4901.574962,1672.3095,2.931,true,0.097295,0.011356,0.085939,8.3579,0.089418,0.116703,0.053636,0.015376,0.125844,0.00078,0.265707,0.000127,0.105079,0.00004,27.2249,0.367693,1.389366,1.021673,0.639378,-0.356725,-0.001269,0.006231,4636.490509,1339.9837,
93,109,true,93,93,0,0,14,-14,4.555,-9.340069,-5.4752,-3.8648,-6.8451,-23.425251,-16.6413,-30.468842,-11.6915,-35.220123,-15.6919,-39.489038,-27.8747,-45.30977,-31.6191,5625.021613,1731.0551,3.2495,true,0.169591,0.013312,0.156279,7.9139,0.144703,0.122134,0.111148,0.017073,0.16758,0.001003,0.341575,0.000151,0.138752,0.000044,34.6345,0.372483,1.377253,1.00477,0.645971,-0.351598,-0.001344,0.006216,4833.728663,1374.232,
93,117,true,93,93,0,0,12,-12,4.3145,-7.71728,-4.0775,-3.6398,-6.8873,-22.026698,-14.9705,-28.213045,-10.1841,-33.264825,-14.2839,-38.374925,-26.7183,-44.601633,-30.6663,6361.18518,1775.0739,3.5836,true,0.265564,0.016444,0.24912,7.3243,0.198917,0.140291,0.169496,0.01977,0.226415,0.001319,0.423706,0.000193,0.173369,0.000062,42.5494,0.378346,1.36672,0.988374,0.654185,-0.355379,-0.001351,0.006148,5003.180646,1411.8784,
93,124,true,93,93,0,0,12,-12,4.3221,-6.230711,-1.5173,-4.7134,-8.5179,-20.605444,-12.3367,-26.09321,-7.5846,-31.482684,-11.6835,-37.415152,-24.128,-44.11406,-28.0283,7043.893861,1890.2819,3.7264,true,0.364173,0.019352,0.344821,6.512,0.230543,0.151721,0.221055,0.021126,0.290706,0.001358,0.499281,0.000189,0.203131,0.000058,49.9834,0.383702,1.371506,0.987804,0.661835,-0.352762,-0.001304,0.006155,5134.426402,1397.5014,
94,14,false,93,96,0.3333,0,6,-6,8.7985,-25.346733,-27.0905,1.7437,2.4967,-35.744291,-48.873,-47.962772,-35.2406,-49.463347,-38.5223,-52.163506,-49.8909,-55.913389,-50.7899,929.03772,1160.4659,1.2491,true,0.003616,0.246759,0.243143,8.6684,0.234482,0.023498,0.101865,0.002135,0.01833,0.000171,0.011898,0.000118,0.00349,0.000095,9.2183,0.361335,1.151485,0.79015,0.634323,-0.317563,-0.000159,0.004218,1826.904615,1677.7885,
94,31,false,93,96,0.3333,0,9.3333,-9.3333,6.7935,-22.212814,-24.222,2.0092,2.4637,-33.174438,-40.1236,-45.3504,-31.8932,-47.03449,-36.0787,-49.87369,-47.5681,-53.734336,-48.798,1238.77968,1181.6981,1.0483,true,0.005934,0.24161,0.235676,8.6502,0.154861,0.026098,0.02601,0.002097,0.036488,0.000111,0.00555,0.000076,0.002957,0.000076,4.5976,0.362037,1.164479,0.802442,0.634555,-0.318727,-0.000131,0.00438767,1869.067463,1544.5861,
94,36,false,93,96,0.3333,0,10,-10,5.7425,-21.512628,-21.4367,-0.0759,0.7886,-32.496235,-35.7762,-44.475216,-28.8226,-46.247637,-33.3421,-49.206942,-45.2263,-53.142502,-46.3917,1346.115024,1272.6199,1.0578,true,0.002183,0.277573,0.27539,8.9249,0.058355,0.025443,0.037535,0.002267,0.02945,0.000081,0.007782,0.000058,0.001657,0.000051,3.9132,0.362745,1.160384,0.797639,0.635278,-0.348081,-0.000153,0.004371,1854.467161,1448.6992,
94,40,false,93,96,0.3333,0,10,-10,5.9621,-20.845981,-19.1719,-1.674,-1.4098,-31.98945,-31.0602,-44.047974,-26.174,-45.819503,-30.9686,-48.763486,-42.5844,-52.689597,-44.3134,1469.134951,1346.6135,1.091,true,0.007364,0.301341,0.293977,8.6718,0.129167,0.029946,0.092961,0.002594,0.031574,0.000092,0.012901,0.000048,0.003079,0.000037,8.1755,0.36275,1.172173,0.809423,0.635166,-0.350585,-0.000139,0.00484933,2089.35084,1370.4112,
94,45,false,93,96,0.3333,0,9.3333,-9.3333,6.0462,-19.977512,-17.8094,-2.1681,-2.4591,-31.385481,-29.2436,-43.676674,-24.5218,-45.38847,-29.3315,-48.240541,-41.0122,-52.13653,-43.0437,1240.771104,1352.8488,1.0903,true,0.005642,0.296933,0.291291,8.8286,0.44978,0.033878,0.134103,0.00304,0.131236,0.000106,0.067519,0.000042,0.025233,0.000034,13.9757,0.36244,1.164469,0.802029,0.634635,-0.347213,-0.000131,0.004845,2617.739918,1331.4504,
94,49,false,93,96,0.3333,0,12,-12,5.9943,-19.264017,-16.9801,-2.2839,-2.597,-30.899391,-28.5153,-43.035478,-23.7874,-44.818887,-28.6072,-47.745845,-40.3796,-51.695706,-42.5897,1571.22837,1328.7049,1.1825,true,0.005743,0.306862,0.301119,8.8454,0.11597,0.032926,0.146977,0.003049,0.048299,0.00009,0.035262,0.000043,0.012807,0.000032,12.0302,0.363033,1.15972,0.796687,0.635274,-0.345386,-0.000159,0.00481133,2621.002362,1307.2844,
94,54,false,93,96,0.3333,0,11.3333,-11.3333,5.6018,-18.432342,-15.59,-2.8424,-3.4429,-30.28189,-27.6462,-41.801808,-22.4193,-43.831772,-26.9901,-47.052276,-38.8401,-51.148993,-41.4346,1891.731841,1433.473,1.3197,true,0.009971,0.31068,0.300709,8.6295,0.11686,0.037646,0.049338,0.003926,0.05704,0.000118,0.025217,0.000039,0.008345,0.000028,6.6259,0.364925,1.167398,0.802473,0.637536,-0.333308,-0.000141,0.005912,2550.022649,1279.5984,
94,61,false,93,96,0.3333,0,11.3333,-11.3333,5.5165,-17.217967,-14.0625,-3.1554,-4.0147,-29.476386,-24.9013,-40.633029,-20.7603,-42.780151,-25.5778,-46.195742,-37.4117,-50.405858,-40.0763,2041.983643,1456.3555,1.4021,true,0.004388,0.318523,0.314135,8.4183,0.023456,0.043392,0.017841,0.004807,0.07759,0.000114,0.036314,0.00004,0.011768,0.000022,8.6605,0.366163,1.160769,0.794606,0.638969,-0.328731,-0.000218,0.005867,2885.91144,1262.7002,
94,69,false,93,96,0.3333,0,12,-12,5.734,-15.886823,-12.9142,-2.9726,-4.346,-28.626596,-23.7753,-40.036408,-19.6241,-42.152826,-24.4511,-45.435048,-36.3198,-49.581929,-39.0023,2896.685473,1494.5264,1.9382,true,0.030578,0.318477,0.287899,8.5864,0.181931,0.049624,0.165516,0.005733,0.209912,0.000131,0.105359,0.000047,0.041633,0.000018,21.7063,0.366142,1.152694,0.786552,0.638832,-0.351146,-0.00017,0.00590633,3680.656872,1269.3023,
94,77,false,93,96,0.3333,0,10,-10,5.7585,-14.699136,-11.6255,-3.0737,-4.7872,-27.788167,-22.7181,-39.363458,-18.2069,-41.427664,-22.9434,-44.61013,-35.0537,-48.762229,-37.9464,4045.448142,1542.642,2.6224,true,0.050512,0.321657,0.271145,8.9278,0.425521,0.052768,0.712636,0.006161,1.370607,0.000151,0.819953,0.000047,0.317209,0.000018,136.0101,0.36616,1.131906,0.765746,0.638796,-0.358338,-0.000195,0.005927,4699.522154,1259.9536,
94,85,false,93,96,0.3333,0,11.3333,-11.3333,5.0049,-13.630727,-10.2326,-3.3982,-5.4928,-26.836962,-21.5285,-37.197295,-16.7365,-39.814043,-21.3475,-43.555362,-33.2932,-47.945753,-36.7844,4135.960269,1559.7387,2.6517,true,0.067324,0.322625,0.255301,8.2045,0.086937,0.058066,0.145112,0.007067,0.321647,0.000224,0.214325,0.000052,0.085057,0.000019,32.4385,0.369795,1.16002,0.790225,0.643436,-0.340508,-0.000214,0.00599833,4421.18507,1273.1969,
94,93,false,93,96,0.3333,0,10.6667,-10.6667,4.1998,-12.250878,-8.5856,-3.6653,-5.8095,-25.759079,-19.8188,-34.416609,-15.2286,-37.768334,-19.7922,-42.396685,-31.8179,-47.1424,-35.4592,4432.562323,1619.1672,2.7376,true,0.091959,0.324406,0.232447,7.3973,0.109565,0.060313,0.082435,0.007683,0.307155,0.000276,0.191427,0.000063,0.07836,0.000024,30.8637,0.375751,1.161438,0.785687,0.651156,-0.332429,-0.000202,0.00598433,4400.590388,1289.0807,
94,101,false,93,96,0.3333,0,12.6667,-12.6667,3.3976,-10.769897,-6.4898,-4.2801,-6.5953,-24.590872,-16.9836,-31.851704,-13.1906,-35.81534,-17.9383,-41.263426,-29.8988,-46.358106,-34.1114,4916.694292,1675.3372,2.9347,true,0.127805,0.326892,0.199087,6.5124,0.096282,0.063485,0.137347,0.008719,0.331477,0.000367,0.224542,0.000072,0.088893,0.000028,32.94,0.381376,1.155939,0.774563,0.658618,-0.340286,-0.000203,0.005915,4510.812895,1302.3278,
94,109,false,93,96,0.3333,0,12.6667,-12.6667,3.4953,-9.170074,-5.1338,-4.0363,-6.6214,-23.301124,-16.0127,-29.4467,-11.8121,-33.975419,-16.5031,-40.1834,-28.7928,-45.600785,-33.1169,5443.989951,1720.6881,3.1638,true,0.180892,0.32737,0.146478,6.0817,0.086538,0.066899,0.163161,0.009889,0.401403,0.000451,0.271549,0.000081,0.110381,0.000029,39.3661,0.386824,1.149441,0.762617,0.66599,-0.335162,-0.00021,0.00588067,4648.355295,1329.9683,
94,117,false,93,96,0.3333,0,11.3333,-11.3333,3.4707,-7.442223,-3.6664,-3.7758,-6.8136,-21.791971,-14.2418,-26.957945,-10.3446,-32.092833,-15.1409,-39.131883,-27.549,-44.884596,-32.0683,5946.420882,1763.0147,3.3729,true,0.25882,0.329696,0.070876,5.369,0.095511,0.075705,0.204515,0.010906,0.508344,0.000588,0.331014,0.000114,0.13698,0.000041,48.9547,0.392912,1.141781,0.748869,0.674345,-0.350637,-0.000211,0.00586367,4714.837705,1382.9262,
94,124,false,93,96,0.3333,0,11.3333,-11.3333,3.7898,-5.855412,-1.519,-4.3364,-7.9973,-20.282348,-11.974,-24.776867,-8.1819,-30.437981,-13.02,-38.237764,-25.4712,-44.309407,-30.0042,6307.131408,1831.2871,3.4441,true,0.335837,0.327763,0.008074,4.6515,0.11266,0.080104,0.263277,0.011524,0.612696,0.000571,0.385922,0.000114,0.162063,0.000031,58.9055,0.398157,1.149864,0.751707,0.681618,-0.341159,-0.00021,0.005851,4724.045881,1365.9463,
95,14,false,93,96,0.6667,0,6,-6,6.331,-25.196247,-28.3513,3.1551,4.9444,-35.608384,-46.1094,-47.503961,-36.5768,-49.080402,-41.1387,-51.966107,-52.1412,-55.940546,-52.7162,945.3785,1185.2901,1.2538,true,0.002495,0.492884,0.490389,8.1169,0.171484,0.019734,0.023972,0.001427,0.008162,0.000172,0.008474,0.00013,0.004049,0.000108,6.1037,0.37494,0.944326,0.569386,0.652749,-0.281075,0.000173,0.004946,1705.044715,1778.3869,
95,31,false,93,96,0.6667,0,8.6667,-8.6667,6.348,-21.950549,-26.3118,4.3613,5.5366,-33.06517,-43.2407,-45.097297,-34.2886,-46.794483,-39.0506,-49.739691,-50.507,-53.780905,-51.3848,1021.043069,1177.1253,1.1529,true,0.002428,0.482086,0.479658,8.5112,0.22997,0.021039,0.106058,0.001417,0.038311,0.000138,0.012822,0.000097,0.015128,0.000093,10.165,0.375103,0.947913,0.57281,0.652339,-0.27631,0.000179,0.00516833,2145.725952,1659.1677,
95,36,false,93,96,0.6667,0,8,-8,6.6297,-21.183207,-22.5173,1.3341,2.5443,-32.394772,-39.1017,-44.360201,-30.0926,-46.106085,-34.9656,-49.116314,-46.8914,-53.19725,-47.7604,1216.716666,1258.1236,1.034,true,0.003988,0.553369,0.549381,8.9155,0.190625,0.017806,0.045049,0.001295,0.030275,0.000077,0.008753,0.000061,0.010344,0.00005,7.2151,0.37552,0.933552,0.558032,0.652692,-0.333605,0.000209,0.005152,2137.588711,1494.5723,
95,40,false,93,96,0.6667,0,10,-10,6.9574,-20.589308,-19.9437,-0.6456,0.3636,-31.875404,-30.4563,-43.647944,-27.1964,-45.473721,-32.9345,-48.59635,-44.1907,-52.740599,-45.5223,1326.477851,1356.6758,1.0228,true,0.001981,0.600165,0.598184,8.1336,0.083618,0.017892,0.026151,0.001394,0.018389,0.000077,0.004535,0.000045,0.008442,0.000037,3.3564,0.376137,0.943055,0.566918,0.653323,-0.342697,0.000205,0.00517667,2053.805839,1410.3407,
95,45,false,93,96,0.6667,0,8.6667,-8.6667,6.8925,-19.810569,-18.6767,-1.1339,-0.479,-31.262061,-29.4898,-42.978341,-25.6522,-44.854294,-31.35,-48.014839,-42.7666,-52.187724,-44.3459,1448.919553,1347.3809,1.0754,true,0.003867,0.590805,0.586938,8.2561,0.113636,0.018928,0.05141,0.001588,0.022635,0.000074,0.002987,0.000046,0.010815,0.000033,5.2993,0.37651,0.926337,0.549827,0.653646,-0.342218,0.000216,0.005155,2211.555627,1367.7629,
95,49,false,93,96,0.6667,0,12,-12,6.9006,-19.257717,-16.8563,-2.4014,-1.6219,-30.799158,-27.8373,-42.664964,-23.9362,-44.506733,-29.605,-47.601216,-41.21,-51.7571,-43.2051,1309.355345,1355.5919,1.0353,true,0.005257,0.610759,0.605502,8.5105,0.237636,0.017789,0.012085,0.001763,0.037095,0.000057,0.009064,0.000038,0.022715,0.000027,8.9112,0.376406,0.923845,0.547439,0.653425,-0.341,0.000259,0.00509667,2435.108092,1315.5635,
95,54,false,93,96,0.6667,0,10.6667,-10.6667,6.8708,-18.373793,-15.7468,-2.627,-2.3048,-30.229432,-26.7063,-42.143456,-22.8228,-43.973024,-28.2782,-47.054064,-39.9799,-51.225148,-42.3371,1484.220863,1428.8401,1.0388,true,0.002443,0.617594,0.615151,8.6207,0.125659,0.0198,0.174856,0.002192,0.132029,0.000068,0.027187,0.000032,0.05339,0.000027,15.1621,0.376571,0.933497,0.556926,0.653511,-0.317431,0.000149,0.00559,3039.666376,1287.8961,
95,61,false,93,96,0.6667,0,10.6667,-10.6667,6.4859,-17.255959,-13.9135,-3.3425,-3.0621,-29.400961,-24.388,-40.572986,-20.8954,-42.716391,-26.4757,-46.160229,-38.3289,-50.488089,-40.974,2099.281429,1479.7144,1.4187,true,0.009366,0.632569,0.623203,8.4093,0.139995,0.023185,0.057524,0.002645,0.063328,0.000061,0.020458,0.00003,0.0227,0.000021,7.2882,0.378728,0.928927,0.550199,0.656034,-0.309863,0.000219,0.005544,2943.374929,1264.064,
95,69,false,93,96,0.6667,0,12,-12,6.4386,-15.839809,-13.1781,-2.6617,-2.7989,-28.508547,-23.1462,-39.241046,-20.206,-41.545735,-25.9386,-45.212824,-37.6446,-49.664482,-40.4187,2406.645172,1496.2607,1.6084,true,0.00575,0.630581,0.624831,8.039,0.01811,0.025808,0.035787,0.003164,0.093622,0.000064,0.036837,0.000035,0.028436,0.000019,10.2965,0.380153,0.929451,0.549298,0.657669,-0.329651,0.000102,0.00553967,3388.187965,1268.4316,
95,77,false,93,96,0.6667,0,10,-10,6.2461,-14.498882,-11.6731,-2.8258,-3.4218,-27.656917,-22.4064,-38.349596,-18.615,-40.79211,-24.1401,-44.419956,-36.2289,-48.857344,-39.298,3296.418669,1542.6337,2.1369,true,0.029809,0.636125,0.606316,8.461,0.19686,0.028109,0.114822,0.003365,0.246165,0.000067,0.103927,0.000031,0.068446,0.000017,25.4454,0.380999,0.92021,0.539211,0.658697,-0.334437,0.000175,0.005574,4031.746145,1251.4071,
95,85,false,93,96,0.6667,0,10.6667,-10.6667,6.119,-13.232603,-10.0854,-3.1472,-4.3054,-26.815313,-20.9924,-37.510967,-17.0487,-40.046319,-22.4665,-43.612958,-34.5383,-48.057538,-38.1951,4639.811701,1556.8869,2.9802,true,0.060151,0.636446,0.576295,8.5051,0.541697,0.030654,0.658244,0.003732,1.77835,0.000099,0.850641,0.000033,0.494141,0.000017,177.0775,0.381621,0.933455,0.551834,0.659479,-0.320964,0.000117,0.00573267,4929.177562,1250.9188,
95,93,false,93,96,0.6667,0,11.3333,-11.3333,5.4808,-12.040244,-8.7886,-3.2517,-4.5219,-25.82651,-19.2103,-35.412262,-15.9109,-38.631692,-21.3214,-42.674991,-33.3838,-47.267213,-37.2814,5177.59198,1608.0911,3.2197,true,0.105437,0.638715,0.533278,8.0192,0.104527,0.032267,0.261901,0.004026,0.726862,0.000116,0.358098,0.000038,0.198214,0.000018,72.8391,0.385325,0.93185,0.546525,0.664207,-0.313374,0.000132,0.00571967,4936.087615,1253.449,
95,101,false,93,96,0.6667,0,13.3333,-13.3333,4.2677,-10.594584,-6.0498,-4.5448,-6.1054,-24.63079,-15.9889,-32.582039,-13.2781,-36.749843,-18.8412,-41.653623,-30.779,-46.496242,-35.6712,5629.973387,1678.3705,3.3544,true,0.146823,0.642429,0.495606,7.034,0.140121,0.034535,0.156787,0.004945,0.5282,0.000172,0.289943,0.000041,0.148685,0.000019,52.9082,0.391598,0.922511,0.530913,0.672278,-0.323847,0.000142,0.005599,5002.186621,1265.73,
95,109,false,93,96,0.6667,0,11.3333,-11.3333,3.7048,-9.051806,-4.7924,-4.2594,-6.1503,-23.18368,-15.3841,-29.589895,-11.9327,-34.701218,-17.3143,-40.63042,-29.7109,-45.766266,-34.6147,6365.318837,1710.3832,3.7216,true,0.208734,0.641428,0.432694,6.4674,0.117368,0.036644,0.200445,0.005728,0.534884,0.000203,0.302886,0.000043,0.149285,0.00002,53.4068,0.399065,0.921628,0.522563,0.682048,-0.318727,0.000129,0.00554533,5203.619835,1287.1304,
95,117,false,93,96,0.6667,0,10.6667,-10.6667,3.3657,-7.358285,-3.2553,-4.103,-6.539,-21.475329,-13.5132,-26.733023,-10.5051,-32.690266,-15.9979,-39.687886,-28.3796,-45.153316,-33.4702,7349.609641,1751.0375,4.1973,true,0.307367,0.642947,0.33558,5.3841,0.079237,0.040852,0.280801,0.006016,0.578427,0.000262,0.362138,0.000068,0.168456,0.000027,57.3385,0.406371,0.916843,0.510472,0.691764,-0.345896,0.000078,0.00557933,5441.952834,1354.5677,
95,124,false,93,96,0.6667,0,10.6667,-10.6667,3.5371,-5.768935,-1.5207,-4.2483,-7.4614,-19.712155,-11.6114,-24.317356,-8.7792,-31.042194,-14.3564,-39.045093,-26.8144,-44.916362,-31.98,8363.270581,1774.1335,4.714,true,0.450868,0.636174,0.185306,4.4551,0.119061,0.042292,0.370809,0.006286,0.622538,0.00024,0.453332,0.000068,0.191271,0.000017,61.7703,0.412552,0.928222,0.51567,0.700088,-0.329556,0.000028,0.005547,5568.780059,1335.1038,
96,14,true,96,96,0,0,6,-6,7.3178,-24.985979,-29.6122,4.6262,7.3338,-35.41734,-43.3459,-47.141759,-37.913,-48.805271,-43.755,-51.827083,-54.3916,-56.011502,-54.6424,1042.32188,1210.6454,1.1615,true,0.052443,0.73901,0.686567,7.6148,0.196857,0.016572,0.032903,0.000954,0.027578,0.000172,0.007043,0.000144,0.003269,0.000124,7.7848,0.388075,0.737168,0.349093,0.670018,-0.244588,-0.001701,0.005674,1788.654164,1885.017,
96,31,true,96,96,0,0,8,-8,7.0096,-21.7468,-28.4016,6.6548,8.6357,-32.880836,-46.3577,-44.600239,-36.6841,-46.484128,-42.0225,-49.579469,-53.4459,-53.859787,-53.9716,1283.823252,1172.5701,1.0949,true,0.138816,0.722562,0.583746,8.3281,0.078514,0.016961,0.031973,0.000958,0.023435,0.000171,0.007181,0.000124,0.005533,0.000114,3.8304,0.38846,0.731348,0.342888,0.669869,-0.233894,-0.000003,0.005949,1923.383586,1782.2494,
96,36,true,96,96,0,0,6,-6,7.4467,-20.872356,-23.5979,2.7255,4.3279,-32.226554,-42.4272,-44.036612,-31.3626,-45.873884,-36.5892,-48.997844,-48.5564,-53.284752,-49.1291,1357.231145,1243.7924,1.0912,true,0.05908,0.829165,0.770085,8.8432,0.205103,0.012462,0.062915,0.00074,0.066757,0.000074,0.018438,0.000064,0.012795,0.00005,9.5763,0.388513,0.70672,0.318207,0.669801,-0.319129,-0.001319,0.005933,2334.547464,1541.8979,
96,40,true,96,96,0,0,10,-10,8.1282,-20.267108,-20.7154,0.4483,2.033,-31.721135,-29.8524,-43.569038,-28.2189,-45.386715,-34.9003,-48.533229,-45.797,-52.83596,-46.7312,1289.612734,1366.8133,1.0599,true,0.032532,0.89899,0.866458,7.7501,0.249725,0.01069,0.073288,0.000749,0.099076,0.000065,0.037501,0.000043,0.021734,0.000038,12.5532,0.388665,0.713936,0.325271,0.669874,-0.33481,-0.001204,0.005504,2488.988283,1451.4336,
96,45,true,96,96,0,0,8,-8,7.8921,-19.449276,-19.5439,0.0946,1.3759,-31.099638,-29.7361,-42.730057,-26.7825,-44.736664,-33.3685,-47.914386,-44.521,-52.282362,-45.6482,1582.530067,1341.935,1.1793,true,0.176803,0.884677,0.707874,7.9748,0.122431,0.010575,0.018772,0.00083,0.049255,0.000052,0.015948,0.000051,0.012086,0.000032,6.4365,0.389335,0.688204,0.298869,0.67051,-0.337222,-0.0013,0.005465,2350.458617,1405.0657,
96,49,true,96,96,0,0,12,-12,7.6591,-18.891307,-16.7325,-2.1588,-0.6305,-30.622664,-27.1592,-42.112199,-24.085,-44.238374,-30.6028,-47.440172,-42.0404,-51.850509,-43.8204,1701.848128,1383.023,1.2305,true,0.230384,0.914656,0.684272,8.2358,0.070266,0.009611,0.034223,0.001019,0.042795,0.000036,0.01822,0.000033,0.012582,0.000022,5.2606,0.389807,0.687971,0.298164,0.670958,-0.336615,-0.000966,0.005382,2446.444526,1323.895,
96,54,true,96,96,0,0,10,-10,7.7265,-18.27164,-15.9036,-2.368,-1.0219,-30.060262,-25.7664,-41.616461,-23.2263,-43.672066,-29.5663,-46.910903,-41.1198,-51.326367,-43.2397,1850.290041,1424.2222,1.2992,true,0.141097,0.924507,0.78341,8.3146,0.190129,0.010414,0.019738,0.001224,0.092951,0.000039,0.032491,0.000026,0.020774,0.000027,10.2551,0.389989,0.699597,0.309608,0.671092,-0.301553,-0.001249,0.005268,2821.108663,1296.2476,
96,61,true,96,96,0,0,10,-10,7.751,-17.078883,-13.7644,-3.3145,-2.1527,-29.297215,-23.8746,-40.932165,-21.0305,-42.87606,-27.3736,-46.167984,-39.246,-50.605078,-41.8717,2124.732247,1503.4481,1.4132,true,0.034649,0.946616,0.911967,8.5805,0.273014,0.012388,0.105091,0.001455,0.359019,0.000033,0.114771,0.000023,0.080587,0.00002,36.7805,0.390326,0.697084,0.306758,0.671387,-0.290996,-0.000743,0.005221,3597.463117,1265.4291,
96,69,true,96,96,0,0,12,-12,7.4838,-15.896992,-13.4421,-2.4549,-1.4401,-28.380817,-22.5171,-39.312502,-20.7878,-41.775269,-27.426,-45.178892,-38.9695,-49.783852,-41.8351,2655.965531,1497.997,1.773,true,0.321901,0.942684,0.620783,8.1398,0.169181,0.013422,0.053028,0.001746,0.152801,0.000031,0.055883,0.000026,0.028014,0.000019,16.2298,0.392364,0.706208,0.313844,0.673638,-0.308157,-0.00089,0.005173,3294.835746,1267.5615,
96,77,true,96,96,0,0,10,-10,6.9125,-14.542202,-11.7208,-2.8214,-2.0674,-27.496195,-22.0947,-37.931396,-19.023,-40.724215,-25.3367,-44.240816,-37.4041,-48.981447,-40.6495,3013.638259,1542.6255,1.9536,true,0.416006,0.950594,0.534588,8.5508,0.042011,0.014973,0.038762,0.001838,0.208831,0.00003,0.076163,0.00002,0.033238,0.000017,21.8176,0.394008,0.708513,0.314505,0.675476,-0.310535,-0.000477,0.005221,3638.819244,1242.9186,
96,85,true,96,96,0,0,10,-10,6.8714,-13.24503,-9.9382,-3.3068,-2.8601,-26.633514,-20.4563,-36.98143,-17.3608,-39.670636,-23.5856,-43.412636,-35.7833,-48.198287,-39.6057,3870.288887,1554.0402,2.4905,true,0.343961,0.950267,0.606306,8.4557,0.20948,0.016183,0.109948,0.001971,0.416096,0.000044,0.149133,0.000021,0.057903,0.000015,42.4229,0.395289,0.70689,0.311601,0.677084,-0.30142,-0.000601,0.005467,4016.650049,1229.0306,
96,93,true,96,96,0,0,12,-12,6.892,-11.945203,-8.9916,-2.9536,-2.882,-25.779049,-18.6018,-36.220105,-16.5932,-38.586342,-22.8506,-42.601155,-34.9498,-47.426176,-39.1036,4955.907578,1597.0907,3.1031,true,0.235597,0.953023,0.717426,8.0845,0.31573,0.017263,0.202656,0.00211,1.058767,0.000049,0.400103,0.000023,0.137971,0.000014,106.3556,0.396402,0.702263,0.305861,0.678548,-0.294319,-0.00047,0.005455,4623.090962,1218.8022,
96,101,true,96,96,0,0,14,-14,6.1097,-10.366327,-5.6097,-4.7566,-5.263,-24.770951,-14.9942,-34.766835,-13.3656,-37.156179,-19.7441,-41.6914,-31.6591,-46.668172,-37.231,6006.156771,1681.4092,3.5721,true,0.311782,0.957965,0.646183,7.3798,0.23263,0.018787,0.417999,0.002804,1.82937,0.000081,0.723034,0.000023,0.221466,0.000013,182.4591,0.399745,0.689084,0.289339,0.682757,-0.307408,-0.000308,0.005283,4894.288232,1230.1607,
96,109,true,96,96,0,0,10,-10,5.3267,-8.766322,-4.4509,-4.3154,-5.3101,-23.514494,-14.7556,-32.535904,-12.0533,-35.438847,-18.1255,-40.708304,-30.629,-45.954008,-36.1125,6540.170576,1700.1401,3.8468,true,0.48938,0.955486,0.466106,7.234,0.277202,0.020072,0.311047,0.003318,1.365965,0.000091,0.55193,0.000023,0.158935,0.000013,136.3557,0.40548,0.693816,0.288336,0.689928,-0.302291,-0.000464,0.00521,5062.244064,1245.6723,
96,117,true,96,96,0,0,10,-10,4.0886,-7.069799,-2.8441,-4.2257,-5.8361,-21.853108,-12.7845,-29.800793,-10.6656,-33.509458,-16.8549,-39.815676,-29.2103,-45.484866,-34.8722,7513.277061,1739.1416,4.3201,true,0.675963,0.956199,0.280236,6.0492,0.296818,0.022045,0.289321,0.003319,1.158835,0.000117,0.482382,0.00004,0.132016,0.000018,115.5318,0.413433,0.691904,0.278471,0.699921,-0.341154,-0.000504,0.005295,5450.990813,1326.7907,
96,124,true,96,96,0,0,10,-10,3.443,-5.541718,-1.5224,-4.0194,-6.7321,-19.564399,-11.2487,-26.818999,-9.3765,-32.058406,-15.6929,-39.658997,-28.1576,-46.419425,-33.9559,9072.299725,1718.7637,5.2784,true,0.875181,0.944585,0.069404,4.8642,0.307801,0.022329,0.327223,0.003429,0.855528,0.000101,0.371399,0.000041,0.117636,0.000009,85.6874,0.42297,0.70658,0.28361,0.71199,-0.317953,-0.00055,0.005243,5905.0594,1304.9577,
97,14,false,96,99,0.3333,0,5.3333,-5.3333,6.9541,-24.670332,-31.1252,6.4549,8.2263,-35.270654,-45.2976,-47.042247,-40.1034,-48.758486,-46.1934,-51.931088,-55.3881,-56.317981,-57.5559,896.67919,1181.261,1.3174,true,0.020762,0.555059,0.534297,6.0221,0.191698,0.022142,0.040889,0.000904,0.015775,0.000338,0.007996,0.00024,0.003434,0.000189,6.2752,0.400408,0.846533,0.446125,0.685742,-0.13784,-0.002862,0.00560667,1685.622689,1971.591,
97,31,false,96,99,0.3333,0,8,-8,6.2567,-21.645176,-27.8999,6.2547,6.6074,-32.749517,-44.0644,-44.616967,-36.5276,-46.468203,-41.9242,-49.714262,-51.5524,-54.178643,-55.3664,1159.115314,1211.3835,1.0451,true,0.029985,0.646461,0.616476,6.3821,0.374505,0.018514,0.047536,0.00064,0.027927,0.000194,0.006888,0.00014,0.003444,0.000117,13.4849,0.400611,0.898259,0.497648,0.685404,-0.157417,0.000306,0.005383,1900.120852,1755.0498,
97,36,false,96,99,0.3333,0,6.6667,-6.6667,6.4116,-20.753351,-24.3837,3.6303,3.7749,-32.087785,-41.1025,-43.905508,-32.8722,-45.836234,-38.177,-49.084801,-48.0904,-53.599478,-52.1105,1329.804455,1272.8557,1.0447,true,0.101288,0.735229,0.633941,6.6648,0.105719,0.014842,0.035496,0.000552,0.027223,0.000112,0.002492,0.000085,0.002934,0.00007,4.6582,0.401034,0.888179,0.487145,0.685717,-0.2161,0.002085,0.00495333,1837.11048,1587.9585,
97,40,false,96,99,0.3333,0,8.6667,-8.6667,6.8882,-20.072676,-21.9677,1.895,1.7506,-31.585822,-33.5499,-43.415746,-30.0845,-45.343602,-36.2641,-48.626098,-45.6074,-53.1545,-49.8422,1517.879522,1324.654,1.1459,true,0.08095,0.752402,0.671452,6.0609,0.239192,0.012788,0.069785,0.000494,0.034094,0.000089,0.004472,0.00006,0.005478,0.000048,10.9355,0.401189,0.891547,0.490358,0.685798,-0.230946,-0.004754,0.00551433,2070.429949,1496.5332,
97,45,false,96,99,0.3333,0,8.6667,-8.6667,6.4246,-19.253959,-20.6832,1.4293,1.0365,-30.986328,-30.7821,-42.833568,-28.8667,-44.753864,-35.0235,-48.07787,-44.3451,-52.612627,-48.5965,1336.42839,1315.9438,1.0156,true,0.020226,0.762431,0.742205,5.9976,0.318324,0.013025,0.117314,0.00049,0.11175,0.000073,0.026872,0.000064,0.015068,0.000042,14.2595,0.401308,0.879185,0.477877,0.685829,-0.242669,-0.000482,0.00465867,2413.152993,1455.1441,
97,49,false,96,99,0.3333,0,10.6667,-10.6667,6.2455,-18.630957,-18.7101,0.0791,-0.7207,-30.511857,-28.5278,-42.278181,-26.5688,-44.267188,-32.6313,-47.601694,-42.1117,-52.181934,-47.0709,1647.16939,1342.9066,1.2266,true,0.08124,0.775613,0.694373,6.146,0.252208,0.012847,0.053362,0.000614,0.060392,0.000058,0.016507,0.000044,0.010188,0.00003,11.4766,0.401803,0.891007,0.489204,0.686282,-0.246729,-0.001981,0.00463467,2315.923819,1382.7125,
97,54,false,96,99,0.3333,0,10,-10,6.2221,-17.945853,-16.903,-1.0429,-1.581,-29.933403,-26.7253,-41.578007,-25.0854,-43.664102,-31.0004,-47.002932,-40.6527,-51.652849,-45.9367,1852.669201,1381.3107,1.3412,true,0.165168,0.78478,0.619612,6.3134,0.09853,0.01365,0.062451,0.00071,0.058527,0.000049,0.016207,0.000035,0.010176,0.000032,6.8193,0.402546,0.916358,0.513812,0.686986,-0.228416,0.001472,0.004542,2402.915202,1344.8959,
97,61,false,96,99,0.3333,0,11.3333,-11.3333,6.197,-16.992276,-14.6975,-2.2948,-2.8061,-29.174215,-24.5793,-40.786161,-22.8339,-42.849541,-28.7521,-46.269639,-38.6943,-50.940082,-44.6087,2082.579275,1467.7431,1.4189,true,0.096568,0.831426,0.734858,6.5221,0.22323,0.016572,0.070296,0.000898,0.118685,0.000043,0.038173,0.000031,0.019283,0.000026,12.8137,0.402926,0.930729,0.527803,0.687337,-0.226334,-0.003579,0.004502,2823.098413,1318.4123,
97,69,false,96,99,0.3333,0,12,-12,6.1882,-15.728098,-14.0128,-1.7153,-2.473,-28.327892,-23.2393,-39.832949,-22.276,-41.919494,-28.3442,-45.425979,-38.1837,-50.137301,-44.4371,2528.81113,1488.9378,1.6984,true,0.046168,0.856394,0.810226,6.333,0.340142,0.017658,0.06572,0.001105,0.325825,0.000041,0.122391,0.000032,0.050955,0.000025,33.4452,0.403564,0.943085,0.539521,0.687994,-0.23973,0.002651,0.004456,3576.017915,1315.1773,
97,77,false,96,99,0.3333,0,11.3333,-11.3333,6.0667,-14.615633,-12.1748,-2.4408,-3.1802,-27.43568,-22.2428,-38.54842,-20.2502,-40.897715,-26.1355,-44.433846,-36.4844,-49.331475,-43.0725,3084.563974,1558.4969,1.9792,true,0.260888,0.884155,0.623267,6.8127,0.181523,0.020033,0.085327,0.001185,0.190701,0.000038,0.079455,0.000024,0.026599,0.000019,19.9937,0.405718,0.947641,0.541923,0.69028,-0.255308,-0.001217,0.00448833,3468.175795,1295.5354,
97,85,false,96,99,0.3333,0,11.3333,-11.3333,5.9052,-13.342202,-10.7182,-2.624,-3.5093,-26.548869,-20.9028,-37.283533,-18.8535,-39.8715,-24.6629,-43.474635,-35.1961,-48.544235,-42.2611,3535.411074,1575.6229,2.2438,true,0.362265,0.88965,0.527385,6.9301,0.043219,0.021329,0.08683,0.001307,0.242028,0.000055,0.100991,0.000025,0.029854,0.000018,25.0654,0.407785,0.946746,0.538961,0.692522,-0.250473,-0.000589,0.00513833,3837.533123,1285.8202,
97,93,false,96,99,0.3333,0,11.3333,-11.3333,5.7056,-12.074846,-9.3383,-2.7365,-3.7588,-25.67033,-19.0131,-36.126358,-17.6748,-38.78191,-23.5311,-42.619104,-34.091,-47.782477,-41.5061,4367.037204,1624.3167,2.6885,true,0.35779,0.885076,0.527286,6.7227,0.176336,0.022221,0.148211,0.001461,0.396421,0.000066,0.166002,0.000028,0.043639,0.000016,40.3754,0.40937,0.955002,0.545632,0.69443,-0.249576,-0.001063,0.00513167,4142.606523,1279.984,
97,101,false,96,99,0.3333,0,12.6667,-12.6667,4.9877,-10.456261,-6.6501,-3.8062,-5.3769,-24.76352,-16.0546,-34.861179,-15.1295,-37.615061,-21.0923,-41.796365,-31.6502,-47.040949,-39.9542,5304.64576,1685.0626,3.148,true,0.339168,0.883906,0.544738,6.3766,0.264963,0.024286,0.224135,0.001799,0.74735,0.000101,0.318309,0.000029,0.075209,0.000016,74.981,0.411186,0.942442,0.531256,0.696748,-0.266472,-0.000513,0.00500467,4473.346072,1290.8883,
97,109,false,96,99,0.3333,0,10.6667,-10.6667,4.2332,-8.789627,-5.2237,-3.5659,-5.7188,-23.737731,-15.1187,-33.258706,-13.6076,-36.280025,-19.3732,-40.917351,-30.4292,-46.321109,-38.673,6122.779849,1702.2548,3.5969,true,0.392881,0.871412,0.478531,6.4187,0.269153,0.027474,0.433931,0.002468,1.227386,0.000122,0.528397,0.000037,0.112496,0.000015,122.2433,0.414491,0.951335,0.536844,0.700844,-0.268866,-0.000214,0.00323233,4568.765438,1326.1359,
97,117,false,96,99,0.3333,0,10,-10,3.8356,-7.068436,-3.3105,-3.7579,-6.2267,-22.471279,-13.0758,-31.182945,-11.8734,-34.628906,-17.7859,-39.926389,-28.9304,-45.635322,-37.6225,6502.791071,1781.1021,3.651,true,0.52494,0.907596,0.382656,5.847,0.271633,0.032771,0.580629,0.002971,1.338496,0.000155,0.573883,0.000056,0.110954,0.000018,132.7865,0.420221,0.958991,0.53877,0.707844,-0.300584,0.000591,0.00393767,4375.946836,1374.4563,
97,124,false,96,99,0.3333,0,10,-10,3.6911,-5.53023,-1.5203,-4.0099,-6.9556,-21.122146,-11.0541,-29.094543,-10.0186,-32.917833,-16.0057,-38.950617,-27.2257,-45.07951,-36.1258,6556.658712,1812.6468,3.6172,true,0.653388,0.925415,0.272027,5.1872,0.308377,0.033251,0.621272,0.003001,1.223405,0.000136,0.516076,0.000054,0.090013,0.000011,121.6847,0.426681,0.974104,0.547423,0.715735,-0.285711,0,0.003904,4134.386707,1347.5895,
98,14,false,96,99,0.6667,0,4.6667,-4.6667,6.5786,-24.351874,-32.6382,8.2863,9.0707,-35.003315,-47.2493,-46.946502,-42.2939,-48.769284,-48.6317,-52.083133,-56.3846,-56.673371,-60.4693,1105.554294,1152.5898,1.0425,true,0.045789,0.371109,0.32532,4.439,0.107048,0.029584,0.03787,0.000857,0.012975,0.000663,0.004716,0.000401,0.001366,0.000287,4.4092,0.412186,0.955899,0.543713,0.700286,-0.031093,0.002621,0.00553933,1781.192619,2062.1411,
98,31,false,96,99,0.6667,0,8,-8,5.4385,-21.403769,-27.3981,5.9944,4.5477,-32.489699,-41.771,-44.550376,-36.3711,-46.486616,-41.826,-49.880507,-49.659,-54.542663,-56.7611,1163.120901,1251.4816,1.076,true,0.043887,0.570361,0.526474,4.4391,0.094467,0.020209,0.043735,0.000427,0.017041,0.00022,0.009725,0.000158,0.001764,0.000119,5.1535,0.41236,1.065169,0.652809,0.699923,-0.080941,-0.002653,0.004817,2011.809577,1728.2654,
98,36,false,96,99,0.6667,0,7.3333,-7.3333,5.3431,-20.535331,-25.1695,4.6342,3.105,-31.839309,-39.7778,-43.893278,-34.3818,-45.870387,-39.7648,-49.288714,-47.6244,-53.972611,-55.092,1200.685692,1302.5982,1.0849,true,0.026036,0.641293,0.615257,4.4412,0.284304,0.017677,0.050183,0.000412,0.009849,0.000169,0.010337,0.000112,0.002425,0.000097,10.6336,0.412499,1.069639,0.65714,0.699945,-0.113072,0.005719,0.00397367,2134.17898,1635.395,
98,40,false,96,99,0.6667,0,7.3333,-7.3333,5.6507,-19.796856,-23.2199,3.4231,1.3918,-31.331251,-37.2473,-43.32759,-31.95,-45.366202,-37.6278,-48.795417,-45.4179,-53.522363,-52.9533,1331.387175,1283.7952,1.0371,true,0.090876,0.605814,0.514938,4.3608,0.075546,0.015297,0.028178,0.000326,0.008067,0.000123,0.008708,0.000083,0.001766,0.000062,3.6973,0.413047,1.069158,0.656111,0.700415,-0.127082,0.002517,0.00552467,1999.686449,1543.0341,
98,45,false,96,99,0.6667,0,9.3333,-9.3333,4.8593,-18.975803,-21.8225,2.8467,0.7112,-30.727308,-31.8282,-42.713307,-30.9509,-44.760869,-36.6785,-48.227324,-44.1692,-52.979876,-51.5448,1588.081107,1290.456,1.2306,true,0.090907,0.640184,0.549277,4.0242,0.167273,0.016042,0.067155,0.00029,0.018512,0.000102,0.012551,0.00008,0.002171,0.000055,7.4984,0.413375,1.070167,0.656792,0.700658,-0.148116,-0.000079,0.00385233,2269.882615,1507.0073,
98,49,false,96,99,0.6667,0,9.3333,-9.3333,4.6411,-18.362837,-20.6876,2.3248,-0.8537,-30.27052,-29.8963,-42.268427,-29.0527,-44.309354,-34.6597,-47.805996,-42.183,-52.56058,-50.3214,1415.32394,1303.9538,1.0854,true,0.030683,0.636569,0.605886,4.0267,0.157992,0.017173,0.106413,0.00037,0.040879,0.000092,0.024363,0.000058,0.004541,0.000041,11.2259,0.413336,1.094043,0.680707,0.700551,-0.156843,-0.002434,0.00388733,2570.228675,1444.143,
98,54,false,96,99,0.6667,0,10,-10,4.6043,-17.605891,-17.9023,0.2964,-2.2851,-29.70331,-27.6843,-41.608963,-26.9444,-43.71577,-32.4345,-47.239974,-40.1856,-52.038753,-48.6338,1659.261168,1339.6922,1.2385,true,0.05774,0.645054,0.587314,4.2269,0.223489,0.017892,0.050074,0.000412,0.049753,0.000061,0.021689,0.000047,0.003968,0.000039,8.3713,0.413916,1.13312,0.719204,0.70108,-0.15528,0.004904,0.003816,2640.401178,1395.37,
98,61,false,96,99,0.6667,0,12.6667,-12.6667,4.673,-16.7326,-15.6305,-1.1021,-3.5171,-28.921902,-25.284,-40.65113,-24.6373,-42.862383,-30.1306,-46.428933,-38.1426,-51.316896,-47.3458,1981.846497,1432.886,1.3831,true,0.152482,0.716236,0.563754,4.4454,0.095855,0.022169,0.064434,0.000554,0.05126,0.000056,0.023485,0.000041,0.003751,0.000033,7.0526,0.415241,1.164373,0.749132,0.702371,-0.161673,0.003597,0.003783,2746.728048,1373.6139,
98,69,false,96,99,0.6667,0,12,-12,4.5481,-15.50325,-14.5836,-0.9197,-3.4493,-28.093379,-23.9615,-39.777135,-23.7641,-41.96211,-29.2623,-45.61645,-37.3979,-50.52566,-47.0392,2438.209337,1479.9334,1.6475,true,0.061191,0.770105,0.708914,4.7321,0.172292,0.023232,0.18768,0.000699,0.169298,0.000054,0.064158,0.000039,0.009789,0.000034,18.477,0.415423,1.179962,0.764539,0.702531,-0.171303,-0.000337,0.003739,3543.831737,1364.5817,
98,77,false,96,99,0.6667,0,12.6667,-12.6667,4.5723,-14.342443,-12.6288,-1.7136,-4.4277,-27.26306,-22.391,-38.75266,-21.4775,-41.018171,-26.9343,-44.761651,-35.5646,-49.741754,-45.4954,3119.859709,1574.5317,1.9815,true,0.060249,0.817715,0.757466,4.9507,0.286732,0.026804,0.244969,0.000763,0.293846,0.000049,0.106082,0.00003,0.013286,0.000022,30.2374,0.416365,1.18677,0.770405,0.70352,-0.20008,0.00293,0.00375567,4031.824129,1350.3796,
98,85,false,96,99,0.6667,0,12.6667,-12.6667,4.6121,-13.292309,-11.4981,-1.7942,-4.407,-26.367235,-21.3494,-37.413539,-20.3462,-39.940227,-25.7401,-43.785229,-34.6089,-48.953514,-44.9166,3408.378371,1597.5053,2.1336,true,0.25017,0.829033,0.578863,5.1394,0.167165,0.028112,0.092369,0.000867,0.20903,0.000068,0.073619,0.000031,0.007155,0.000021,21.7545,0.419434,1.186601,0.767167,0.706743,-0.199526,0.002736,0.00480967,3857.078048,1345.2339,
98,93,false,96,99,0.6667,0,10.6667,-10.6667,4.7407,-12.085337,-9.6851,-2.4002,-4.8307,-25.459408,-19.4244,-36.043932,-18.7565,-38.843156,-24.2116,-42.832081,-33.2321,-48.182304,-43.9086,3850.073007,1652.0068,2.3305,true,0.355736,0.817128,0.461392,5.3262,0.059338,0.028604,0.107897,0.001011,0.264619,0.000089,0.09044,0.000034,0.006073,0.000018,27.2196,0.422551,1.207742,0.785191,0.710067,-0.204832,0.00154,0.00480833,4107.820207,1344.2371,
98,101,false,96,99,0.6667,0,11.3333,-11.3333,4.4316,-10.811897,-7.6904,-3.1215,-5.5448,-24.556235,-17.115,-34.733581,-16.8934,-37.724544,-22.4404,-41.955313,-31.6413,-47.437795,-42.6774,4375.553734,1688.7238,2.591,true,0.380978,0.809847,0.428869,5.5536,0.138871,0.031395,0.099151,0.001155,0.390278,0.000125,0.131419,0.000037,0.006727,0.000019,39.5342,0.424845,1.195799,0.770954,0.712656,-0.225537,0.00184,0.00472633,4299.274142,1354.6138,
98,109,false,96,99,0.6667,0,11.3333,-11.3333,3.9174,-9.550203,-5.9965,-3.5537,-6.124,-23.615553,-15.4819,-33.263267,-15.1618,-36.525648,-20.6209,-41.122783,-30.2295,-46.730993,-41.2335,5479.917692,1704.3722,3.2152,true,0.395719,0.787339,0.39162,5.3958,0.218634,0.037606,0.119111,0.001835,0.602648,0.000164,0.194732,0.000059,0.008081,0.000017,60.2738,0.427284,1.208853,0.781569,0.715564,-0.23544,0.001844,0.00125467,4920.676308,1411.7969,
98,117,false,96,99,0.6667,0,10,-10,3.3713,-8.117722,-3.777,-4.3408,-6.9903,-22.549403,-13.3671,-31.363961,-13.0812,-35.230107,-18.7169,-40.410064,-28.6505,-46.189929,-40.3728,7120.902757,1824.075,3.9038,true,0.470713,0.858992,0.388279,5.9425,0.254845,0.048717,0.181604,0.002659,0.815142,0.000206,0.25935,0.000079,0.014896,0.000019,80.8461,0.431325,1.226078,0.794753,0.720311,-0.260014,0.001522,0.00258033,5652.119906,1423.8343,
98,124,false,96,99,0.6667,0,10,-10,2.9183,-6.723622,-1.5183,-5.2053,-9.3955,-21.346574,-10.8594,-29.084891,-10.6608,-34.157566,-16.3186,-40.458547,-26.2937,-46.550159,-38.2958,8896.766217,1911.658,4.654,true,0.680221,0.906246,0.226025,5.9104,0.251201,0.049514,0.291869,0.002627,0.828183,0.000183,0.262429,0.000071,0.039826,0.000013,82.3093,0.437687,1.241629,0.803942,0.727554,-0.253469,0.001427,0.002565,6051.398067,1391.6141,
99,14,true,99,99,0,0,4,-4,6.1921,-24.08893,-34.1512,10.0623,9.8663,-34.739518,-49.201,-46.923619,-44.4843,-48.817425,-51.0701,-52.283982,-57.381,-57.062888,-63.3827,607.217684,1124.6145,1.8521,true,0.005658,0.187158,0.1815,2.8444,0.166397,0.039528,0.043547,0.000812,0.000187,0.001303,0.000005,0.000668,0.000003,0.000436,4.9526,0.423587,1.065264,0.641677,0.714045,0.075655,-0.00016,0.005472,1538.3005,2156.85,
99,31,true,99,99,0,0,8,-8,5.6569,-21.136007,-26.8964,5.7604,2.473,-32.225393,-39.4776,-44.454113,-36.2147,-46.518402,-41.7277,-50.061747,-47.7655,-54.933689,-58.1559,1275.43937,1292.907,1.0137,true,0.07054,0.49426,0.42372,5.5185,0.117073,0.022059,0.020076,0.000285,0.000088,0.00025,0.000004,0.000178,0.000001,0.000122,3.9637,0.424168,1.23208,0.807912,0.714103,-0.004464,-0.000137,0.004251,1822.507882,1701.8897,
99,36,true,99,99,0,0,8,-8,5.6712,-20.312399,-25.9553,5.6429,2.449,-31.577215,-38.4531,-43.84236,-35.8915,-45.90848,-41.3527,-49.478617,-47.1584,-54.366286,-58.0735,1223.331143,1333.0356,1.0897,true,0.044732,0.547357,0.502625,6.0275,0.121242,0.021053,0.019309,0.000307,0.000198,0.000255,0.000006,0.000148,0.000001,0.000135,4.2264,0.424212,1.251098,0.826886,0.714023,-0.010043,-0.000129,0.002994,1956.622595,1684.2485,
99,40,true,99,99,0,0,6,-6,7.0256,-19.612417,-24.4722,4.8597,0.9716,-31.084835,-40.9448,-43.342652,-33.8156,-45.438898,-38.9916,-49.026048,-45.2284,-53.925871,-56.0643,1045.965674,1244.1966,1.1895,true,0.014733,0.459226,0.444493,5.9361,0.282954,0.018298,0.062302,0.000215,0.000491,0.000169,0.000011,0.000116,0.000001,0.000079,10.3525,0.424244,1.246769,0.822525,0.713962,-0.023218,-0.000127,0.005535,2096.409652,1590.9799,
99,45,true,99,99,0,0,10,-10,4.8344,-18.758638,-22.9618,4.2032,0.3327,-30.473293,-32.8743,-42.638665,-33.0352,-44.80997,-38.3336,-48.429883,-43.9933,-53.38086,-54.4931,1400.502852,1265.4619,1.1067,true,0.082485,0.517938,0.435453,5.5488,0.12139,0.019759,0.025272,0.000171,0.000196,0.000143,0.000007,0.000101,0.000001,0.000072,4.4151,0.425072,1.261148,0.836076,0.714705,-0.053563,-0.000125,0.003046,1996.108246,1560.719,
99,49,true,99,99,0,0,8,-8,5.004,-18.105191,-22.6652,4.56,-0.955,-30.005799,-31.2648,-42.140395,-31.5366,-44.328633,-36.6881,-47.97861,-42.2543,-52.957502,-53.5719,1502.908934,1266.1309,1.187,true,0.097469,0.497526,0.400057,6.3387,0.116851,0.022955,0.039184,0.000223,0.000281,0.000148,0.000008,0.000076,0.000001,0.000055,4.8111,0.425495,1.297079,0.871584,0.715065,-0.066957,-0.000133,0.00314,2108.525275,1508.3028,
99,54,true,99,99,0,0,10,-10,5.1777,-17.376172,-18.9017,1.5255,-2.9673,-29.456622,-28.6433,-41.593724,-28.8035,-43.775695,-33.8686,-47.455105,-39.7185,-52.444708,-51.3308,1474.810184,1299.3276,1.1351,true,0.041187,0.505327,0.46414,6.6227,0.137287,0.023451,0.050965,0.000239,0.000581,0.000077,0.000016,0.000063,0.000001,0.000046,5.9542,0.425459,1.349881,0.924422,0.714947,-0.082143,-0.000129,0.00309,2446.036378,1447.7384,
99,61,true,99,99,0,0,14,-14,5.0111,-16.391172,-16.5635,0.1724,-4.3237,-28.693236,-25.9886,-40.679742,-26.4406,-42.957251,-31.5091,-46.683897,-37.5909,-51.733732,-50.0828,1689.24883,1398.8568,1.2076,true,0.063451,0.601046,0.537595,7.4421,0.170056,0.029657,0.067063,0.000342,0.000899,0.000072,0.000021,0.000055,0.000001,0.000043,7.4515,0.426367,1.398018,0.971651,0.71579,-0.097011,-0.000123,0.003064,2646.79758,1431.1267,
99,69,true,99,99,0,0,12,-12,4.8742,-15.319263,-15.1543,-0.165,-4.4192,-27.834115,-24.6838,-39.628003,-25.2523,-41.987653,-30.1805,-45.800605,-36.6121,-50.935467,-49.6412,2117.086644,1470.9834,1.4392,true,0.120339,0.683815,0.563476,7.8943,0.138616,0.030564,0.07388,0.000442,0.001269,0.000072,0.000023,0.000047,0.000001,0.000045,8.0329,0.427832,1.416839,0.989007,0.717237,-0.102876,-0.000128,0.003022,2923.576134,1415.842,
99,77,true,99,99,0,0,14,-14,4.7289,-14.155786,-13.0828,-1.0729,-5.5857,-27.038545,-22.5392,-38.779692,-22.7047,-41.11244,-27.7332,-44.999906,-34.6449,-50.161905,-47.9183,2598.327798,1590.7314,1.6334,true,0.034955,0.751276,0.716321,8.1114,0.129172,0.035862,0.279605,0.000492,0.004428,0.000062,0.000072,0.000036,0.000002,0.000025,27.6025,0.427802,1.425898,0.998096,0.717181,-0.144853,-0.000176,0.003023,3834.007055,1407.5456,
99,85,true,99,99,0,0,14,-14,4.7452,-13.037864,-12.2781,-0.7598,-5.344,-26.208127,-21.796,-37.689312,-21.8388,-40.137878,-26.8173,-44.135039,-34.0217,-49.394201,-47.5721,3432.791387,1619.6916,2.1194,true,0.063505,0.768416,0.704911,8.2912,0.413685,0.037051,0.528207,0.000575,0.009053,0.000085,0.000131,0.000037,0.000007,0.000025,50.8943,0.429192,1.426457,0.997265,0.718639,-0.148579,-0.000149,0.004481,4093.234448,1407.3929,
99,93,true,99,99,0,0,10,-10,4.3105,-11.761583,-10.0318,-1.7297,-6.0369,-25.28549,-19.8357,-36.259694,-19.8382,-39.014655,-24.8921,-43.179475,-32.3733,-48.630517,-46.311,3832.269091,1680.1689,2.2809,true,0.219183,0.749181,0.529998,8.4867,0.256321,0.03682,0.246343,0.0007,0.006121,0.00012,0.00008,0.000042,0.000004,0.00002,23.9573,0.433027,1.460481,1.027454,0.72267,-0.160089,-0.000133,0.004485,4034.034894,1411.7156,
99,101,true,99,99,0,0,10,-10,3.6339,-10.409707,-8.7308,-1.6789,-5.8348,-24.319136,-18.1754,-34.768389,-18.6573,-37.853211,-23.7886,-42.236421,-31.6324,-47.884154,-45.4006,4272.045655,1692.3931,2.5243,true,0.32453,0.735788,0.411258,8.1205,0.140655,0.040584,0.259416,0.000741,0.006731,0.000155,0.000079,0.000047,0.000004,0.000023,25.083,0.437248,1.449157,1.011909,0.727156,-0.184601,-0.000156,0.004448,4183.604395,1421.4852,
99,109,true,99,99,0,0,12,-12,3.2589,-9.086987,-6.7693,-2.3177,-6.5399,-23.31829,-15.8451,-33.269739,-16.7161,-36.657806,-21.8687,-41.338941,-30.0298,-47.163551,-43.794,4761.865065,1706.4923,2.7904,true,0.380517,0.703265,0.322748,7.9396,0.132788,0.051474,0.310996,0.001365,0.009071,0.000221,0.000089,0.000094,0.000007,0.000019,28.2443,0.441106,1.466372,1.025266,0.731373,-0.202015,-0.000161,-0.000723,4265.050236,1502.9912,
99,117,true,99,99,0,0,10,-10,2.8961,-7.800002,-4.2434,-3.5566,-7.3383,-22.24915,-13.6584,-31.688262,-14.2889,-35.399548,-19.6479,-40.478107,-28.3706,-46.476759,-43.1231,5284.095456,1868.0848,2.8286,true,0.42121,0.810389,0.389179,8.7539,0.189623,0.072421,0.384283,0.00238,0.012479,0.000274,0.000107,0.000111,0.000014,0.000019,31.8484,0.444999,1.493165,1.048166,0.735748,-0.219444,-0.000155,0.001223,4316.153854,1474.9863,
99,124,true,99,99,0,0,10,-10,3.0356,-6.722382,-1.5163,-5.2061,-9.6513,-21.198844,-10.6648,-30.114874,-11.3029,-34.191123,-16.6315,-39.782414,-25.3618,-45.958864,-40.4658,6145.935533,2016.0775,3.0485,true,0.475623,0.887076,0.411453,8.9275,0.257197,0.073733,0.497491,0.002299,0.016329,0.000247,0.000173,0.000094,0.00003,0.000015,41.2628,0.44909,1.509153,1.060063,0.740424,-0.221227,-0.000155,0.001226,4693.673465,1437.0769,
100,14,false,99,102,0.3333,0,3.3333,-3.3333,6.8212,-23.846553,-31.3421,7.4956,7.6711,-34.472878,-50.8623,-46.878401,-41.404,-48.865246,-48.1303,-52.484493,-55.3863,-57.474974,-60.5479,931.572239,1204.7835,1.2933,true,0.028586,0.180572,0.151986,3.6367,0.019968,0.038179,0.001611,0.000922,0.000551,0.001135,0.000347,0.000661,0.000136,0.000469,1.6077,0.435231,1.046919,0.611688,0.727662,0.049911,0.001365,0.00538667,1620.051094,2226.21,
100,31,false,99,102,0.3333,0,8,-8,5.1598,-20.760491,-25.2349,4.4744,2.0646,-31.978576,-36.9932,-44.477265,-34.9659,-46.611451,-41.4617,-50.302664,-47.598,-55.358644,-56.2755,857.111076,1343.9054,1.5679,true,0.009153,0.42616,0.417007,3.6215,0.041944,0.026277,0.002199,0.000334,0.00104,0.000276,0.000448,0.000206,0.000211,0.000148,1.4319,0.435295,1.156925,0.72163,0.727197,-0.007019,0.001443,0.004758,1913.619414,1826.0407,
100,36,false,99,102,0.3333,0,8,-8,5.2177,-20.022735,-23.7159,3.6932,1.3283,-31.319863,-36.3574,-43.789322,-33.6861,-45.967609,-40.1243,-49.691094,-46.2501,-54.788788,-55.528,1181.865312,1403.7661,1.1878,true,0.053439,0.506094,0.452655,4.1801,0.011196,0.025446,0.001268,0.000306,0.000739,0.000245,0.000226,0.000164,0.000133,0.00013,1.6723,0.435846,1.180677,0.744831,0.72763,-0.007906,0.001489,0.00398433,1859.118029,1769.0173,
100,40,false,99,102,0.3333,0,6.6667,-6.6667,5.5744,-19.340263,-22.4054,3.0651,0.0547,-30.825118,-38.2693,-43.294671,-31.9516,-45.484123,-38.0931,-49.236298,-44.5217,-54.34788,-54.0644,1255.034946,1334.1523,1.063,true,0.045651,0.456908,0.411257,4.4311,0.022508,0.023232,0.001492,0.000231,0.000668,0.000179,0.000188,0.000132,0.000123,0.000082,1.1233,0.435995,1.180065,0.74407,0.727686,-0.015068,0.001427,0.00568767,1996.836857,1687.6089,
100,45,false,99,102,0.3333,0,9.3333,-9.3333,4.2212,-18.532645,-21.0038,2.4712,-0.6763,-30.236341,-31.9774,-42.688454,-31.1617,-44.916678,-37.2971,-48.684984,-43.2394,-53.812174,-52.2478,1032.608559,1350.7495,1.3081,true,0.013545,0.497433,0.483888,3.8812,0.03637,0.023992,0.003174,0.00019,0.001495,0.000151,0.000269,0.000106,0.000185,0.000079,1.3641,0.436082,1.187816,0.751734,0.727659,-0.040191,0.001453,0.00405267,2186.369869,1648.936,
100,49,false,99,102,0.3333,0,9.3333,-9.3333,4.0333,-17.941658,-20.4703,2.5286,-1.8985,-29.767301,-29.8076,-42.153663,-29.9417,-44.428944,-35.9622,-48.225941,-41.5582,-53.391045,-51.2303,1451.616834,1350.9657,1.0745,true,0.044153,0.481119,0.436966,4.507,0.027443,0.025792,0.004963,0.0002,0.001149,0.000137,0.00029,0.000088,0.000114,0.000063,1.467,0.43666,1.20706,0.7704,0.728168,-0.048308,0.001454,0.00411767,2341.043812,1597.862,
100,54,false,99,102,0.3333,0,10.6667,-10.6667,4.0223,-17.144161,-17.5261,0.3819,-3.3828,-29.200677,-27.4438,-41.520758,-27.7764,-43.823222,-33.7884,-47.668934,-39.5168,-52.874882,-49.8225,1622.906119,1394.6049,1.1637,true,0.071352,0.511199,0.439847,5.0997,0.021857,0.025733,0.005244,0.000203,0.000997,0.000087,0.00021,0.000075,0.000077,0.000056,1.494,0.437334,1.254776,0.817442,0.728767,-0.053651,0.001456,0.00420933,2447.490242,1544.276,
100,61,false,99,102,0.3333,0,14,-14,3.8915,-16.110945,-15.7955,-0.3154,-4.2878,-28.458976,-25.2751,-40.71556,-26.1893,-43.048096,-32.1283,-46.93855,-37.8815,-52.170546,-48.7675,1666.016147,1451.6253,1.1477,true,0.031391,0.551484,0.520093,5.654,0.015134,0.030033,0.008986,0.000258,0.001386,0.000083,0.000306,0.00007,0.000117,0.00005,1.8509,0.43761,1.282565,0.844955,0.728938,-0.067191,0.001513,0.004196,2874.614978,1529.7074,
100,69,false,99,102,0.3333,0,11.3333,-11.3333,3.8386,-15.150174,-14.2273,-0.9229,-4.5814,-27.61223,-24.0067,-39.672288,-24.7401,-42.109517,-30.6015,-46.07135,-36.7207,-51.380939,-47.9408,2154.546785,1538.9001,1.4001,true,0.058839,0.63348,0.574641,5.9106,0.037354,0.029937,0.012151,0.000285,0.001793,0.000071,0.000422,0.000055,0.000105,0.000044,2.1538,0.438836,1.294642,0.855806,0.730108,-0.079416,0.001483,0.00418533,3183.8948,1511.2309,
100,77,false,99,102,0.3333,0,12.6667,-12.6667,4.0235,-14.023322,-12.4658,-1.5575,-5.3006,-26.789145,-22.3651,-38.682673,-22.6851,-41.169682,-28.6108,-45.224155,-35.1543,-50.606911,-46.5648,2519.644767,1619.6279,1.5557,true,0.070931,0.685689,0.614758,6.0278,0.023397,0.032576,0.01492,0.000301,0.002545,0.000071,0.000508,0.000041,0.000089,0.000031,2.4191,0.439916,1.301863,0.861947,0.731165,-0.107066,0.001508,0.00418833,3606.176654,1495.7572,
100,85,false,99,102,0.3333,0,14.6667,-14.6667,3.8058,-12.884924,-11.7605,-1.1245,-5.2278,-26.002744,-21.3052,-37.758102,-21.9326,-40.275121,-27.6745,-44.415499,-34.4184,-49.846695,-46.0742,3309.902004,1653.3147,2.002,true,0.024354,0.70103,0.676676,6.2246,0.07924,0.032652,0.048779,0.000459,0.009443,0.000091,0.001676,0.000046,0.000223,0.000029,5.6201,0.440231,1.302591,0.86236,0.731463,-0.114418,0.001491,0.00512933,4472.47158,1507.5345,
100,93,false,99,102,0.3333,0,10.6667,-10.6667,3.697,-11.454837,-9.5808,-1.8741,-6.1062,-25.164913,-19.2415,-36.575744,-19.8745,-39.272909,-25.7652,-43.56321,-32.6877,-49.097408,-44.5881,4129.923846,1742.6157,2.37,true,0.061407,0.733245,0.671838,6.3661,0.064332,0.031894,0.061884,0.000429,0.013532,0.000099,0.002443,0.000042,0.000271,0.000022,6.8928,0.441971,1.323447,0.881476,0.733274,-0.123372,0.001504,0.00339967,4677.253103,1488.5195,
100,101,false,99,102,0.3333,0,10,-10,3.6407,-9.9773,-8.4028,-1.5745,-6.1003,-24.2282,-18.0376,-35.103164,-18.5654,-38.11373,-24.612,-42.662325,-31.7927,-48.364045,-43.65,4604.912067,1740.4202,2.6459,true,0.174632,0.707435,0.532803,6.1556,0.056982,0.035188,0.034427,0.000467,0.008635,0.000109,0.001575,0.000044,0.000146,0.000024,4.2443,0.445743,1.320749,0.875006,0.737239,-0.145615,0.001486,0.00338133,4618.559603,1495.6952,
100,109,false,99,102,0.3333,0,12,-12,3.4184,-8.494353,-6.9592,-1.5351,-6.404,-23.219486,-16.0134,-33.486348,-17.2769,-36.905697,-23.2141,-41.77274,-30.5995,-47.661099,-42.3699,5130.414082,1731.7434,2.9626,true,0.274376,0.661467,0.387091,5.882,0.046289,0.042531,0.029253,0.000717,0.008273,0.000144,0.002396,0.000072,0.000175,0.000023,3.6626,0.450319,1.331399,0.88108,0.74209,-0.162515,0.001486,-0.00006933,4798.050481,1553.8213,
100,117,false,99,102,0.3333,0,10,-10,3.2749,-7.007767,-4.3608,-2.6469,-7.5398,-22.135222,-13.4398,-31.743868,-14.6447,-35.665062,-20.7726,-40.93779,-28.6287,-47.018548,-41.1804,5740.412534,1910.4512,3.0047,true,0.358477,0.771904,0.413427,6.4709,0.046388,0.056446,0.03631,0.001343,0.010849,0.000187,0.005227,0.000074,0.000248,0.000019,4.0826,0.455211,1.355643,0.900432,0.747338,-0.173723,0.001515,0.000902,5002.266297,1533.8266,
100,124,false,99,102,0.3333,0,11.3333,-11.3333,2.8455,-5.719374,-1.5195,-4.1999,-9.7161,-21.107092,-10.6639,-30.122852,-11.5332,-34.57806,-17.8534,-40.32745,-25.8421,-46.583951,-38.6901,6364.51139,2062.1739,3.0863,true,0.440715,0.838535,0.39782,6.5915,0.055112,0.064104,0.058625,0.00155,0.015288,0.000193,0.012324,0.000072,0.000486,0.000016,5.9418,0.459622,1.370843,0.911221,0.75212,-0.174073,0.001505,0.000917,5183.655159,1519.5528,
101,14,false,99,102,0.6667,0,2.6667,-2.6667,7.4091,-23.588409,-28.5331,4.9447,5.4356,-34.218872,-52.5236,-46.879502,-38.3237,-48.959879,-45.1905,-52.725247,-53.3916,-57.917405,-57.7131,664.103009,1290.6674,1.9435,true,0.005251,0.173985,0.168734,4.4357,0.054028,0.036876,0.012127,0.001048,0.007358,0.000989,0.005194,0.000653,0.003665,0.000505,2.0029,0.446564,1.028574,0.58201,0.740579,0.024168,0.000032,0.00530133,1622.469883,2297.8005,
101,31,false,99,102,0.6667,0,8,-8,5.7718,-20.434533,-23.5734,3.1389,1.6635,-31.723506,-34.5088,-44.449745,-33.717,-46.685113,-41.1957,-50.536239,-47.4305,-55.804003,-54.395,1035.299987,1396.9154,1.3493,true,0.026432,0.358059,0.331627,2.3836,0.032182,0.031301,0.007477,0.000392,0.004606,0.000305,0.003249,0.000238,0.001957,0.000181,1.6818,0.446862,1.081771,0.634909,0.740362,-0.009575,0.000356,0.005265,1780.439376,1959.2484,
101,36,false,99,102,0.6667,0,8,-8,6.0678,-19.667346,-21.4765,1.8092,0.159,-31.079899,-34.2617,-43.821368,-31.4807,-46.086181,-38.896,-49.952256,-45.3419,-55.239293,-52.9824,889.852763,1478.2494,1.6612,true,0.008589,0.464831,0.456242,2.5799,0.056587,0.030755,0.009695,0.000305,0.006457,0.000235,0.00518,0.000182,0.003523,0.000125,1.9112,0.446977,1.110257,0.66328,0.740342,-0.005769,-0.000261,0.00497467,1912.73449,1858.0525,
101,40,false,99,102,0.6667,0,7.3333,-7.3333,5.9336,-19.115099,-20.3386,1.2235,-0.8993,-30.579117,-35.5939,-43.287563,-30.0876,-45.589825,-37.1946,-49.483645,-43.8151,-54.798422,-52.0645,1035.915496,1430.6118,1.381,true,0.030822,0.45459,0.423768,2.9346,0.02446,0.029497,0.009185,0.000248,0.004615,0.000189,0.00322,0.000151,0.002209,0.000085,1.8721,0.447359,1.113362,0.666003,0.740631,-0.006918,-0.000011,0.00584033,1789.992241,1790.1066,
101,45,false,99,102,0.6667,0,8.6667,-8.6667,5.2616,-18.270375,-19.0458,0.7754,-1.6678,-29.984666,-31.0806,-42.656399,-29.2881,-44.989872,-36.2607,-48.92255,-42.4855,-54.262875,-50.0025,1192.512947,1441.7852,1.209,true,0.035908,0.476927,0.441019,2.2921,0.028238,0.029133,0.005203,0.000212,0.004363,0.00016,0.002938,0.000112,0.001951,0.000087,1.4887,0.447712,1.114483,0.666771,0.740869,-0.02682,-0.000124,0.00505933,1952.543257,1742.1392,
101,49,false,99,102,0.6667,0,10.6667,-10.6667,4.7778,-17.661501,-18.2753,0.6138,-2.8583,-29.531669,-28.3504,-42.191265,-28.3469,-44.543527,-35.2363,-48.489606,-40.862,-53.845725,-48.8886,1028.511063,1441.4846,1.4015,true,0.015015,0.464711,0.449696,2.6704,0.032295,0.028979,0.007537,0.000179,0.004398,0.000127,0.00319,0.000101,0.003183,0.000072,1.7228,0.44785,1.117042,0.669192,0.740915,-0.029658,0.000538,0.00509533,2063.482255,1692.739,
101,54,false,99,102,0.6667,0,11.3333,-11.3333,4.9315,-16.965786,-16.1505,-0.8152,-3.8567,-28.97195,-26.2442,-41.56705,-26.7492,-43.962789,-33.7081,-47.941116,-39.3152,-53.332585,-48.3142,1300.57698,1496.8687,1.1509,true,0.023955,0.517072,0.493117,3.6076,0.042384,0.028238,0.010422,0.000173,0.004988,0.000098,0.002815,0.000089,0.001896,0.000068,2.0075,0.448367,1.159672,0.711305,0.741338,-0.025158,0.000333,0.00532867,2319.392282,1647.2509,
101,61,false,99,102,0.6667,0,14,-14,4.7556,-15.824609,-15.0275,-0.7971,-4.2425,-28.212394,-24.5615,-40.680772,-25.938,-43.1303,-32.7475,-47.183952,-38.1721,-52.628906,-47.4521,1714.177264,1506.3843,1.1379,true,0.049741,0.501922,0.452181,3.835,0.042949,0.030414,0.010151,0.000194,0.005343,0.000096,0.002837,0.000088,0.001317,0.000058,1.9768,0.449269,1.167111,0.717842,0.742136,-0.03737,-0.000261,0.005328,2574.202396,1635.0786,
101,69,false,99,102,0.6667,0,10.6667,-10.6667,4.7415,-14.732799,-13.3003,-1.4325,-4.7519,-27.39088,-23.3297,-39.745483,-24.2279,-42.240789,-31.0226,-46.350377,-36.8292,-51.845207,-46.2404,1844.13607,1609.9526,1.1455,true,0.027285,0.583145,0.55586,3.9163,0.027212,0.029322,0.023196,0.000183,0.004387,0.000069,0.002571,0.000064,0.001439,0.000044,3.2599,0.449896,1.172444,0.722548,0.742655,-0.055955,0.000405,0.00534867,3048.270441,1613.0464,
101,77,false,99,102,0.6667,0,11.3333,-11.3333,4.8333,-13.862346,-11.8488,-2.0135,-5.0692,-26.565721,-22.1911,-38.720928,-22.6655,-41.298032,-29.4884,-45.502118,-35.6636,-51.074993,-45.2114,2480.857609,1649.0492,1.5044,true,0.047028,0.620102,0.573074,3.9749,0.043216,0.029591,0.026582,0.000185,0.005749,0.000082,0.002373,0.000046,0.00129,0.000038,3.5919,0.4511,1.177827,0.726727,0.743812,-0.069278,-0.000307,0.00535367,3447.06732,1589.4971,
101,85,false,99,102,0.6667,0,15.3333,-15.3333,4.5738,-12.750106,-11.2428,-1.5073,-5.0903,-25.759159,-20.8145,-37.732889,-22.0264,-40.358827,-28.5316,-44.674584,-34.815,-50.317451,-44.5763,3010.462388,1687.6359,1.7838,true,0.045758,0.633643,0.587885,4.1183,0.046061,0.028776,0.039905,0.000366,0.011131,0.000098,0.002114,0.000056,0.001311,0.000033,4.8143,0.452072,1.178724,0.726652,0.744758,-0.080256,-0.000076,0.00577767,3938.128323,1614.8017,
101,93,false,99,102,0.6667,0,11.3333,-11.3333,4.1239,-11.5051,-9.1297,-2.3754,-6.0857,-24.950237,-18.6473,-36.711589,-19.9108,-39.388162,-26.6383,-43.857174,-33.0022,-49.573758,-42.8651,4038.090859,1807.3836,2.2342,true,0.036598,0.717309,0.680711,4.1464,0.288469,0.027626,0.190947,0.000263,0.048851,0.000082,0.00816,0.000041,0.003901,0.000024,19.5802,0.453085,1.186414,0.733329,0.745775,-0.086656,-0.000145,0.00231433,4628.538939,1569.5019,
101,101,false,99,102,0.6667,0,10,-10,3.8002,-10.053223,-8.0748,-1.9784,-6.2916,-24.078688,-17.8997,-35.482496,-18.4735,-38.310939,-25.4354,-43.013959,-31.953,-48.844866,-41.8995,4558.078901,1789.8103,2.5467,true,0.079376,0.679083,0.599707,4.1155,0.249942,0.030509,0.230039,0.000295,0.0619,0.000077,0.009396,0.000042,0.004039,0.000026,23.3164,0.45524,1.192342,0.737102,0.748011,-0.10663,0.000811,0.00231467,4579.369161,1573.7794,
101,109,false,99,102,0.6667,0,12,-12,3.3406,-8.599058,-7.1492,-1.4499,-6.1926,-23.074014,-16.1816,-33.923204,-17.8377,-37.002065,-24.5596,-42.131073,-31.1692,-48.13804,-40.9457,4847.351242,1757.3682,2.7583,true,0.186567,0.619669,0.433102,3.7696,0.187441,0.035142,0.166395,0.000377,0.049897,0.000094,0.009193,0.000055,0.003057,0.000027,16.9989,0.459514,1.196427,0.736913,0.752517,-0.123014,0.000467,0.00058433,4165.779742,1606.3705,
101,117,false,99,102,0.6667,0,10,-10,2.9971,-7.136759,-4.4783,-2.6584,-7.5802,-21.927467,-13.2212,-32.145215,-15.0004,-35.531547,-21.8973,-41.236343,-28.8868,-47.468547,-39.2376,5363.708007,1953.7785,2.7453,true,0.30907,0.73342,0.42435,4.1186,0.260607,0.043995,0.184495,0.000758,0.052943,0.000128,0.009859,0.000049,0.003912,0.000019,18.0787,0.465339,1.21812,0.752781,0.758692,-0.128003,0.003989,0.000581,4254.899831,1595.0141,
101,124,false,99,102,0.6667,0,12.6667,-12.6667,2.7313,-5.859525,-1.5227,-4.3368,-9.4193,-20.761955,-10.663,-30.390646,-11.7636,-34.116607,-19.0753,-40.510983,-26.3224,-46.995366,-36.9145,6153.461473,2109.3243,2.9173,true,0.435448,0.789994,0.354546,4.1077,0.455173,0.055732,0.226909,0.001044,0.074976,0.000151,0.034227,0.000055,0.005358,0.000018,21.4505,0.471664,1.232533,0.760869,0.76542,-0.126918,0.004434,0.000608,4666.335178,1606.762,
102,14,true,102,102,0,0,2,-2,8.0321,-23.268683,-25.724,2.4553,3.1879,-33.96576,-54.1849,-46.873921,-35.2434,-49.057482,-42.2508,-52.978238,-51.3969,-58.386568,-54.8784,783.888503,1382.6737,1.7639,true,0.013622,0.167399,0.153777,5.2254,0.068587,0.035618,0.030688,0.00119,0.029292,0.000861,0.0149,0.000646,0.009487,0.000544,3.6361,0.458033,1.010229,0.552196,0.75326,-0.001576,0.002214,0.005216,1574.731206,2371.6932,
102,31,true,102,102,0,0,8,-8,6.3333,-20.156492,-21.9119,1.7555,1.2294,-31.478658,-32.0244,-44.464139,-32.4682,-46.805526,-40.9297,-50.802817,-47.2629,-56.279299,-52.5146,814.422593,1452.0164,1.7829,true,0.013801,0.289959,0.276158,2.3359,0.064098,0.037286,0.041637,0.000459,0.017143,0.000337,0.010035,0.000275,0.008652,0.00022,4.9371,0.458219,1.006616,0.548397,0.752934,-0.01213,0.002279,0.005772,1679.276294,2102.1734,
102,36,true,102,102,0,0,8,-8,6.9949,-19.362476,-19.2371,-0.1253,-1.0087,-30.832294,-32.1659,-43.809047,-29.2754,-46.184879,-37.6676,-50.211672,-44.4337,-55.714688,-50.4369,996.217152,1556.6848,1.5626,true,0.021583,0.423568,0.401985,2.7393,0.074269,0.037172,0.036715,0.000304,0.016587,0.000226,0.010411,0.000201,0.007812,0.000121,4.5337,0.458482,1.039836,0.581354,0.753064,-0.003632,0.002213,0.005965,1833.387368,1951.569,
102,40,true,102,102,0,0,8,-8,6.6696,-18.780794,-18.2718,-0.509,-1.8835,-30.341744,-32.9185,-43.331132,-28.2236,-45.718432,-36.296,-49.761231,-43.1085,-55.277009,-50.0645,865.239211,1534.0454,1.773,true,0.007546,0.452272,0.444726,2.7696,0.068203,0.037451,0.029804,0.000266,0.020006,0.0002,0.009545,0.000172,0.007754,0.000088,3.8773,0.458619,1.046658,0.588039,0.753092,0.001232,0.002253,0.005993,1940.287159,1898.8295,
102,45,true,102,102,0,0,8,-8,6.2393,-18.052453,-17.0878,-0.9647,-2.6944,-29.745356,-30.1837,-42.668489,-27.4146,-45.116465,-35.2243,-49.195306,-41.7316,-54.743,-47.7572,1050.601536,1538.9564,1.4648,true,0.023386,0.456422,0.433036,2.4285,0.074981,0.035375,0.026761,0.000236,0.01492,0.00017,0.010431,0.000118,0.006439,0.000095,3.5913,0.459058,1.041151,0.582093,0.753411,-0.013448,0.002244,0.006066,1943.260628,1840.6106,
102,49,true,102,102,0,0,12,-12,5.6982,-17.414045,-16.0803,-1.3337,-3.8164,-29.285425,-26.8933,-42.164866,-26.752,-44.640228,-34.5103,-48.751535,-40.1659,-54.325881,-46.5469,1230.345784,1538.0686,1.2501,true,0.03324,0.448304,0.415064,1.5443,0.065394,0.03256,0.038295,0.000161,0.016257,0.000117,0.00983,0.000117,0.005711,0.000083,4.753,0.459423,1.027023,0.5676,0.753685,-0.011009,0.002206,0.006073,2036.390184,1793.2495,
102,54,true,102,102,0,0,12,-12,5.9042,-16.683498,-14.775,-1.9085,-4.3378,-28.738017,-25.0446,-41.601329,-25.7221,-44.085912,-33.6279,-48.220641,-39.1135,-53.815624,-46.8059,1116.957984,1606.6314,1.4384,true,0.014948,0.522944,0.507996,2.0974,0.084961,0.030986,0.036226,0.000147,0.019954,0.000111,0.009996,0.000105,0.005943,0.000082,4.5556,0.459701,1.064567,0.604866,0.753844,0.003334,0.002282,0.006448,2224.773325,1757.0923,
102,61,true,102,102,0,0,14,-14,5.5298,-15.560777,-14.2595,-1.3013,-4.2424,-27.98784,-23.8479,-40.730446,-25.6867,-43.28474,-33.3668,-47.474495,-38.4628,-53.116013,-46.1367,1261.884495,1563.209,1.2388,true,0.021359,0.45236,0.431001,2.0324,0.145145,0.030799,0.056158,0.000146,0.022299,0.00011,0.008481,0.000111,0.006702,0.000068,6.5206,0.460432,1.051658,0.591226,0.754441,-0.00755,0.002245,0.00646,2463.66873,1747.7082,
102,69,true,102,102,0,0,10,-10,5.7119,-14.317153,-12.3733,-1.9438,-4.9214,-27.155008,-22.6527,-39.741071,-23.7157,-42.355548,-31.4436,-46.628452,-36.9378,-52.334853,-44.54,1826.776848,1684.2856,1.0846,true,0.035574,0.53281,0.497236,1.8958,0.143275,0.02872,0.065595,0.000118,0.024798,0.000068,0.00729,0.000074,0.005467,0.000043,7.4713,0.461405,1.050247,0.588842,0.755295,-0.032495,0.002281,0.006512,2918.617774,1721.7214,
102,77,true,102,102,0,0,10,-10,5.6939,-13.266198,-11.2318,-2.0344,-4.8604,-26.349503,-22.0171,-38.784497,-22.646,-41.449757,-30.366,-45.802655,-36.173,-51.569156,-43.8579,2252.913354,1679.005,1.3418,true,0.029094,0.554515,0.525421,1.9184,0.320064,0.026879,0.097295,0.000113,0.050152,0.000095,0.007878,0.000052,0.008787,0.000047,10.6096,0.462272,1.053792,0.59152,0.756063,-0.031491,0.002301,0.006519,3441.579065,1689.1117,
102,85,true,102,102,0,0,16,-16,5.3229,-12.346745,-10.7251,-1.6216,-4.991,-25.536357,-20.3237,-37.729624,-22.1201,-40.500902,-29.3887,-44.971945,-35.2117,-50.816099,-43.0783,2854.575756,1722.6695,1.6571,true,0.043844,0.566257,0.522413,2.0225,0.404473,0.02536,0.149254,0.000292,0.057536,0.000105,0.006931,0.000069,0.010217,0.000038,15.4736,0.463475,1.054858,0.591383,0.757215,-0.046095,0.002024,0.006426,3817.559297,1729.7013,
102,93,true,102,102,0,0,12,-12,4.6925,-11.448704,-8.6786,-2.7701,-6.0661,-24.731108,-18.0532,-36.67733,-19.9471,-39.562739,-27.5115,-44.151938,-33.3166,-50.076579,-41.1421,3457.368196,1874.5587,1.8444,true,0.042893,0.701373,0.65848,1.9009,0.648612,0.02393,0.22219,0.000161,0.091756,0.000068,0.007426,0.000041,0.017357,0.000026,22.8511,0.464574,1.04938,0.584806,0.758273,-0.049939,0.002112,0.001229,4247.470634,1654.8902,
102,101,true,102,102,0,0,10,-10,4.1812,-10.178721,-7.7469,-2.4319,-6.4462,-23.893635,-17.7619,-35.46371,-18.3816,-38.553868,-26.2588,-43.3288,-32.1134,-49.3534,-40.1489,4381.839648,1840.602,2.3807,true,0.056449,0.65073,0.594281,2.011,0.888111,0.026453,0.320267,0.000186,0.124425,0.000054,0.012007,0.000039,0.022605,0.000027,32.4236,0.466225,1.063934,0.597709,0.759924,-0.067644,0.001672,0.001248,4581.92359,1655.9401,
102,109,true,102,102,0,0,12,-12,3.6026,-8.836514,-7.3392,-1.4973,-5.9903,-22.976757,-16.3499,-34.00321,-18.3986,-37.450182,-25.905,-42.498434,-31.7389,-48.65239,-39.5216,5074.506576,1783.3722,2.8455,true,0.10365,0.577871,0.474221,1.6288,0.806956,0.029037,0.308245,0.000198,0.119704,0.000061,0.009804,0.000042,0.021325,0.000032,31.2066,0.468929,1.061454,0.592525,0.762704,-0.083514,0.001631,0.001238,4705.69079,1660.6967,
102,117,true,102,102,0,0,10,-10,2.9997,-7.561901,-4.5958,-2.9661,-7.7488,-21.91306,-13.0026,-32.204968,-15.3561,-36.177595,-23.0221,-41.663041,-29.145,-47.990575,-37.2949,5607.473741,1998.0884,2.8064,true,0.193202,0.694935,0.501733,1.8224,0.760298,0.03429,0.305265,0.000428,0.122227,0.000087,0.011299,0.000033,0.021644,0.000019,30.2325,0.473344,1.080598,0.607254,0.76731,-0.082282,0.001589,0.00026,4708.772403,1658.6426,
102,124,true,102,102,0,0,14,-14,2.9034,-6.518355,-1.526,-4.9924,-9.3885,-20.831764,-10.6622,-30.393875,-11.9939,-34.933559,-20.2973,-40.960462,-26.8027,-47.48027,-35.1389,6110.045334,2157.5528,2.8319,true,0.298455,0.741453,0.442998,1.8164,0.766588,0.048454,0.307259,0.000704,0.128696,0.000118,0.024057,0.000042,0.021543,0.000019,29.6393,0.478534,1.094223,0.615689,0.772752,-0.079764,0.001419,0.000299,4772.710984,1698.9763,
103,14,false,102,105,0.3333,0,3.3333,-3.3333,8.3342,-22.962268,-30.9929,8.0307,6.5388,-33.721179,-58.4483,-46.913196,-40.7425,-49.192347,-46.5352,-53.263446,-55.0329,-58.885453,-58.5791,520.214851,1247.4386,2.3979,true,0.003673,0.124143,0.12047,4.4266,0.141585,0.015203,0.113189,0.001205,0.065028,0.000862,0.04729,0.000581,0.027302,0.000508,10.994,0.469402,0.971684,0.502282,0.765465,-0.005317,0.00178,-0.00088833,1402.073626,2361.1477,
103,31,false,102,105,0.3333,0,8,-8,5.7021,-19.90561,-25.3688,5.4632,4.0468,-31.238505,-37.6487,-44.510305,-35.6276,-46.942185,-43.9125,-51.09104,-50.3686,-56.781943,-56.0846,750.47863,1447.8331,1.9292,true,0.007437,0.340067,0.33263,2.3072,0.214532,0.009643,0.089657,0.00038,0.057593,0.000261,0.040715,0.000181,0.022276,0.000157,11.4306,0.469596,0.92022,0.450624,0.765153,-0.04893,0.001815,0.00112167,1684.230058,2062.8668,
103,36,false,102,105,0.3333,0,8,-8,5.7931,-19.096517,-22.6291,3.5326,1.7494,-30.594069,-36.658,-43.838518,-32.6693,-46.327386,-40.7692,-50.50407,-47.4841,-56.218502,-53.7235,910.157428,1516.0683,1.6657,true,0.012195,0.433351,0.421156,2.5382,0.121871,0.008227,0.065232,0.000249,0.047578,0.000175,0.03128,0.00013,0.017385,0.000082,7.3404,0.469859,0.914307,0.444448,0.765278,-0.05327,0.001729,0.00119867,1857.097407,1932.6497,
103,40,false,102,105,0.3333,0,7.3333,-7.3333,5.5385,-18.483021,-20.4766,1.9935,-0.3976,-30.099728,-36.9092,-43.338848,-30.2996,-45.843238,-37.9421,-50.045604,-44.8788,-55.78125,-51.7908,933.689932,1549.5835,1.6596,true,0.016948,0.487734,0.470786,2.7343,0.162595,0.009452,0.068394,0.000243,0.04897,0.000136,0.031497,0.000101,0.018749,0.000058,8.873,0.470107,0.873909,0.403802,0.765416,-0.063079,0.001785,0.00395867,1818.910072,1864.4803,
103,45,false,102,105,0.3333,0,9.3333,-9.3333,4.5616,-17.730692,-18.8389,1.1082,-1.3442,-29.513858,-31.0343,-42.732779,-29.2272,-45.269729,-36.5116,-49.494042,-43.3805,-55.249842,-49.7195,912.055085,1601.6229,1.7561,true,0.007052,0.534705,0.527653,2.6446,0.136442,0.009406,0.077969,0.000236,0.042653,0.000108,0.032709,0.000067,0.019852,0.00005,8.5941,0.470364,0.860091,0.389727,0.765535,-0.074896,0.001812,0.00397333,2059.277994,1820.4685,
103,49,false,102,105,0.3333,0,11.3333,-11.3333,4.3332,-17.187889,-17.8893,0.7014,-2.3051,-29.055803,-28.8042,-42.217013,-28.4605,-44.800971,-35.6996,-49.054486,-41.9801,-54.833823,-48.5358,1004.57615,1581.3836,1.5742,true,0.013489,0.515644,0.502155,2.0269,0.14277,0.008676,0.093294,0.000184,0.047619,0.000071,0.027236,0.000063,0.020299,0.000047,10.1431,0.470717,0.846987,0.37627,0.765787,-0.074322,0.0017,0.00397633,2055.676804,1783.6879,
103,54,false,102,105,0.3333,0,10.6667,-10.6667,4.8112,-16.459528,-16.6233,0.1638,-3.0119,-28.499235,-28.4595,-41.601466,-27.0865,-44.213376,-34.5591,-48.51183,-40.7306,-54.32426,-48.1198,1252.285281,1642.1885,1.3114,true,0.023407,0.56729,0.543883,1.8731,0.186214,0.008854,0.088099,0.000161,0.038868,0.000069,0.023276,0.000054,0.019985,0.000043,10.4068,0.471213,0.867791,0.396578,0.766163,-0.065886,0.001808,0.00371167,2261.41467,1757.4017,
103,61,false,102,105,0.3333,0,13.3333,-13.3333,4.2462,-15.415379,-15.6899,0.2746,-2.944,-27.762622,-25.5916,-40.794719,-26.7651,-43.439886,-33.9551,-47.778387,-40.0651,-53.627908,-47.4256,1336.9666,1664.3998,1.2449,true,0.010103,0.557478,0.547375,1.7715,0.289153,0.009369,0.100879,0.000161,0.051937,0.000066,0.029998,0.000051,0.020208,0.000035,15.4449,0.471758,0.853887,0.382129,0.766541,-0.070817,0.001647,0.00371667,2660.881701,1749.5033,
103,69,false,102,105,0.3333,0,10.6667,-10.6667,4.5557,-14.095185,-13.6585,-0.4366,-3.61,-26.934452,-24.1746,-39.793893,-24.6194,-42.524735,-31.9525,-46.941126,-38.5618,-52.849483,-45.6338,1786.228741,1797.0238,1.006,true,0.018887,0.642244,0.623357,2.1929,0.197739,0.009713,0.112075,0.000145,0.051792,0.000043,0.018355,0.000035,0.016025,0.000023,12.0335,0.472701,0.844767,0.372066,0.767331,-0.081051,0.001696,0.00376433,3091.667986,1725.7391,
103,77,false,102,105,0.3333,0,10.6667,-10.6667,4.4993,-12.927482,-12.4133,-0.5141,-3.7239,-26.127134,-23.0921,-38.817999,-23.4749,-41.609322,-30.756,-46.113058,-37.6199,-52.086839,-44.7519,2209.829185,1801.1138,1.2269,true,0.023604,0.657231,0.633627,2.3602,0.349562,0.009738,0.195257,0.000147,0.07003,0.000051,0.019938,0.000027,0.020148,0.000024,20.2283,0.473671,0.841877,0.368206,0.768176,-0.073716,0.001701,0.00378367,3547.825223,1703.4001,
103,85,false,102,105,0.3333,0,14.6667,-14.6667,4.2134,-11.835577,-11.4006,-0.435,-4.0986,-25.317446,-21.2527,-37.766216,-22.4987,-40.655306,-29.4636,-45.289818,-36.4219,-51.338162,-43.6111,2986.278932,1839.6494,1.6233,true,0.035999,0.656653,0.620654,2.3238,0.395828,0.010037,0.1946,0.000287,0.081468,0.000049,0.01926,0.000029,0.020995,0.000019,20.2544,0.474889,0.836677,0.361788,0.7693,-0.074959,0.001741,0.00372133,3963.190874,1733.1032,
103,93,false,102,105,0.3333,0,12,-12,3.8396,-10.708811,-9.5497,-1.1591,-4.9182,-24.49342,-19.3818,-36.603198,-20.52,-39.676786,-27.7374,-44.471642,-34.7842,-50.604223,-41.9709,3676.71161,1974.8339,1.8618,true,0.052787,0.758159,0.705372,2.2519,0.440272,0.010222,0.251458,0.000197,0.105464,0.000033,0.024521,0.00002,0.021692,0.000015,25.6395,0.47641,0.829134,0.352724,0.770753,-0.069833,0.000752,0.00088833,4338.477595,1680.2402,
103,101,false,102,105,0.3333,0,10,-10,3.5091,-9.482495,-7.9945,-1.488,-5.5092,-23.647535,-18.2532,-35.310673,-18.6368,-38.669593,-26.152,-43.662617,-33.3841,-49.889155,-40.6734,4488.255509,2001.6217,2.2423,true,0.069008,0.738335,0.669327,2.2392,0.50552,0.012865,0.250598,0.000229,0.094917,0.000031,0.028513,0.000018,0.022529,0.000013,25.4754,0.478364,0.834091,0.355727,0.772644,-0.069675,0.000753,0.0009,4683.324562,1679.8447,
103,109,false,102,105,0.3333,0,12,-12,2.8694,-8.152727,-7.1191,-1.0336,-5.3693,-22.723037,-16.7136,-33.734731,-18.0894,-37.547221,-25.4153,-42.862743,-32.7242,-49.204667,-39.8997,5381.759864,1992.1931,2.7014,true,0.107309,0.693594,0.586285,1.9933,0.474427,0.014091,0.21422,0.000243,0.078924,0.000032,0.022106,0.000019,0.017819,0.000015,21.8896,0.481555,0.830462,0.348907,0.775797,-0.072735,0.000742,0.00086667,4830.483955,1683.0829,
103,117,false,102,105,0.3333,0,10.6667,-10.6667,2.0748,-6.751373,-4.4275,-2.3239,-6.9075,-21.64372,-13.5628,-31.780802,-15.2502,-36.274991,-22.7117,-42.085923,-30.4091,-48.573711,-37.891,6090.67918,2185.2064,2.7872,true,0.181297,0.776249,0.594952,1.8865,0.438648,0.017236,0.175823,0.000448,0.065469,0.000051,0.018127,0.000015,0.014446,0.00001,17.7859,0.486627,0.842,0.355373,0.78088,-0.067496,0.000737,0.00017367,4816.872084,1692.8804,
103,124,false,102,105,0.3333,0,13.3333,-13.3333,1.8217,-5.509843,-1.5398,-3.9701,-8.8923,-20.525848,-10.9487,-29.849373,-11.9351,-35.035764,-19.8299,-41.4596,-27.798,-48.104043,-35.3925,6591.635987,2352.7816,2.8016,true,0.276742,0.816906,0.540164,1.5443,0.42358,0.02134,0.151848,0.000593,0.056284,0.000058,0.015396,0.000015,0.012024,0.000009,15.2786,0.492552,0.84713,0.354578,0.786853,-0.065703,0.000734,0.00020167,4751.965559,1692.0014,
104,14,false,102,105,0.6667,0,4.6667,-4.6667,10.8881,-22.727452,-36.2619,13.5345,9.8706,-33.481072,-62.7117,-46.965237,-46.2415,-49.342922,-50.8197,-53.567667,-58.669,-59.413806,-62.2799,630.50367,1125.4304,1.785,true,0.005359,0.080887,0.075528,3.6246,0.439401,0.006489,0.214951,0.00122,0.173374,0.000864,0.097927,0.000522,0.062793,0.000474,27.2538,0.480818,0.933138,0.45232,0.777349,-0.009059,-0.001569,-0.00699267,1552.752438,2350.649,
104,31,false,102,105,0.6667,0,8,-8,5.0811,-19.72508,-28.8256,9.1006,6.8428,-31.003118,-43.273,-44.554165,-38.7869,-47.101582,-46.8952,-51.400646,-53.4742,-57.313388,-59.6547,697.928413,1443.6619,2.0685,true,0.007079,0.390175,0.383096,2.2799,0.219959,0.002494,0.154943,0.000315,0.084661,0.000203,0.053743,0.00012,0.039762,0.000112,18.4056,0.481018,0.833825,0.352807,0.777049,-0.08573,0.004827,-0.00352867,1632.859403,2024.2953,
104,36,false,102,105,0.6667,0,8,-8,5.2503,-18.878428,-26.021,7.1426,4.4855,-30.362671,-41.15,-43.90445,-36.0631,-46.491291,-43.8709,-50.818338,-50.5346,-56.751424,-57.0101,691.73224,1476.5116,2.1345,true,0.006994,0.443134,0.43614,2.3367,0.19955,0.001821,0.118294,0.000204,0.101798,0.000136,0.057787,0.000084,0.04216,0.000056,17.7271,0.481239,0.788779,0.30754,0.777124,-0.102908,0.003807,-0.00356767,1615.257096,1913.9138,
104,40,false,102,105,0.6667,0,6.6667,-6.6667,6.505,-18.263076,-22.6813,4.4182,1.0549,-29.871049,-40.8999,-43.400813,-32.3756,-46.017549,-39.5882,-50.363421,-46.6491,-56.315179,-53.5171,776.397093,1565.279,2.0161,true,0.006976,0.523195,0.516219,2.715,0.200218,0.002385,0.139256,0.000222,0.084949,0.000093,0.056687,0.00006,0.039889,0.000038,16.9731,0.481469,0.701161,0.219692,0.777238,-0.127391,0.001978,0.00192433,1771.196982,1830.7524,
104,45,false,102,105,0.6667,0,10.6667,-10.6667,5.7516,-17.473055,-20.5901,3.117,-0.0076,-29.281316,-31.8848,-42.771847,-31.0398,-45.42636,-37.7989,-49.806402,-45.0295,-55.784334,-51.6819,881.882131,1666.8413,1.8901,true,0.010948,0.612989,0.602041,2.8505,0.217204,0.002501,0.143845,0.000236,0.105484,0.000068,0.06205,0.000039,0.041522,0.000027,18.1749,0.481824,0.679032,0.197208,0.777448,-0.136345,0.002069,0.00188067,1845.208046,1800.5468,
104,49,false,102,105,0.6667,0,10.6667,-10.6667,5.6408,-16.899891,-19.6983,2.7984,-0.81,-28.829666,-30.7152,-42.29045,-30.1689,-44.971046,-36.889,-49.373583,-43.7943,-55.369823,-50.5246,820.652406,1625.9184,1.9813,true,0.007916,0.582985,0.575069,2.5028,0.333559,0.002312,0.231049,0.00021,0.10566,0.000043,0.081684,0.000034,0.053832,0.000027,27.9049,0.482091,0.666951,0.18486,0.777602,-0.137635,0.004543,0.00187967,1863.738332,1774.1772,
104,54,false,102,105,0.6667,0,9.3333,-9.3333,5.9078,-16.217316,-18.4717,2.2544,-1.7201,-28.278852,-31.8744,-41.68208,-28.4508,-44.402572,-35.4902,-48.837086,-42.3477,-54.861804,-49.4337,957.908284,1678.5326,1.7523,true,0.009177,0.611635,0.602458,2.4229,0.264593,0.00253,0.144257,0.000176,0.084662,0.000043,0.069275,0.000027,0.046874,0.000023,21.9146,0.482531,0.671016,0.188485,0.777903,-0.135107,0.003969,0.00097533,2075.777966,1757.7112,
104,61,false,102,105,0.6667,0,12.6667,-12.6667,5.0516,-15.295146,-17.1204,1.8252,-1.6611,-27.535699,-27.3353,-40.835138,-27.8435,-43.60425,-34.5434,-48.097708,-41.6674,-54.166855,-48.7145,1123.044801,1772.141,1.578,true,0.013496,0.662597,0.649101,2.6305,0.398189,0.00285,0.17115,0.000177,0.078086,0.00004,0.059217,0.000024,0.043431,0.000018,31.7655,0.483227,0.656115,0.172888,0.778417,-0.134084,0.000922,0.00097333,2280.146653,1751.3002,
104,69,false,102,105,0.6667,0,11.3333,-11.3333,4.7485,-14.074373,-14.9438,0.8694,-2.3166,-26.721948,-25.6966,-39.897125,-25.5231,-42.718417,-32.4614,-47.271725,-40.1859,-53.391234,-46.7277,1264.057634,1917.3082,1.5168,true,0.008651,0.751679,0.743028,3.1711,0.40689,0.003285,0.212496,0.000177,0.099481,0.000027,0.055538,0.000017,0.049078,0.000013,31.3805,0.483992,0.639286,0.155294,0.778995,-0.129606,0.012315,0.00101667,2715.548877,1729.7662,
104,77,false,102,105,0.6667,0,11.3333,-11.3333,4.61,-12.889841,-13.5948,0.705,-2.613,-25.921488,-24.1672,-38.931872,-24.3038,-41.817688,-31.1459,-46.448973,-39.0667,-52.630835,-45.6458,1760.794853,1932.1031,1.0973,true,0.010376,0.759948,0.749572,3.2895,0.47408,0.003528,0.222383,0.000191,0.071429,0.000028,0.035964,0.000014,0.029331,0.000012,35.7844,0.484914,0.629963,0.145049,0.779756,-0.115942,0.001186,0.00104833,3199.703779,1717.8094,
104,85,false,102,105,0.6667,0,13.3333,-13.3333,4.3271,-11.830504,-12.076,0.2455,-3.23,-25.125426,-22.1816,-37.937572,-22.8772,-40.899226,-29.5384,-45.631387,-37.6321,-51.883675,-44.1439,2081.806434,1964.5729,1.0597,true,0.016593,0.747049,0.730456,3.3616,0.596091,0.003972,0.241408,0.000281,0.065068,0.000023,0.03893,0.000012,0.032477,0.00001,43.3787,0.485918,0.618495,0.132577,0.780624,-0.103824,0.002207,0.00101667,3509.871753,1736.5118,
104,93,false,102,105,0.6667,0,12,-12,4.1827,-10.848285,-10.4209,-0.4274,-3.7939,-24.306742,-20.7105,-36.851482,-21.0929,-39.920946,-27.9633,-44.814994,-36.2518,-51.150307,-42.7996,2883.881362,2080.4731,1.3862,true,0.035748,0.814944,0.779196,3.3945,0.711811,0.004366,0.314693,0.000242,0.08108,0.000016,0.036963,0.00001,0.042311,0.000009,50.2438,0.487276,0.608888,0.121612,0.781865,-0.089728,0.002852,0.00054767,3848.940272,1705.9786,
104,101,false,102,105,0.6667,0,10,-10,3.7679,-9.747223,-8.2421,-1.5052,-4.5825,-23.473172,-18.7444,-35.716114,-18.892,-38.93948,-26.0451,-44.006719,-34.6549,-50.431921,-41.1978,3425.701397,2176.7278,1.5738,true,0.05181,0.825941,0.774131,3.5425,0.781282,0.006257,0.317244,0.000283,0.069351,0.000018,0.033902,0.000009,0.041483,0.000006,48.6736,0.488738,0.604248,0.11551,0.783226,-0.071707,0.005703,0.000552,4076.835758,1704.0943,
104,109,false,102,105,0.6667,0,12,-12,3.241,-8.485901,-6.899,-1.5869,-4.7304,-22.603431,-17.0772,-34.459469,-17.7801,-37.929436,-24.9257,-43.209185,-33.7095,-49.734957,-40.2778,4140.476637,2225.4655,1.8605,true,0.070128,0.809317,0.739189,3.5041,0.826731,0.006838,0.28896,0.000299,0.082881,0.000017,0.032726,0.000009,0.043155,0.000007,49.6943,0.490614,0.599471,0.108857,0.785008,-0.061957,0.005186,0.00049533,4447.392151,1705.7708,
104,117,false,102,105,0.6667,0,11.3333,-11.3333,2.8092,-7.092157,-4.2592,-2.8329,-5.9907,-21.651026,-14.1229,-33.03319,-15.1442,-36.850758,-22.4014,-42.433284,-31.6733,-49.074313,-38.487,4941.337207,2389.8477,2.0676,true,0.10236,0.857564,0.755204,3.6894,0.797013,0.008664,0.267699,0.000468,0.076492,0.00003,0.031416,0.000007,0.043623,0.000006,43.2392,0.493293,0.603402,0.110109,0.787596,-0.05271,0.011546,0.00008733,4747.513822,1727.825,
104,124,false,102,105,0.6667,0,12.6667,-12.6667,2.7939,-5.782215,-1.5536,-4.2287,-8.2622,-20.714274,-11.2353,-31.653417,-11.8763,-35.883428,-19.3625,-41.824834,-28.7934,-48.571874,-35.6461,5677.882698,2565.6759,2.213,true,0.149055,0.892358,0.743303,3.4895,0.645375,0.009398,0.231474,0.0005,0.064146,0.000028,0.025117,0.000006,0.036784,0.000004,33.7855,0.496351,0.600037,0.103686,0.790567,-0.051641,0.003848,0.00010433,5028.521602,1685.055,
105,14,true,105,105,0,0,6,-6,13.5043,-22.475426,-41.5309,19.0554,13.1561,-33.224445,-66.9751,-47.047211,-51.7406,-49.532291,-55.1041,-53.918175,-62.305,-60.004303,-65.9807,443.788034,1015.3554,2.2879,true,0.001773,0.037631,0.035858,2.815,0.310543,0.00277,0.173124,0.001236,0.129868,0.000865,0.081996,0.000469,163.579036,0.000442,15666.4467,0.492088,0.894593,0.402505,0.788726,-0.0128,0.001595,-0.013097,1393.818938,2340.1971,
105,31,true,105,105,0,0,8,-8,6.0679,-19.458661,-32.2825,12.8238,9.5938,-30.751366,-48.8973,-44.632368,-41.9462,-47.292441,-49.8779,-51.755367,-56.5798,-57.906287,-63.2248,627.612946,1439.5028,2.2936,true,0.004194,0.440283,0.436089,2.239,0.204936,0.000645,0.111711,0.000261,0.083653,0.000157,0.041234,0.000079,116.281216,0.00008,11536.827,0.492305,0.747429,0.255124,0.788445,-0.12253,0.001818,-0.008179,1631.98332,1986.4449,
105,36,true,105,105,0,0,8,-8,6.9608,-18.654145,-29.4129,10.7588,7.1817,-30.111068,-45.6421,-43.97888,-39.457,-46.681686,-46.9725,-51.172593,-53.585,-57.345182,-60.2967,683.873395,1437.9869,2.1027,true,0.005185,0.452917,0.447732,2.1216,0.376503,0.000403,0.173482,0.000167,0.081936,0.000105,0.050015,0.000054,182.109565,0.000038,18143.0131,0.492552,0.66325,0.170698,0.788539,-0.152546,0.001627,-0.008334,1704.673141,1895.3595,
105,40,true,105,105,0,0,6,-6,8.3921,-18.033045,-24.886,6.853,2.4702,-29.620832,-44.8907,-43.474414,-34.4515,-46.202081,-41.2343,-50.718502,-48.4194,-56.909641,-55.2434,792.406099,1581.1335,1.9954,true,0.007531,0.558657,0.551126,2.6687,0.31946,0.000602,0.122813,0.000203,0.069165,0.000063,0.03746,0.000035,158.467528,0.000025,15808.2322,0.4928,0.528412,0.035612,0.788662,-0.191702,0.00184,-0.00011,1789.792157,1797.6346,
105,45,true,105,105,0,0,12,-12,7.2978,-17.232439,-22.3412,5.1088,1.2804,-29.035867,-32.7353,-42.857962,-32.8524,-45.630596,-39.0862,-50.167304,-46.6784,-56.380031,-53.6442,699.723098,1734.7154,2.4791,true,0.003803,0.691272,0.687469,3.0555,0.389324,0.000665,0.162402,0.000236,0.047652,0.000043,0.039663,0.000022,175.591895,0.000014,17535.6396,0.493086,0.497972,0.004886,0.788799,-0.197793,0.001882,-0.000212,1850.332747,1780.8431,
105,49,true,105,105,0,0,10,-10,7.491,-16.614806,-21.5073,4.8925,0.646,-28.581963,-32.6261,-42.364101,-31.8773,-45.161973,-38.0783,-49.731756,-45.6085,-55.96631,-52.5135,814.060451,1671.7074,2.0535,true,0.00706,0.650325,0.643265,2.9604,0.273947,0.000616,0.12294,0.000239,0.041274,0.000026,0.031017,0.000018,160.956655,0.000015,16072.5567,0.493429,0.486915,0.006514,0.789014,-0.200948,0.001887,-0.000217,1908.412185,1764.7172,
105,54,true,105,105,0,0,8,-8,8.1289,-15.912064,-20.32,4.408,-0.464,-28.034933,-35.2893,-41.764433,-29.8152,-44.594269,-36.4214,-49.198085,-43.9648,-55.459505,-50.7476,903.482537,1715.681,1.899,true,0.007807,0.655981,0.648174,2.9396,0.332041,0.000723,0.127882,0.000192,0.041452,0.000027,0.030722,0.000014,153.938399,0.000012,15376.3882,0.49385,0.47424,0.01961,0.789283,-0.204327,0.001839,-0.001761,2059.230431,1758.0208,
105,61,true,105,105,0,0,12,-12,7.0077,-15.020913,-18.5508,3.5299,-0.4265,-27.298031,-29.079,-40.931609,-28.922,-43.815275,-35.1318,-48.465447,-43.2697,-54.766592,-50.0034,966.077094,1886.8566,1.9531,true,0.005765,0.767715,0.76195,3.4877,0.426727,0.000867,0.172643,0.000195,0.034359,0.000024,0.030164,0.000011,191.148139,0.000009,19098.6251,0.494483,0.458344,0.036139,0.789713,-0.197351,0.002178,-0.00177,2343.494907,1753.099,
105,69,true,105,105,0,0,12,-12,6.5513,-13.919573,-16.229,2.3095,-1.0586,-26.481983,-27.2186,-39.977144,-26.4268,-42.910142,-32.9704,-47.637826,-41.8099,-53.993345,-47.8215,1275.63847,2045.6438,1.6036,true,0.00914,0.861113,0.851973,4.1119,0.497229,0.001111,0.206159,0.000217,0.034964,0.000017,0.022895,0.000008,179.256093,0.000007,17914.0695,0.495361,0.433806,0.061555,0.790368,-0.178162,0.002136,-0.001731,2780.548497,1733.8027,
105,77,true,105,105,0,0,12,-12,6.2439,-12.836831,-14.7764,1.9395,-1.54,-25.691448,-25.2423,-39.035663,-25.1328,-42.026051,-31.5359,-46.822905,-40.5136,-53.235781,-46.5398,1477.88775,2072.6188,1.4024,true,0.007428,0.862664,0.855236,4.1809,0.487105,0.001278,0.221261,0.000249,0.026641,0.000015,0.021753,0.000007,145.629667,0.000006,14555.2336,0.496184,0.418048,0.078136,0.791002,-0.158167,0.002159,-0.001687,3269.627777,1732.3406,
105,85,true,105,105,0,0,12,-12,6.0009,-11.749137,-12.7514,1.0023,-2.4031,-24.911409,-23.1106,-38.077043,-23.2558,-41.14301,-29.6133,-46.014681,-38.8423,-52.491765,-44.6767,1991.965553,2097.9795,1.0532,true,0.004343,0.837445,0.833102,4.3574,0.569884,0.001572,0.250909,0.000276,0.036386,0.000011,0.029102,0.000005,145.258691,0.000005,14519.6093,0.497016,0.400314,0.096702,0.791669,-0.132688,0.002183,-0.001688,3967.965275,1739.9271,
105,93,true,105,105,0,0,12,-12,5.824,-10.735012,-11.292,0.557,-2.7193,-24.118001,-22.0391,-37.043346,-21.6657,-40.193579,-28.1892,-45.20798,-37.7194,-51.761626,-43.6283,2670.544744,2191.7633,1.2184,true,0.012969,0.87173,0.858761,4.5158,0.54144,0.001865,0.234742,0.000297,0.044245,0.000008,0.024981,0.000005,108.925071,0.000005,10888.0631,0.498175,0.388642,0.109533,0.792652,-0.109622,0.002186,0.000207,4426.60676,1732.1113,
105,101,true,105,105,0,0,10,-10,5.0426,-9.705772,-8.4897,-1.2161,-3.7118,-23.298902,-19.2357,-35.895581,-19.1472,-39.1724,-25.9383,-44.406821,-35.9257,-51.047888,-41.7222,3483.128674,2367.1526,1.4714,true,0.03109,0.913546,0.882456,4.753,0.511443,0.003043,0.21902,0.000349,0.048556,0.00001,0.023219,0.000004,83.426933,0.000003,8341.1909,0.499781,0.374405,0.125376,0.794057,-0.073738,0.002198,0.000204,4783.855383,1728.694,
105,109,true,105,105,0,0,12,-12,4.4271,-8.605008,-6.6789,-1.9261,-4.1595,-22.453856,-17.4409,-34.611699,-17.4709,-38.118427,-24.436,-43.623641,-34.6949,-50.358703,-40.6559,4315.907253,2486.0526,1.736,true,0.052027,0.92504,0.873013,4.7537,0.504746,0.003318,0.215248,0.000367,0.055641,0.000009,0.024569,0.000004,61.177892,0.000003,6116.9541,0.501773,0.368479,0.133294,0.79583,-0.051178,0.002231,0.000124,5115.574073,1728.7646,
105,117,true,105,105,0,0,12,-12,3.9104,-7.378033,-4.091,-3.2871,-5.1768,-21.572283,-14.6831,-33.199856,-15.0383,-37.067033,-22.0911,-42.883615,-32.9375,-49.713204,-39.0831,5129.810024,2613.6534,1.9627,true,0.075205,0.938878,0.863673,5.0298,0.516115,0.004355,0.211564,0.00049,0.059458,0.000018,0.025811,0.000003,42.37347,0.000003,4237.0759,0.504128,0.364804,0.139324,0.797938,-0.037924,0.00229,0.000001,5450.133635,1763.4908,
105,124,true,105,105,0,0,12,-12,4.044,-6.280764,-1.5673,-4.7134,-7.7612,-20.746644,-11.5219,-31.808165,-11.8175,-36.146344,-18.895,-42.319218,-29.7887,-49.225861,-35.8997,5911.767129,2797.8343,2.113,true,0.106541,0.967811,0.86127,4.7208,0.51341,0.004139,0.240531,0.000421,0.06083,0.000014,0.026161,0.000002,29.207752,0.000002,2921.191,0.506755,0.352944,0.153811,0.800291,-0.03758,0.002384,0.000007,5665.268947,1678.1372,
106,14,false,105,108,0.3333,0,6,-6,10.8738,-22.180925,-36.8405,14.6595,8.9684,-32.973942,-59.0715,-47.140547,-46.6966,-49.747085,-51.2198,-54.296919,-58.4961,-60.630534,-62.0949,507.341741,1036.0297,2.0421,true,0.003089,0.029513,0.026424,2.7348,0.643935,0.007857,0.323228,0.003983,0.221038,0.002465,0.169215,0.001359,29.220279,0.000442,2799.2989,0.503416,0.917091,0.413675,0.799799,0.006815,0.001587,-0.005609,1355.887583,2233.3053,
106,31,false,105,108,0.3333,0,8,-8,5.7086,-19.147307,-29.4759,10.3286,6.3663,-30.504209,-45.0739,-44.712021,-39.3887,-47.511942,-47.0987,-52.137396,-53.7345,-58.533812,-60.2465,671.702391,1335.7151,1.9886,true,0.004971,0.303223,0.298252,2.0103,0.423006,0.002389,0.251671,0.00116,0.194344,0.000618,0.139648,0.000365,24.837605,0.00008,2465.0402,0.50367,0.804581,0.300911,0.799556,-0.06406,0.000397,-0.00046033,1609.376445,1963.3388,
106,36,false,105,108,0.3333,0,8.6667,-8.6667,6.8774,-18.372326,-26.9529,8.5805,4.6233,-29.867481,-41.3117,-44.07858,-37.364,-46.912908,-44.6524,-51.556965,-51.411,-57.973241,-57.9397,563.622596,1379.1553,2.4469,true,0.002423,0.317483,0.31506,2.1145,0.396789,0.001598,0.158389,0.000731,0.127506,0.000452,0.098496,0.000238,18.223795,0.000038,1816.4769,0.503845,0.753438,0.249593,0.799583,-0.075658,0.001565,-0.003937,1587.853778,1906.104,
106,40,false,105,108,0.3333,0,7.3333,-7.3333,8.4622,-17.778571,-23.4606,5.682,0.7387,-29.378049,-40.5722,-43.56507,-33.4402,-46.437186,-40.1369,-51.104627,-47.0741,-57.538189,-54.2062,616.015421,1472.8058,2.3909,true,0.003684,0.388476,0.384792,2.2697,0.417907,0.001991,0.21457,0.000784,0.179444,0.000275,0.131745,0.000168,18.289378,0.000025,1825.3744,0.504111,0.644047,0.139936,0.799715,-0.097345,0.001976,-0.00145,1612.28721,1826.856,
106,45,false,105,108,0.3333,0,11.3333,-11.3333,8.0947,-17.035253,-21.6286,4.5933,-0.2021,-28.792002,-32.2304,-42.935298,-32.1701,-45.852471,-38.2208,-50.551821,-45.5804,-57.009019,-52.6667,691.439269,1574.2626,2.2768,true,0.005822,0.47777,0.471948,2.6602,0.288024,0.002062,0.161653,0.000905,0.09801,0.000202,0.076428,0.000117,14.63482,0.000014,1462.4346,0.50448,0.621071,0.116591,0.799914,-0.11021,0.001982,0.00546167,1666.470783,1810.1631,
106,49,false,105,108,0.3333,0,8,-8,9.3397,-16.412804,-20.8021,4.3893,-1.4666,-28.343086,-34.9768,-42.468901,-30.8294,-45.403259,-36.6038,-50.119963,-43.8841,-56.595851,-51.2283,692.902843,1510.7399,2.1803,true,0.002842,0.448594,0.445752,2.5636,0.417828,0.001989,0.286442,0.000763,0.145615,0.000133,0.089355,0.000092,23.519272,0.000015,2349.4031,0.504707,0.615034,0.110327,0.800021,-0.116332,0.002393,0.00675967,1858.117038,1785.7855,
106,54,false,105,108,0.3333,0,8.6667,-8.6667,9.087,-15.658168,-19.6537,3.9955,-1.9867,-27.795634,-32.842,-41.849777,-29.4563,-44.833643,-35.3718,-49.587701,-42.8317,-56.08968,-50.2197,798.455104,1578.3024,1.9767,true,0.004995,0.454925,0.44993,2.7059,0.377928,0.002007,0.23001,0.000623,0.128664,0.00014,0.115147,0.000075,26.195465,0.000012,2617.4056,0.505197,0.615611,0.110414,0.800335,-0.110772,0.001687,-0.00009733,1931.966376,1790.2783,
106,61,false,105,108,0.3333,0,9.3333,-9.3333,9.1596,-14.70633,-18.2034,3.4971,-2.3199,-27.059954,-37.0624,-41.018198,-28.1622,-44.048668,-33.9133,-48.854972,-41.7658,-55.39763,-49.3655,791.57702,1674.8331,2.1158,true,0.006254,0.530059,0.523805,3.0463,0.405956,0.002094,0.254171,0.000556,0.187392,0.000114,0.118636,0.000057,65.722374,0.000009,6567.3268,0.50587,0.598437,0.092567,0.800778,-0.103926,0.001504,0.00472533,1876.01909,1777.9402,
106,69,false,105,108,0.3333,0,10.6667,-10.6667,7.5103,-13.632259,-16.1465,2.5142,-2.1805,-26.252089,-27.0335,-40.088898,-26.4042,-43.17139,-32.4981,-48.033332,-41.0836,-54.625126,-48.129,730.515686,1810.3196,2.4781,true,0.003321,0.600597,0.597276,3.7235,0.42,0.002647,0.220743,0.00064,0.132125,0.000087,0.094509,0.000047,107.178851,0.000007,10711.3871,0.506612,0.617963,0.111351,0.801287,-0.075097,0.002196,0.005295,2029.42265,1783.2048,
106,77,false,105,108,0.3333,0,12,-12,6.1484,-12.614019,-14.7841,2.1701,-2.0794,-25.454777,-24.7361,-39.113608,-25.334,-42.26474,-31.5351,-47.217701,-40.369,-53.868407,-46.991,1227.415643,1869.9413,1.5235,true,0.008679,0.613793,0.605114,3.881,0.442706,0.002992,0.26875,0.000643,0.158967,0.00008,0.122777,0.000039,198.814507,0.000006,19870.5284,0.507688,0.626915,0.119227,0.802106,-0.041759,0.002366,0.00168567,2551.588966,1792.7056,
106,85,false,105,108,0.3333,0,11.3333,-11.3333,5.9969,-11.701078,-12.9784,1.2773,-2.6392,-24.681774,-23.1831,-38.197066,-23.5713,-41.383297,-29.9603,-46.411253,-39.0027,-53.124503,-45.4038,1321.130538,1905.0807,1.442,true,0.006142,0.599567,0.593425,4.0145,0.423465,0.003323,0.200973,0.000651,0.12072,0.000056,0.090797,0.000034,247.387983,0.000005,24727.4346,0.508419,0.631247,0.122828,0.802655,-0.014466,0.00198,0.005814,2918.098103,1802.5876,
106,93,false,105,108,0.3333,0,11.3333,-11.3333,5.8456,-10.803178,-11.2316,0.4284,-2.967,-23.913935,-21.8393,-37.263875,-22.1983,-40.502734,-28.5629,-45.611948,-37.8757,-52.392988,-44.0986,1647.418956,1987.7844,1.2066,true,0.002035,0.621915,0.61988,4.2036,0.604021,0.003804,0.222312,0.00063,0.101255,0.000045,0.063932,0.000029,324.771239,0.000005,32461.893,0.509078,0.621937,0.112859,0.803162,0.013944,0.00077,0.00797633,3684.240909,1805.796,
106,101,false,105,108,0.3333,0,10.6667,-10.6667,5.2105,-9.827882,-8.56,-1.2679,-3.7844,-23.115891,-19.2366,-36.224474,-19.9847,-39.572882,-26.6166,-44.816553,-36.2629,-51.675904,-42.5469,2259.537704,2153.2544,1.0494,true,0.008124,0.663641,0.655517,4.4026,0.652094,0.00583,0.238647,0.000699,0.057766,0.000047,0.058865,0.000022,319.918759,0.000003,31983.2809,0.510329,0.60753,0.097201,0.80418,0.056591,0.00024,0.00819367,3991.628349,1817.5011,
106,109,false,105,108,0.3333,0,11.3333,-11.3333,4.6662,-8.691004,-6.5191,-2.1719,-4.2112,-22.273348,-17.3519,-35.090201,-18.0428,-38.587675,-24.9492,-44.029882,-35.0494,-50.977362,-41.5672,2882.927431,2294.6015,1.2564,true,0.022571,0.69072,0.668149,4.658,0.595189,0.006993,0.251884,0.000765,0.024825,0.00004,0.038138,0.00002,239.43542,0.000003,23937.3608,0.512282,0.616101,0.103819,0.805808,0.081656,0.000557,0.00884033,4213.290201,1832.2854,
106,117,false,105,108,0.3333,0,12,-12,4.0012,-7.553654,-3.8046,-3.7491,-5.0905,-21.382756,-14.5666,-33.896404,-15.5418,-37.568487,-22.7831,-43.262736,-33.4029,-50.304195,-40.5105,3493.632775,2472.0189,1.4133,true,0.03994,0.746493,0.706553,4.9256,0.55314,0.009086,0.261457,0.000928,0.018393,0.000055,0.035922,0.000014,182.427577,0.000003,18238.2862,0.514718,0.630124,0.115406,0.807856,0.104869,0.000548,0.00903733,4403.552276,1871.6308,
106,124,false,105,108,0.3333,0,12.6667,-12.6667,3.6731,-6.541424,-1.5476,-4.9938,-7.1415,-20.556246,-11.8191,-32.809787,-13.0715,-36.658706,-20.2194,-42.621365,-30.7106,-49.746673,-37.9487,3993.803574,2607.1831,1.5318,true,0.056824,0.765998,0.709174,4.5286,0.499658,0.00904,0.262675,0.00083,0.015702,0.000047,0.033253,0.000011,127.933037,0.000002,12791.7454,0.517169,0.625888,0.108719,0.809923,0.102882,0.000623,0.00883767,4530.788516,1822.4917,
107,14,false,105,108,0.6667,0,6,-6,8.2628,-21.89225,-32.1501,10.2578,4.7567,-32.744001,-51.168,-47.279366,-41.6526,-49.994773,-47.3355,-54.699694,-54.6871,-61.279525,-58.209,389.702434,1057.1249,2.7126,true,0.001395,0.021395,0.02,3.0579,0.458424,0.022286,0.311712,0.012836,0.216236,0.007024,0.157933,0.003941,,0.000442,14.5087,0.514755,0.93959,0.424835,0.810534,0.026431,-0.001602,0.001879,1289.910604,2131.296,
107,31,false,105,108,0.6667,0,8,-8,5.9274,-18.873367,-26.6694,7.796,3.1156,-30.279213,-41.2504,-44.849171,-36.8312,-47.767637,-44.3194,-52.542776,-50.8891,-59.183046,-57.2683,439.494817,1239.4105,2.8201,true,0.001591,0.166163,0.164572,1.7945,0.661308,0.00885,0.4029,0.005155,0.267881,0.002434,0.185363,0.001684,,0.00008,35.6138,0.514981,0.861732,0.346751,0.810274,-0.00559,-0.000223,0.00725833,1423.408745,1940.5015,
107,36,false,105,108,0.6667,0,9.3333,-9.3333,6.7945,-18.092991,-24.4928,6.3998,2.0446,-29.640028,-36.9813,-44.192787,-35.2711,-47.15776,-42.3323,-51.961594,-49.2369,-58.622373,-55.5828,551.816831,1322.7306,2.397,true,0.003348,0.18205,0.178702,2.1008,0.402518,0.006337,0.238696,0.003203,0.178155,0.001945,0.122257,0.001049,,0.000038,25.2505,0.515274,0.843625,0.328351,0.810393,0.00123,0.004168,0.00046,1484.89611,1916.9095,
107,40,false,105,108,0.6667,0,8.6667,-8.6667,8.5381,-17.490692,-22.0351,4.5444,-1.0129,-29.154246,-36.2537,-43.692833,-32.4289,-46.689233,-39.0395,-51.510867,-45.7287,-58.18768,-53.169,554.197337,1371.8999,2.4755,true,0.002476,0.218294,0.215818,1.8676,0.463193,0.006586,0.21717,0.003024,0.221835,0.001199,0.129639,0.000807,,0.000025,28.5289,0.515466,0.759681,0.244215,0.810458,-0.002989,-0.005765,-0.00279,1566.977423,1856.5524,
107,45,false,105,108,0.6667,0,10.6667,-10.6667,8.9276,-16.780173,-20.9159,4.1357,-1.7078,-28.569848,-31.7255,-43.065573,-31.4878,-46.110243,-37.3555,-50.959443,-44.4824,-57.658796,-51.6892,646.558853,1428.651,2.2096,true,0.002715,0.264267,0.261552,2.2777,0.402455,0.006396,0.202804,0.00347,0.1648,0.000945,0.102288,0.000627,,0.000014,25.1565,0.51582,0.744171,0.228351,0.810636,-0.022627,-0.010629,0.01113533,1757.291903,1839.9659,
107,49,false,105,108,0.6667,0,6,-6,11.1812,-16.24048,-20.097,3.8565,-3.5981,-28.118247,-37.3274,-42.577361,-29.7815,-45.648778,-35.1293,-50.527135,-42.1597,-57.245723,-49.9432,684.611446,1365.2719,1.9942,true,0.00445,0.246864,0.242414,2.152,0.487408,0.006419,0.26235,0.002438,0.192212,0.000678,0.193863,0.000474,,0.000015,30.2943,0.516169,0.743153,0.226984,0.810835,-0.031716,0.005655,0.01373633,1714.932961,1807.1053,
107,54,false,105,108,0.6667,0,9.3333,-9.3333,10.0611,-15.471497,-18.9874,3.5159,-3.5293,-27.577669,-30.3946,-41.986196,-29.0974,-45.094707,-34.3221,-49.997163,-41.6986,-56.74009,-49.6917,622.973982,1451.924,2.3306,true,0.002436,0.253869,0.251433,2.4741,0.37713,0.005573,0.224843,0.002023,0.12074,0.00073,0.123641,0.000398,,0.000012,24.8585,0.516505,0.756983,0.240478,0.811009,-0.017217,0.000974,0.00156633,1781.087581,1823.1276,
107,61,false,105,108,0.6667,0,6.6667,-6.6667,11.3427,-14.436854,-17.8561,3.4192,-4.2349,-26.841325,-45.0457,-41.141503,-27.4025,-44.307722,-32.6947,-49.266198,-40.262,-56.048517,-48.7276,831.196087,1486.6344,1.7885,true,0.004304,0.292402,0.288098,2.6088,0.427479,0.005058,0.181507,0.001586,0.12568,0.000539,0.096028,0.000297,,0.000009,29.0523,0.517257,0.738531,0.221274,0.811496,-0.0105,-0.00107,0.01122067,2010.528829,1803.1333,
107,69,false,105,108,0.6667,0,9.3333,-9.3333,8.4571,-13.427466,-16.0639,2.6364,-3.3191,-26.034884,-26.8484,-40.212242,-26.3815,-43.42196,-32.0259,-48.445579,-40.3572,-55.276965,-48.4366,974.241119,1602.0664,1.6444,true,0.004507,0.34008,0.335573,3.3077,0.396094,0.006305,0.148832,0.001889,0.08267,0.000448,0.09739,0.000282,,0.000007,24.9057,0.518044,0.802121,0.284077,0.812017,0.027968,-0.005688,0.012321,2267.883897,1834.0145,
107,77,false,105,108,0.6667,0,12,-12,6.1097,-12.348212,-14.7918,2.4436,-2.6414,-25.251406,-24.23,-39.278011,-25.5353,-42.549647,-31.5343,-47.635165,-40.2244,-54.520918,-47.4421,1011.939558,1687.0832,1.6672,true,0.002439,0.364922,0.362483,3.6046,0.449376,0.007005,0.147941,0.001658,0.042124,0.000424,0.084322,0.00022,,0.000006,27.0142,0.518839,0.835781,0.316942,0.812569,0.07465,-0.00006,0.00505833,2563.038504,1855.174,
107,85,false,105,108,0.6667,0,10.6667,-10.6667,6.0214,-11.384853,-13.2054,1.8205,-2.8962,-24.463777,-23.2556,-38.29714,-23.8867,-41.635326,-30.3073,-46.828584,-39.1631,-53.778231,-46.1308,1352.726015,1729.918,1.2788,true,0.007971,0.361689,0.353718,3.6626,0.359847,0.007023,0.129036,0.001534,0.029534,0.000282,0.080266,0.000229,,0.000005,21.7264,0.520041,0.862181,0.34214,0.813477,0.103756,0.00863,0.013316,2807.321571,1867.5048,
107,93,false,105,108,0.6667,0,10.6667,-10.6667,5.8289,-10.492545,-11.1712,0.6787,-3.2298,-23.69808,-21.6395,-37.372551,-22.7308,-40.750471,-28.9367,-46.031124,-38.032,-53.047706,-44.5689,1670.65516,1802.7891,1.0791,true,0.006535,0.3721,0.365565,3.8147,0.37036,0.007758,0.121181,0.001335,0.018048,0.000253,0.082435,0.000169,,0.000005,21.4186,0.520738,0.855232,0.334494,0.813986,0.137511,0.008841,0.01574567,3353.478128,1882.6152,
107,101,false,105,108,0.6667,0,11.3333,-11.3333,5.3554,-9.613473,-8.6303,-0.9832,-3.8727,-22.937859,-19.2376,-36.441953,-20.8223,-39.883447,-27.2948,-45.241963,-36.6,-52.330282,-43.3717,1916.926611,1958.6843,1.0218,true,0.002556,0.413737,0.411181,3.9467,0.404205,0.011168,0.119703,0.001399,0.018436,0.000217,0.079629,0.00012,,0.000003,19.5672,0.521212,0.840654,0.319442,0.814318,0.18692,0.007488,0.01618333,4043.844893,1910.8704,
107,109,false,105,108,0.6667,0,10.6667,-10.6667,4.9451,-8.544329,-6.3593,-2.185,-4.2894,-22.147403,-17.2629,-35.425694,-18.6148,-38.982655,-25.4623,-44.462554,-35.4039,-51.630358,-42.4785,2433.012164,2117.894,1.1488,true,0.004769,0.4564,0.451631,4.4617,0.401185,0.014737,0.119707,0.001594,0.019494,0.000178,0.072483,0.0001,,0.000003,16.6223,0.522232,0.863724,0.341492,0.815099,0.214491,0.009012,0.01755667,4531.624824,1942.0052,
107,117,false,105,108,0.6667,0,12,-12,4.3319,-7.454548,-3.5182,-3.9363,-5.0655,-21.312126,-14.45,-34.315036,-16.0452,-38.044593,-23.4751,-43.703157,-33.8684,-50.956781,-41.9379,3125.166957,2338.0596,1.3366,true,0.013943,0.554108,0.540165,4.7348,0.402074,0.018958,0.117358,0.001758,0.01947,0.00017,0.069772,0.000068,,0.000003,14.23,0.52397,0.895445,0.371475,0.816453,0.247661,0.00906,0.01807367,4862.264607,1986.4021,
107,124,false,105,108,0.6667,0,13.3333,-13.3333,3.4688,-6.529467,-1.5279,-5.0016,-6.6792,-20.553008,-12.1164,-33.306405,-14.3254,-37.243465,-21.5437,-43.080997,-31.6325,-50.407416,-39.9977,3743.54679,2429.5233,1.5409,true,0.024638,0.564184,0.539546,4.2513,0.415844,0.019744,0.114619,0.001636,0.017865,0.00016,0.063997,0.000057,,0.000002,14.3169,0.525777,0.898833,0.373056,0.81784,0.243343,-0.001305,0.01766833,5220.332684,1979.2636,
108,14,true,108,108,0,0,6,-6,7.1768,-21.651976,-27.4597,5.8077,0.5112,-32.519862,-43.2644,-47.438971,-36.6086,-50.274434,-43.4512,-55.136188,-50.8781,-61.969092,-54.3232,328.964234,1078.6497,3.2789,true,0.000902,0.013277,0.012375,3.3879,0.418825,0.063212,0.265979,0.041364,0.152527,0.020016,88.91535,0.011423,,,4150.9289,0.526135,0.962088,0.435953,0.820949,0.046046,0.002263,0.009367,1193.83617,2033.946,
108,31,true,108,108,0,0,8,-8,6.6736,-18.670242,-23.8629,5.1926,-0.1669,-30.057576,-37.427,-44.991886,-34.2737,-48.046302,-41.5402,-52.979882,-48.0437,-59.871734,-54.29,511.149705,1150.0494,2.2499,true,0.001994,0.029103,0.027109,1.57,0.344238,0.03278,0.168888,0.022909,0.142498,0.009584,131.966406,0.007774,,,7425.2507,0.526397,0.918884,0.392487,0.820723,0.05288,-0.001245,0.014977,1537.962488,1917.9299,
108,36,true,108,108,0,0,10,-10,6.7551,-17.853591,-22.0327,4.1791,-0.5682,-29.422026,-32.6509,-44.352382,-33.1781,-47.44743,-40.0122,-52.400386,-47.0629,-59.311006,-53.2259,431.036732,1268.6144,2.9432,true,0.001153,0.046616,0.045463,2.0977,0.268545,0.025129,0.11602,0.01403,0.087817,0.008371,129.796228,0.004624,,,8876.2464,0.526605,0.933813,0.407208,0.82077,0.078118,0.000783,0.004857,1478.670424,1927.7762,
108,40,true,108,108,0,0,10,-10,8.6359,-17.229889,-20.6096,3.3798,-2.7964,-28.93506,-31.9353,-43.831362,-31.4175,-46.971832,-37.9421,-51.949104,-44.3834,-58.876202,-52.1318,549.188446,1277.9074,2.3269,true,0.002214,0.048113,0.045899,1.464,0.345536,0.021786,0.186434,0.011674,0.102679,0.005229,178.657474,0.003878,,,12874.1515,0.526874,0.875316,0.348442,0.820892,0.091368,-0.000966,-0.00413,1608.430844,1886.7316,
108,45,true,108,108,0,0,10,-10,9.7818,-16.513506,-20.2032,3.6897,-3.2449,-28.352772,-31.2206,-43.220741,-30.8055,-46.396296,-36.4901,-51.398568,-43.3844,-58.347267,-50.7117,536.046195,1296.5077,2.4186,true,0.002142,0.050765,0.048623,1.892,0.470547,0.019834,0.1906,0.013305,0.0996,0.004429,211.128606,0.003349,,,15816.8107,0.527187,0.86727,0.340083,0.821028,0.064956,-0.000948,0.016809,1600.044905,1870.2594,
108,49,true,108,108,0,0,4,-4,13.0703,-15.988049,-19.3919,3.4038,-5.7635,-27.905106,-39.678,-42.735268,-28.7336,-45.946086,-33.6549,-50.968089,-40.4353,-57.934232,-48.658,453.892546,1233.8108,2.7183,true,0.001161,0.045133,0.043972,1.7585,0.356111,0.020722,0.150281,0.007787,0.085935,0.003459,196.654222,0.00243,,,15821.7395,0.527461,0.871272,0.343811,0.821158,0.0529,-0.000951,0.020713,1571.273414,1828.6796,
108,54,true,108,108,0,0,10,-10,11.0457,-15.306914,-18.3211,3.0141,-5.1018,-27.359481,-27.9472,-42.115301,-28.7385,-45.37241,-33.2725,-50.436603,-40.5656,-57.428681,-49.1637,698.475285,1335.6649,1.9123,true,0.004021,0.052813,0.048792,2.2289,0.414814,0.015474,0.1406,0.006569,0.075465,0.003793,179.022051,0.002126,,,14764.3123,0.527982,0.898354,0.370372,0.821469,0.076338,0.001705,0.00323,1799.165316,1856.5798,
108,61,true,108,108,0,0,4,-4,13.5599,-14.231076,-17.5087,3.2776,-6.182,-26.633526,-53.0291,-41.314796,-26.6427,-44.611726,-31.4762,-49.709479,-38.7582,-56.737194,-48.0896,496.571025,1319.5833,2.6574,true,0.000924,0.054746,0.053822,2.3038,0.357514,0.012218,0.086819,0.004523,0.058994,0.002553,192.758828,0.001545,,,16697.17,0.528487,0.878624,0.350137,0.821737,0.082925,0.002068,0.017716,1831.981921,1828.6835,
108,69,true,108,108,0,0,8,-8,9.4345,-13.152899,-15.9813,2.8284,-4.4885,-25.820962,-26.6633,-40.342403,-26.3588,-43.709113,-31.5536,-48.888644,-39.6309,-55.96617,-48.7441,854.398148,1417.7699,1.6594,true,0.005061,0.079564,0.074503,2.8977,0.311452,0.015021,0.075854,0.005572,0.045786,0.0023,157.193236,0.001671,,,13469.5601,0.529514,0.986278,0.456764,0.822424,0.131033,-0.000629,0.019347,2163.620884,1886.272,
108,77,true,108,108,0,0,12,-12,6.0735,-12.162482,-14.7996,2.6371,-3.2317,-25.044773,-23.7239,-39.443207,-25.7366,-42.844396,-31.5335,-48.080866,-40.0799,-55.210773,-47.8933,973.150633,1522.1065,1.5641,true,0.002401,0.116051,0.11365,3.3099,0.332586,0.0164,0.078105,0.00428,0.039856,0.002258,155.067333,0.001237,,,13800.5992,0.530182,1.044648,0.514466,0.822848,0.191058,-0.000631,0.008431,2623.570975,1919.8193,
108,85,true,108,108,0,0,10,-10,6.1048,-11.089147,-13.4323,2.3432,-3.1868,-24.271455,-23.3281,-38.495886,-24.2022,-41.960613,-30.6543,-47.27966,-39.3235,-54.468915,-46.8579,1291.68999,1570.8607,1.2161,true,0.002398,0.123811,0.121413,3.3502,0.342964,0.014844,0.082876,0.003617,0.041128,0.001427,132.255951,0.001548,,,11453.5808,0.53109,1.093114,0.562024,0.823484,0.221978,-0.000646,0.020818,3109.442461,1934.7598,
108,93,true,108,108,0,0,10,-10,5.8635,-10.149542,-11.1109,0.9613,-3.5244,-23.485583,-21.4397,-37.493363,-23.2633,-41.03835,-29.3104,-46.482,-38.1884,-53.740302,-45.0393,1760.661194,1635.0106,1.0769,true,0.007955,0.122285,0.11433,3.4343,0.326872,0.015824,0.078643,0.00283,0.03909,0.001421,99.427487,0.000982,,,9054.5881,0.53238,1.088527,0.556147,0.824441,0.261077,-0.000659,0.023515,3416.352826,1962.7024,
108,101,true,108,108,0,0,12,-12,5.5,-9.298535,-8.7006,-0.598,-3.9872,-22.710046,-19.2385,-36.524175,-21.6599,-40.131601,-27.9731,-45.693629,-36.9372,-53.024668,-44.1964,2220.947886,1781.6958,1.2465,true,0.0093,0.163832,0.154532,3.402,0.33459,0.021396,0.080639,0.002802,0.043686,0.001008,81.546102,0.000654,,,7654.9748,0.53332,1.073779,0.540459,0.825124,0.317249,-0.000677,0.024173,3868.236725,2009.0363,
108,109,true,108,108,0,0,10,-10,5.2066,-8.455884,-6.1995,-2.2564,-4.3908,-21.933935,-17.1739,-35.546371,-19.1867,-39.237103,-25.9755,-44.918515,-35.7584,-52.326063,-43.3898,2787.458983,1954.7948,1.426,true,0.008832,0.22208,0.213248,4.1015,0.333013,0.031058,0.079093,0.003321,0.045416,0.000794,65.639611,0.0005,,,6252.3439,0.534099,1.111346,0.577247,0.825676,0.347325,-0.000697,0.026273,4523.010889,2058.2952,
108,117,true,108,108,0,0,12,-12,4.5578,-7.271235,-3.2319,-4.0394,-5.0684,-21.127343,-14.3335,-34.506834,-16.5487,-38.338808,-24.167,-44.17146,-34.3338,-51.658324,-43.3654,3531.248073,2211.3597,1.5969,true,0.011432,0.361723,0.350291,4.3341,0.328287,0.039555,0.076449,0.003331,0.04146,0.000523,49.544207,0.000323,,,4800.3688,0.535179,1.160765,0.625586,0.826456,0.390454,-0.000728,0.02711,5204.748874,2108.2114,
108,124,true,108,108,0,0,14,-14,3.3982,-6.180528,-1.5082,-4.6724,-6.2758,-20.382694,-12.4136,-33.542517,-15.5793,-37.596,-22.8681,-43.599504,-32.5544,-51.145411,-42.0467,4410.547216,2263.9697,1.9481,true,0.018701,0.362371,0.34367,3.6829,0.316612,0.043123,0.073892,0.003225,0.038099,0.000543,40.593745,0.000303,,,3940.9633,0.536393,1.171777,0.635384,0.827326,0.383805,-0.000752,0.026499,5774.168625,2149.5211,
